SUBJECT,LEVEL,COURSE,DOMAIN,CHAPTER,NOTION_ID,NOTION_TITLE,PROOF_STATUS,SOURCE,EXERCISES_COUNT,QUIZ_COUNT,QA_STATUS
MATHS,CP,COMMON,Espace et géométrie,La géométrie plane,MATHS.CP.EG.construire-un-carre-un-rectangle-un-triangle-ou-un-assemblage-de-ces-f,"Construire un carré, un rectangle, un triangle ou un assemblage de ces figures sur du papier quadrillé ou pointé",PROVEN_OFFICIAL,SRC-C2-MATHS-2025 | BO n°41 du 31 octobre 2024 — annexe 4 — NOR MENE2415135A,0,0,NO_CONTENT
MATHS,CP,COMMON,Espace et géométrie,La géométrie plane,MATHS.CP.EG.donner-une-premiere-description-du-carre-du-rectangle-du-triangle-en-u,"Donner une première description du carré, du rectangle, du triangle en utilisant les termes « sommet » et « côté »",PROVEN_OFFICIAL,SRC-C2-MATHS-2025 | BO n°41 du 31 octobre 2024 — annexe 4 — NOR MENE2415135A,0,0,NO_CONTENT
MATHS,CP,COMMON,Espace et géométrie,La géométrie plane,MATHS.CP.EG.nommer-le-disque-le-carre-le-rectangle-et-le-triangle,"Nommer le disque, le carré, le rectangle et le triangle",PROVEN_OFFICIAL,SRC-C2-MATHS-2025 | BO n°41 du 31 octobre 2024 — annexe 4 — NOR MENE2415135A,0,0,NO_CONTENT
MATHS,CP,COMMON,Espace et géométrie,La géométrie plane,MATHS.CP.EG.reconnaitre-des-formes-planes-disque-carre-rectangle-et-triangle-dans,"Reconnaitre des formes planes (disque, carré, rectangle et triangle) dans un assemblage et dans son environnement proche",PROVEN_OFFICIAL,SRC-C2-MATHS-2025 | BO n°41 du 31 octobre 2024 — annexe 4 — NOR MENE2415135A,0,0,NO_CONTENT
MATHS,CP,COMMON,Espace et géométrie,La géométrie plane,MATHS.CP.EG.reperer-visuellement-des-alignements,Repérer visuellement des alignements,PROVEN_OFFICIAL,SRC-C2-MATHS-2025 | BO n°41 du 31 octobre 2024 — annexe 4 — NOR MENE2415135A,0,0,NO_CONTENT
MATHS,CP,COMMON,Espace et géométrie,La géométrie plane,MATHS.CP.EG.utiliser-la-regle-comme-instrument-de-trace,Utiliser la règle comme instrument de tracé,PROVEN_OFFICIAL,SRC-C2-MATHS-2025 | BO n°41 du 31 octobre 2024 — annexe 4 — NOR MENE2415135A,0,0,NO_CONTENT
MATHS,CP,COMMON,Espace et géométrie,La géométrie plane,MATHS.CP.EG.utiliser-la-regle-pour-reperer-ou-verifier-des-alignements,Utiliser la règle pour repérer ou vérifier des alignements,PROVEN_OFFICIAL,SRC-C2-MATHS-2025 | BO n°41 du 31 octobre 2024 — annexe 4 — NOR MENE2415135A,0,0,NO_CONTENT
MATHS,CP,COMMON,Espace et géométrie,Le repérage dans l’espace,MATHS.CP.EG.connaitre-et-utiliser-le-vocabulaire-lie-aux-positions-relatives,Connaitre et utiliser le vocabulaire lié aux positions relatives,PROVEN_OFFICIAL,SRC-C2-MATHS-2025 | BO n°41 du 31 octobre 2024 — annexe 4 — NOR MENE2415135A,0,0,NO_CONTENT
MATHS,CP,COMMON,Espace et géométrie,Le repérage dans l’espace,MATHS.CP.EG.construire-et-reproduire-des-assemblages-de-solides-a-partir-dun-model,Construire et reproduire des assemblages de solides à partir d’un modèle en trois dimensions ou de représentations planes,PROVEN_OFFICIAL,SRC-C2-MATHS-2025 | BO n°41 du 31 octobre 2024 — annexe 4 — NOR MENE2415135A,0,0,NO_CONTENT
MATHS,CP,COMMON,Espace et géométrie,Le repérage dans l’espace,MATHS.CP.EG.construire-et-utiliser-des-representations-de-la-classe-pour-localiser,"Construire et utiliser des représentations de la classe pour localiser, mémoriser et communiquer un emplacement",PROVEN_OFFICIAL,SRC-C2-MATHS-2025 | BO n°41 du 31 octobre 2024 — annexe 4 — NOR MENE2415135A,0,0,NO_CONTENT
MATHS,CP,COMMON,Espace et géométrie,Le repérage dans l’espace,MATHS.CP.EG.construire-et-utiliser-un-plan-de-la-classe-pour-communiquer-un-deplac,Construire et utiliser un plan de la classe pour communiquer un déplacement,PROVEN_OFFICIAL,SRC-C2-MATHS-2025 | BO n°41 du 31 octobre 2024 — annexe 4 — NOR MENE2415135A,0,0,NO_CONTENT
MATHS,CP,COMMON,Espace et géométrie,Le repérage dans l’espace,MATHS.CP.EG.se-deplacer-et-decrire-des-deplacements-dans-la-classe-en-sorientant-e,Se déplacer et décrire des déplacements dans la classe en s’orientant et en utilisant des repères,PROVEN_OFFICIAL,SRC-C2-MATHS-2025 | BO n°41 du 31 octobre 2024 — annexe 4 — NOR MENE2415135A,0,0,NO_CONTENT
MATHS,CP,COMMON,Espace et géométrie,Le repérage dans l’espace,MATHS.CP.EG.situer-des-personnes-ou-des-objets-les-uns-par-rapport-aux-autres-ou-p,Situer des personnes ou des objets les uns par rapport aux autres ou par rapport à d’autres repères dans la classe,PROVEN_OFFICIAL,SRC-C2-MATHS-2025 | BO n°41 du 31 octobre 2024 — annexe 4 — NOR MENE2415135A,0,0,NO_CONTENT
MATHS,CP,COMMON,Espace et géométrie,Le repérage dans l’espace,MATHS.CP.EG.utiliser-et-produire-une-suite-dinstructions-qui-codent-un-deplacement,Utiliser et produire une suite d’instructions qui codent un déplacement en utilisant un vocabulaire spatial précis,PROVEN_OFFICIAL,SRC-C2-MATHS-2025 | BO n°41 du 31 octobre 2024 — annexe 4 — NOR MENE2415135A,0,0,NO_CONTENT
MATHS,CP,COMMON,Espace et géométrie,Les solides,MATHS.CP.EG.construire-des-cubes-et-des-paves,Construire des cubes et des pavés,PROVEN_OFFICIAL,SRC-C2-MATHS-2025 | BO n°41 du 31 octobre 2024 — annexe 4 — NOR MENE2415135A,0,0,NO_CONTENT
MATHS,CP,COMMON,Espace et géométrie,Les solides,MATHS.CP.EG.decrire-un-cube-ou-un-pave-en-utilisant-le-terme-face,Décrire un cube ou un pavé en utilisant le terme « face »,PROVEN_OFFICIAL,SRC-C2-MATHS-2025 | BO n°41 du 31 octobre 2024 — annexe 4 — NOR MENE2415135A,0,0,NO_CONTENT
MATHS,CP,COMMON,Espace et géométrie,Les solides,MATHS.CP.EG.nommer-un-cube-un-pave-et-une-boule,"Nommer un cube, un pavé et une boule",PROVEN_OFFICIAL,SRC-C2-MATHS-2025 | BO n°41 du 31 octobre 2024 — annexe 4 — NOR MENE2415135A,0,0,NO_CONTENT
MATHS,CP,COMMON,Espace et géométrie,Les solides,MATHS.CP.EG.reconnaitre-les-solides-usuels-suivants-cube-boule-cone-cylindre-pave,"Reconnaitre les solides usuels suivants : cube, boule, cône, cylindre, pavé",PROVEN_OFFICIAL,SRC-C2-MATHS-2025 | BO n°41 du 31 octobre 2024 — annexe 4 — NOR MENE2415135A,0,0,NO_CONTENT
MATHS,CP,COMMON,Grandeurs et mesures,La monnaie,MATHS.CP.GM.comparer-les-valeurs-de-deux-ensembles-constitues-de-pieces-de-monnaie,Comparer les valeurs de deux ensembles constitués de pièces de monnaie ou de deux ensembles constitués de pièces et de billets,PROVEN_OFFICIAL,SRC-C2-MATHS-2025 | BO n°41 du 31 octobre 2024 — annexe 4 — NOR MENE2415135A,0,0,NO_CONTENT
MATHS,CP,COMMON,Grandeurs et mesures,La monnaie,MATHS.CP.GM.constituer-une-somme-dargent-donnee-avec-des-pieces-et-des-billets,Constituer une somme d’argent donnée avec des pièces et des billets,PROVEN_OFFICIAL,SRC-C2-MATHS-2025 | BO n°41 du 31 octobre 2024 — annexe 4 — NOR MENE2415135A,0,0,NO_CONTENT
MATHS,CP,COMMON,Grandeurs et mesures,La monnaie,MATHS.CP.GM.determiner-la-valeur-en-euro-dun-ensemble-constitue-de-pieces-et-de-bi,Déterminer la valeur en euro d’un ensemble constitué de pièces et de billets,PROVEN_OFFICIAL,SRC-C2-MATHS-2025 | BO n°41 du 31 octobre 2024 — annexe 4 — NOR MENE2415135A,0,0,NO_CONTENT
MATHS,CP,COMMON,Grandeurs et mesures,La monnaie,MATHS.CP.GM.simuler-des-achats-en-manipulant-des-pieces-et-des-billets-fictifs-ren,Simuler des achats en manipulant des pièces et des billets fictifs. Rendre la monnaie,PROVEN_OFFICIAL,SRC-C2-MATHS-2025 | BO n°41 du 31 octobre 2024 — annexe 4 — NOR MENE2415135A,0,0,NO_CONTENT
MATHS,CP,COMMON,Grandeurs et mesures,La monnaie,MATHS.CP.GM.utiliser-le-lexique-specifique-lie-a-la-monnaie,Utiliser le lexique spécifique lié à la monnaie,PROVEN_OFFICIAL,SRC-C2-MATHS-2025 | BO n°41 du 31 octobre 2024 — annexe 4 — NOR MENE2415135A,0,0,NO_CONTENT
MATHS,CP,COMMON,Grandeurs et mesures,Le repérage dans le temps,MATHS.CP.GM.associer-une-heure-a-un-moment-de-la-journee,Associer une heure à un moment de la journée,PROVEN_OFFICIAL,SRC-C2-MATHS-2025 | BO n°41 du 31 octobre 2024 — annexe 4 — NOR MENE2415135A,0,0,NO_CONTENT
MATHS,CP,COMMON,Grandeurs et mesures,Le repérage dans le temps,MATHS.CP.GM.lire-sur-une-horloge-a-aiguilles-une-heure-donnee-en-heures-entieres,Lire sur une horloge à aiguilles une heure donnée en heures entières,PROVEN_OFFICIAL,SRC-C2-MATHS-2025 | BO n°41 du 31 octobre 2024 — annexe 4 — NOR MENE2415135A,0,0,NO_CONTENT
MATHS,CP,COMMON,Grandeurs et mesures,Le repérage dans le temps,MATHS.CP.GM.positionner-les-aiguilles-dune-horloge-correspondant-a-une-heure-donne,Positionner les aiguilles d’une horloge correspondant à une heure donnée (uniquement des heures entières inférieures ou égales à douze),PROVEN_OFFICIAL,SRC-C2-MATHS-2025 | BO n°41 du 31 octobre 2024 — annexe 4 — NOR MENE2415135A,0,0,NO_CONTENT
MATHS,CP,COMMON,Grandeurs et mesures,Les longueurs,MATHS.CP.GM.comparer-des-objets-selon-leur-longueur,Comparer des objets selon leur longueur,PROVEN_OFFICIAL,SRC-C2-MATHS-2025 | BO n°41 du 31 octobre 2024 — annexe 4 — NOR MENE2415135A,0,0,NO_CONTENT
MATHS,CP,COMMON,Grandeurs et mesures,Les longueurs,MATHS.CP.GM.comparer-des-segments-selon-leur-longueur,Comparer des segments selon leur longueur,PROVEN_OFFICIAL,SRC-C2-MATHS-2025 | BO n°41 du 31 octobre 2024 — annexe 4 — NOR MENE2415135A,0,0,NO_CONTENT
MATHS,CP,COMMON,Grandeurs et mesures,Les longueurs,MATHS.CP.GM.connaitre-et-utiliser-les-unites-metre-et-centimetre-et,Connaitre et utiliser les unités mètre et centimètre et …,PROVEN_OFFICIAL,SRC-C2-MATHS-2025 | BO n°41 du 31 octobre 2024 — annexe 4 — NOR MENE2415135A,0,0,NO_CONTENT
MATHS,CP,COMMON,Grandeurs et mesures,Les longueurs,MATHS.CP.GM.connaitre-quelques-longueurs-de-reference,Connaitre quelques longueurs de référence,PROVEN_OFFICIAL,SRC-C2-MATHS-2025 | BO n°41 du 31 octobre 2024 — annexe 4 — NOR MENE2415135A,0,0,NO_CONTENT
MATHS,CP,COMMON,Grandeurs et mesures,Les longueurs,MATHS.CP.GM.savoir-mesurer-la-longueur-dun-segment-en-utilisant-une-regle-graduee,Savoir mesurer la longueur d’un segment en utilisant une règle graduée,PROVEN_OFFICIAL,SRC-C2-MATHS-2025 | BO n°41 du 31 octobre 2024 — annexe 4 — NOR MENE2415135A,0,0,NO_CONTENT
MATHS,CP,COMMON,Grandeurs et mesures,Les longueurs,MATHS.CP.GM.savoir-quun-metre-est-egal-a-cent-centimetres,Savoir qu’un mètre est égal à cent centimètres,PROVEN_OFFICIAL,SRC-C2-MATHS-2025 | BO n°41 du 31 octobre 2024 — annexe 4 — NOR MENE2415135A,0,0,NO_CONTENT
MATHS,CP,COMMON,Grandeurs et mesures,Les longueurs,MATHS.CP.GM.utiliser-le-lexique-specifique-associe-aux-longueurs,Utiliser le lexique spécifique associé aux longueurs,PROVEN_OFFICIAL,SRC-C2-MATHS-2025 | BO n°41 du 31 octobre 2024 — annexe 4 — NOR MENE2415135A,0,0,NO_CONTENT
MATHS,CP,COMMON,"Nombres, calcul et résolution de problèmes",Apprendre des procédures de calcul mental,MATHS.CP.NCRP.ajouter-deux-nombres-inferieurs-a-100,Ajouter deux nombres inférieurs à 100,PROVEN_OFFICIAL,SRC-C2-MATHS-2025 | BO n°41 du 31 octobre 2024 — annexe 4 — NOR MENE2415135A,0,0,NO_CONTENT
MATHS,CP,COMMON,"Nombres, calcul et résolution de problèmes",Apprendre des procédures de calcul mental,MATHS.CP.NCRP.ajouter-un-nombre-inferieur-a-9-a-un-nombre,Ajouter un nombre inférieur à 9 à un nombre,PROVEN_OFFICIAL,SRC-C2-MATHS-2025 | BO n°41 du 31 octobre 2024 — annexe 4 — NOR MENE2415135A,0,0,NO_CONTENT
MATHS,CP,COMMON,"Nombres, calcul et résolution de problèmes",Apprendre des procédures de calcul mental,MATHS.CP.NCRP.determiner-la-moitie-dun-nombre-pair,Déterminer la moitié d’un nombre pair,PROVEN_OFFICIAL,SRC-C2-MATHS-2025 | BO n°41 du 31 octobre 2024 — annexe 4 — NOR MENE2415135A,0,0,NO_CONTENT
MATHS,CP,COMMON,"Nombres, calcul et résolution de problèmes",Apprendre des procédures de calcul mental,MATHS.CP.NCRP.soustraire-un-nombre-inferieur-a-10-a-un-nombre-entier-de-dizaines,Soustraire un nombre inférieur à 10 à un nombre entier de dizaines,PROVEN_OFFICIAL,SRC-C2-MATHS-2025 | BO n°41 du 31 octobre 2024 — annexe 4 — NOR MENE2415135A,0,0,NO_CONTENT
MATHS,CP,COMMON,"Nombres, calcul et résolution de problèmes",Apprendre des procédures de calcul mental,MATHS.CP.NCRP.trouver-le-complement-dun-nombre-a-la-dizaine-superieure,Trouver le complément d’un nombre à la dizaine supérieure,PROVEN_OFFICIAL,SRC-C2-MATHS-2025 | BO n°41 du 31 octobre 2024 — annexe 4 — NOR MENE2415135A,0,0,NO_CONTENT
MATHS,CP,COMMON,"Nombres, calcul et résolution de problèmes",La résolution de problèmes,MATHS.CP.NCRP.resoudre-des-problemes-additifs-en-deux-etapes-champ-numerique-inferie,Résoudre des problèmes additifs en deux étapes (champ numérique inférieur ou égal à 30),PROVEN_OFFICIAL,SRC-C2-MATHS-2025 | BO n°41 du 31 octobre 2024 — annexe 4 — NOR MENE2415135A,0,0,NO_CONTENT
MATHS,CP,COMMON,"Nombres, calcul et résolution de problèmes",La résolution de problèmes,MATHS.CP.NCRP.resoudre-des-problemes-additifs-en-une-etape-du-type-parties-tout,Résoudre des problèmes additifs en une étape du type parties-tout,PROVEN_OFFICIAL,SRC-C2-MATHS-2025 | BO n°41 du 31 octobre 2024 — annexe 4 — NOR MENE2415135A,0,0,NO_CONTENT
MATHS,CP,COMMON,"Nombres, calcul et résolution de problèmes",La résolution de problèmes,MATHS.CP.NCRP.resoudre-des-problemes-multiplicatifs-en-une-etape-champ-numerique-inf,Résoudre des problèmes multiplicatifs en une étape (champ numérique inférieur ou égal à 30),PROVEN_OFFICIAL,SRC-C2-MATHS-2025 | BO n°41 du 31 octobre 2024 — annexe 4 — NOR MENE2415135A,0,0,NO_CONTENT
MATHS,CP,COMMON,"Nombres, calcul et résolution de problèmes",Les nombres entiers,MATHS.CP.NCRP.comparer-encadrer-intercaler-des-nombres-entiers-en-utilisant-les-symb,"Comparer, encadrer, intercaler des nombres entiers en utilisant les symboles =, < et >",PROVEN_OFFICIAL,SRC-C2-MATHS-2025 | BO n°41 du 31 octobre 2024 — annexe 4 — NOR MENE2415135A,0,0,NO_CONTENT
MATHS,CP,COMMON,"Nombres, calcul et résolution de problèmes",Les nombres entiers,MATHS.CP.NCRP.comparer-et-denombrer-des-collections-en-les-organisant,Comparer et dénombrer des collections en les organisant,PROVEN_OFFICIAL,SRC-C2-MATHS-2025 | BO n°41 du 31 octobre 2024 — annexe 4 — NOR MENE2415135A,0,0,NO_CONTENT
MATHS,CP,COMMON,"Nombres, calcul et résolution de problèmes",Les nombres entiers,MATHS.CP.NCRP.comprendre-et-utiliser-les-nombres-ordinaux,Comprendre et utiliser les nombres ordinaux,PROVEN_OFFICIAL,SRC-C2-MATHS-2025 | BO n°41 du 31 octobre 2024 — annexe 4 — NOR MENE2415135A,0,0,NO_CONTENT
MATHS,CP,COMMON,"Nombres, calcul et résolution de problèmes",Les nombres entiers,MATHS.CP.NCRP.connaitre-et-utiliser-diverses-representations-dun-nombre-et-passer-de,Connaitre et utiliser diverses représentations d’un nombre et passer de l’une à l’autre,PROVEN_OFFICIAL,SRC-C2-MATHS-2025 | BO n°41 du 31 octobre 2024 — annexe 4 — NOR MENE2415135A,0,0,NO_CONTENT
MATHS,CP,COMMON,"Nombres, calcul et résolution de problèmes",Les nombres entiers,MATHS.CP.NCRP.connaitre-la-suite-ecrite-et-la-suite-orale-des-nombres-jusqua-cent,Connaitre la suite écrite et la suite orale des nombres jusqu’à cent,PROVEN_OFFICIAL,SRC-C2-MATHS-2025 | BO n°41 du 31 octobre 2024 — annexe 4 — NOR MENE2415135A,0,0,NO_CONTENT
MATHS,CP,COMMON,"Nombres, calcul et résolution de problèmes",Les nombres entiers,MATHS.CP.NCRP.connaitre-la-valeur-des-chiffres-en-fonction-de-leur-position-unites-d,"Connaitre la valeur des chiffres en fonction de leur position (unités, dizaines)",PROVEN_OFFICIAL,SRC-C2-MATHS-2025 | BO n°41 du 31 octobre 2024 — annexe 4 — NOR MENE2415135A,0,0,NO_CONTENT
MATHS,CP,COMMON,"Nombres, calcul et résolution de problèmes",Les nombres entiers,MATHS.CP.NCRP.connaitre-les-nombres-ordinaux-jusqua-vingtieme,Connaitre les nombres ordinaux jusqu’à « vingtième »,PROVEN_OFFICIAL,SRC-C2-MATHS-2025 | BO n°41 du 31 octobre 2024 — annexe 4 — NOR MENE2415135A,0,0,NO_CONTENT
MATHS,CP,COMMON,"Nombres, calcul et résolution de problèmes",Les nombres entiers,MATHS.CP.NCRP.construire-des-collections-de-cardinal-donne,Construire des collections de cardinal donné,PROVEN_OFFICIAL,SRC-C2-MATHS-2025 | BO n°41 du 31 octobre 2024 — annexe 4 — NOR MENE2415135A,0,0,NO_CONTENT
MATHS,CP,COMMON,"Nombres, calcul et résolution de problèmes",Les nombres entiers,MATHS.CP.NCRP.faire-le-lien-entre-le-rang-dun-objet-dans-une-liste-et-le-nombre-dele,Faire le lien entre le rang d’un objet dans une liste et le nombre d’éléments qui le précèdent,PROVEN_OFFICIAL,SRC-C2-MATHS-2025 | BO n°41 du 31 octobre 2024 — annexe 4 — NOR MENE2415135A,0,0,NO_CONTENT
MATHS,CP,COMMON,"Nombres, calcul et résolution de problèmes",Les nombres entiers,MATHS.CP.NCRP.ordonner-des-nombres-dans-lordre-croissant-ou-decroissant,Ordonner des nombres dans l’ordre croissant ou décroissant,PROVEN_OFFICIAL,SRC-C2-MATHS-2025 | BO n°41 du 31 octobre 2024 — annexe 4 — NOR MENE2415135A,0,0,NO_CONTENT
MATHS,CP,COMMON,"Nombres, calcul et résolution de problèmes",Les nombres entiers,MATHS.CP.NCRP.reperer-un-rang-ou-une-position-dans-une-file-orientee-ou-dans-une-lis,Repérer un rang ou une position dans une file orientée ou dans une liste d’objets ou de personnes,PROVEN_OFFICIAL,SRC-C2-MATHS-2025 | BO n°41 du 31 octobre 2024 — annexe 4 — NOR MENE2415135A,0,0,NO_CONTENT
MATHS,CP,COMMON,"Nombres, calcul et résolution de problèmes",Les nombres entiers,MATHS.CP.NCRP.savoir-placer-des-nombres-sur-une-demi-droite-graduee-de-un-en-un,Savoir placer des nombres sur une demi-droite graduée de un en un,PROVEN_OFFICIAL,SRC-C2-MATHS-2025 | BO n°41 du 31 octobre 2024 — annexe 4 — NOR MENE2415135A,0,0,NO_CONTENT
MATHS,CP,COMMON,"Nombres, calcul et résolution de problèmes",Les nombres entiers,MATHS.CP.NCRP.utiliser-les-nombres-ordinaux-dans-le-cadre-de-letude-de-suites-de-sym,"Utiliser les nombres ordinaux dans le cadre de l’étude de suites de symboles, de formes, de lettres ou de nombres",PROVEN_OFFICIAL,SRC-C2-MATHS-2025 | BO n°41 du 31 octobre 2024 — annexe 4 — NOR MENE2415135A,0,0,NO_CONTENT
MATHS,CP,COMMON,"Nombres, calcul et résolution de problèmes",Les quatre opérations,MATHS.CP.NCRP.comprendre-et-utiliser-les-symboles-et,"Comprendre et utiliser les symboles « + », « - » et « = »",PROVEN_OFFICIAL,SRC-C2-MATHS-2025 | BO n°41 du 31 octobre 2024 — annexe 4 — NOR MENE2415135A,0,0,NO_CONTENT
MATHS,CP,COMMON,"Nombres, calcul et résolution de problèmes",Les quatre opérations,MATHS.CP.NCRP.comprendre-le-sens-de-la-multiplication,Comprendre le sens de la multiplication,PROVEN_OFFICIAL,SRC-C2-MATHS-2025 | BO n°41 du 31 octobre 2024 — annexe 4 — NOR MENE2415135A,0,0,NO_CONTENT
MATHS,CP,COMMON,"Nombres, calcul et résolution de problèmes",Les quatre opérations,MATHS.CP.NCRP.comprendre-le-sens-de-laddition-et-de-la-soustraction,Comprendre le sens de l’addition et de la soustraction,PROVEN_OFFICIAL,SRC-C2-MATHS-2025 | BO n°41 du 31 octobre 2024 — annexe 4 — NOR MENE2415135A,0,0,NO_CONTENT
MATHS,CP,COMMON,"Nombres, calcul et résolution de problèmes",Les quatre opérations,MATHS.CP.NCRP.poser-et-effectuer-des-additions-en-colonnes,Poser et effectuer des additions en colonnes,PROVEN_OFFICIAL,SRC-C2-MATHS-2025 | BO n°41 du 31 octobre 2024 — annexe 4 — NOR MENE2415135A,0,0,NO_CONTENT
MATHS,CP,COMMON,"Nombres, calcul et résolution de problèmes",Mémoriser des faits numériques,MATHS.CP.NCRP.connaitre-dans-les-deux-sens-les-tables-daddition,Connaitre dans les deux sens les tables d’addition,PROVEN_OFFICIAL,SRC-C2-MATHS-2025 | BO n°41 du 31 octobre 2024 — annexe 4 — NOR MENE2415135A,0,0,NO_CONTENT
MATHS,CP,COMMON,"Nombres, calcul et résolution de problèmes",Mémoriser des faits numériques,MATHS.CP.NCRP.connaitre-les-doubles-et-les-moities-de-nombres-usuels,Connaitre les doubles et les moitiés de nombres usuels,PROVEN_OFFICIAL,SRC-C2-MATHS-2025 | BO n°41 du 31 octobre 2024 — annexe 4 — NOR MENE2415135A,0,0,NO_CONTENT
MATHS,CP,COMMON,"Nombres, calcul et résolution de problèmes",Utiliser ses connaissances en numération pour calculer mentalement,MATHS.CP.NCRP.ajouter-ou-soustraire-1-ou-2-a-un-nombre,Ajouter ou soustraire 1 ou 2 à un nombre,PROVEN_OFFICIAL,SRC-C2-MATHS-2025 | BO n°41 du 31 octobre 2024 — annexe 4 — NOR MENE2415135A,0,0,NO_CONTENT
MATHS,CP,COMMON,"Nombres, calcul et résolution de problèmes",Utiliser ses connaissances en numération pour calculer mentalement,MATHS.CP.NCRP.ajouter-ou-soustraire-10-a-un-nombre,Ajouter ou soustraire 10 à un nombre,PROVEN_OFFICIAL,SRC-C2-MATHS-2025 | BO n°41 du 31 octobre 2024 — annexe 4 — NOR MENE2415135A,0,0,NO_CONTENT
MATHS,CP,COMMON,"Nombres, calcul et résolution de problèmes",Utiliser ses connaissances en numération pour calculer mentalement,MATHS.CP.NCRP.ajouter-ou-soustraire-20-30-40-50-60-70-80-ou-90-a-un-nombre,"Ajouter ou soustraire 20, 30, 40, 50, 60, 70, 80 ou 90 à un nombre",PROVEN_OFFICIAL,SRC-C2-MATHS-2025 | BO n°41 du 31 octobre 2024 — annexe 4 — NOR MENE2415135A,0,0,NO_CONTENT
MATHS,CP,COMMON,Organisation et gestion de données,Organisation et gestion de données,MATHS.CP.OGD.collecter-des-donnees-et-presenter-ces-donnees-sous-forme-dun-tableau,Collecter des données et présenter ces données sous forme d’un tableau ou d’un diagramme en barres,PROVEN_OFFICIAL,SRC-C2-MATHS-2025 | BO n°41 du 31 octobre 2024 — annexe 4 — NOR MENE2415135A,0,0,NO_CONTENT
MATHS,CP,COMMON,Organisation et gestion de données,Organisation et gestion de données,MATHS.CP.OGD.construire-et-completer-un-tableau-a-double-entree,Construire et compléter un tableau à double entrée,PROVEN_OFFICIAL,SRC-C2-MATHS-2025 | BO n°41 du 31 octobre 2024 — annexe 4 — NOR MENE2415135A,0,0,NO_CONTENT
MATHS,CE1,COMMON,Espace et géométrie,La géométrie plane,MATHS.CE1.EG.connaitre-et-utiliser-le-code-pour-les-angles-droits,Connaitre et utiliser le code pour les angles droits,PROVEN_OFFICIAL,SRC-C2-MATHS-2025 | BO n°41 du 31 octobre 2024 — annexe 4 — NOR MENE2415135A,0,0,NO_CONTENT
MATHS,CE1,COMMON,Espace et géométrie,La géométrie plane,MATHS.CE1.EG.connaitre-les-proprietes-des-angles-et-des-egalites-de-longueur-pour-l,Connaitre les propriétés des angles et des égalités de longueur pour les carrés et les rectangles,PROVEN_OFFICIAL,SRC-C2-MATHS-2025 | BO n°41 du 31 octobre 2024 — annexe 4 — NOR MENE2415135A,0,0,NO_CONTENT
MATHS,CE1,COMMON,Espace et géométrie,La géométrie plane,MATHS.CE1.EG.reconnaitre-nommer-et-decrire-un-cercle-un-carre-un-rectangle-un-trian,"Reconnaitre, nommer et décrire un cercle, un carré, un rectangle, un triangle, un triangle rectangle en utilisant le vocabulaire approprié",PROVEN_OFFICIAL,SRC-C2-MATHS-2025 | BO n°41 du 31 octobre 2024 — annexe 4 — NOR MENE2415135A,0,0,NO_CONTENT
MATHS,CE1,COMMON,Espace et géométrie,La géométrie plane,MATHS.CE1.EG.reproduire-ou-construire-un-carre-un-rectangle-un-triangle-un-triangle,"Reproduire ou construire un carré, un rectangle, un triangle, un triangle rectangle et un cercle ou un assemblage de ces figures",PROVEN_OFFICIAL,SRC-C2-MATHS-2025 | BO n°41 du 31 octobre 2024 — annexe 4 — NOR MENE2415135A,0,0,NO_CONTENT
MATHS,CE1,COMMON,Espace et géométrie,La géométrie plane,MATHS.CE1.EG.utiliser-la-regle-graduee-lequerre-et-le-compas-comme-instruments-de-t,"Utiliser la règle graduée, l’équerre et le compas comme instruments de tracé",PROVEN_OFFICIAL,SRC-C2-MATHS-2025 | BO n°41 du 31 octobre 2024 — annexe 4 — NOR MENE2415135A,0,0,NO_CONTENT
MATHS,CE1,COMMON,Espace et géométrie,La géométrie plane,MATHS.CE1.EG.utiliser-la-regle-pour-verifier-des-alignements-et-lequerre-pour-verif,Utiliser la règle pour vérifier des alignements et l’équerre pour vérifier qu’un angle est droit,PROVEN_OFFICIAL,SRC-C2-MATHS-2025 | BO n°41 du 31 octobre 2024 — annexe 4 — NOR MENE2415135A,0,0,NO_CONTENT
MATHS,CE1,COMMON,Espace et géométrie,La géométrie plane,MATHS.CE1.EG.utiliser-le-vocabulaire-geometrique-approprie,Utiliser le vocabulaire géométrique approprié,PROVEN_OFFICIAL,SRC-C2-MATHS-2025 | BO n°41 du 31 octobre 2024 — annexe 4 — NOR MENE2415135A,0,0,NO_CONTENT
MATHS,CE1,COMMON,Espace et géométrie,Le repérage dans l’espace,MATHS.CE1.EG.comprendre-utiliser-et-produire-une-suite-dinstructions-qui-codent-un,"Comprendre, utiliser et produire une suite d’instructions qui codent un déplacement en utilisant un vocabulaire spatial précis",PROVEN_OFFICIAL,SRC-C2-MATHS-2025 | BO n°41 du 31 octobre 2024 — annexe 4 — NOR MENE2415135A,0,0,NO_CONTENT
MATHS,CE1,COMMON,Espace et géométrie,Le repérage dans l’espace,MATHS.CE1.EG.connaitre-et-utiliser-le-vocabulaire-lie-aux-positions-relatives,Connaitre et utiliser le vocabulaire lié aux positions relatives,PROVEN_OFFICIAL,SRC-C2-MATHS-2025 | BO n°41 du 31 octobre 2024 — annexe 4 — NOR MENE2415135A,0,0,NO_CONTENT
MATHS,CE1,COMMON,Espace et géométrie,Le repérage dans l’espace,MATHS.CE1.EG.construire-des-assemblages-de-cubes-et-de-paves,Construire des assemblages de cubes et de pavés,PROVEN_OFFICIAL,SRC-C2-MATHS-2025 | BO n°41 du 31 octobre 2024 — annexe 4 — NOR MENE2415135A,0,0,NO_CONTENT
MATHS,CE1,COMMON,Espace et géométrie,Le repérage dans l’espace,MATHS.CE1.EG.construire-et-utiliser-des-representations-dun-espace-familier-pour-lo,"Construire et utiliser des représentations d’un espace familier pour localiser, mémoriser ou communiquer un emplacement",PROVEN_OFFICIAL,SRC-C2-MATHS-2025 | BO n°41 du 31 octobre 2024 — annexe 4 — NOR MENE2415135A,0,0,NO_CONTENT
MATHS,CE1,COMMON,Espace et géométrie,Le repérage dans l’espace,MATHS.CE1.EG.situer-des-personnes-ou-des-objets-les-uns-par-rapport,Situer des personnes ou des objets les uns par rapport …,PROVEN_OFFICIAL,SRC-C2-MATHS-2025 | BO n°41 du 31 octobre 2024 — annexe 4 — NOR MENE2415135A,0,0,NO_CONTENT
MATHS,CE1,COMMON,Espace et géométrie,Les solides,MATHS.CE1.EG.connaitre-le-nombre-et-la-nature-des-faces-dun-cube-ou-dun-pave,Connaitre le nombre et la nature des faces d’un cube ou d’un pavé,PROVEN_OFFICIAL,SRC-C2-MATHS-2025 | BO n°41 du 31 octobre 2024 — annexe 4 — NOR MENE2415135A,0,0,NO_CONTENT
MATHS,CE1,COMMON,Espace et géométrie,Les solides,MATHS.CE1.EG.construire-un-cube-un-pave-droit-ou-une-pyramide,"Construire un cube, un pavé droit ou une pyramide",PROVEN_OFFICIAL,SRC-C2-MATHS-2025 | BO n°41 du 31 octobre 2024 — annexe 4 — NOR MENE2415135A,0,0,NO_CONTENT
MATHS,CE1,COMMON,Espace et géométrie,Les solides,MATHS.CE1.EG.decrire-un-cube-un-pave-ou-une-pyramide-en-utilisant-les-termes-face-s,"Décrire un cube, un pavé ou une pyramide en utilisant les termes « face », « sommet » et « arête »",PROVEN_OFFICIAL,SRC-C2-MATHS-2025 | BO n°41 du 31 octobre 2024 — annexe 4 — NOR MENE2415135A,0,0,NO_CONTENT
MATHS,CE1,COMMON,Espace et géométrie,Les solides,MATHS.CE1.EG.nommer-un-cube-une-boule-un-pave-un-cone-ou-une-pyramide,"Nommer un cube, une boule, un pavé, un cône ou une pyramide",PROVEN_OFFICIAL,SRC-C2-MATHS-2025 | BO n°41 du 31 octobre 2024 — annexe 4 — NOR MENE2415135A,0,0,NO_CONTENT
MATHS,CE1,COMMON,Espace et géométrie,Les solides,MATHS.CE1.EG.reconnaitre-les-solides-usuels-suivants-cube-boule-cone-pyramide-cylin,"Reconnaitre les solides usuels suivants : cube, boule, cône, pyramide, cylindre, pavé",PROVEN_OFFICIAL,SRC-C2-MATHS-2025 | BO n°41 du 31 octobre 2024 — annexe 4 — NOR MENE2415135A,0,0,NO_CONTENT
MATHS,CE1,COMMON,Grandeurs et mesures,La monnaie,MATHS.CE1.GM.comparer-les-valeurs-en-euro-de-deux-ensembles-constitues-de-pieces-et,Comparer les valeurs en euro de deux ensembles constitués de pièces et de billets,PROVEN_OFFICIAL,SRC-C2-MATHS-2025 | BO n°41 du 31 octobre 2024 — annexe 4 — NOR MENE2415135A,0,0,NO_CONTENT
MATHS,CE1,COMMON,Grandeurs et mesures,La monnaie,MATHS.CE1.GM.connaitre-le-lien-entre-les-euros-et-les-centimes,Connaitre le lien entre les euros et les centimes,PROVEN_OFFICIAL,SRC-C2-MATHS-2025 | BO n°41 du 31 octobre 2024 — annexe 4 — NOR MENE2415135A,0,0,NO_CONTENT
MATHS,CE1,COMMON,Grandeurs et mesures,La monnaie,MATHS.CE1.GM.connaitre-le-sens-de-lecriture-a-virgule-dune-somme-dargent,Connaitre le sens de l’écriture à virgule d’une somme d’argent,PROVEN_OFFICIAL,SRC-C2-MATHS-2025 | BO n°41 du 31 octobre 2024 — annexe 4 — NOR MENE2415135A,0,0,NO_CONTENT
MATHS,CE1,COMMON,Grandeurs et mesures,La monnaie,MATHS.CE1.GM.constituer-avec-des-euros-et-des-centimes-deuro-une-somme-dargent-dune,Constituer avec des euros et des centimes d’euro une somme d’argent d’une valeur donnée,PROVEN_OFFICIAL,SRC-C2-MATHS-2025 | BO n°41 du 31 octobre 2024 — annexe 4 — NOR MENE2415135A,0,0,NO_CONTENT
MATHS,CE1,COMMON,Grandeurs et mesures,La monnaie,MATHS.CE1.GM.determiner-la-valeur-en-euro-et-centime-deuro-dun-ensemble-constitue-d,Déterminer la valeur en euro et centime d’euro d’un ensemble constitué de pièces et de billets,PROVEN_OFFICIAL,SRC-C2-MATHS-2025 | BO n°41 du 31 octobre 2024 — annexe 4 — NOR MENE2415135A,0,0,NO_CONTENT
MATHS,CE1,COMMON,Grandeurs et mesures,La monnaie,MATHS.CE1.GM.simuler-des-achats-en-manipulant-des-pieces-et-des-billets-fictifs-ren,Simuler des achats en manipulant des pièces et des billets fictifs. Rendre la monnaie,PROVEN_OFFICIAL,SRC-C2-MATHS-2025 | BO n°41 du 31 octobre 2024 — annexe 4 — NOR MENE2415135A,0,0,NO_CONTENT
MATHS,CE1,COMMON,Grandeurs et mesures,Les longueurs,MATHS.CE1.GM.choisir-lunite-la-mieux-adaptee-pour-exprimer-une-longueur,Choisir l’unité la mieux adaptée pour exprimer une longueur,PROVEN_OFFICIAL,SRC-C2-MATHS-2025 | BO n°41 du 31 octobre 2024 — annexe 4 — NOR MENE2415135A,0,0,NO_CONTENT
MATHS,CE1,COMMON,Grandeurs et mesures,Les longueurs,MATHS.CE1.GM.comparer-des-longueurs,Comparer des longueurs,PROVEN_OFFICIAL,SRC-C2-MATHS-2025 | BO n°41 du 31 octobre 2024 — annexe 4 — NOR MENE2415135A,0,0,NO_CONTENT
MATHS,CE1,COMMON,Grandeurs et mesures,Les longueurs,MATHS.CE1.GM.connaitre-et-utiliser-les-unites-metre-centimetre-kilometre-et-les-sym,"Connaitre et utiliser les unités mètre, centimètre, kilomètre et les symboles associés (m, cm et km)",PROVEN_OFFICIAL,SRC-C2-MATHS-2025 | BO n°41 du 31 octobre 2024 — annexe 4 — NOR MENE2415135A,0,0,NO_CONTENT
MATHS,CE1,COMMON,Grandeurs et mesures,Les longueurs,MATHS.CE1.GM.connaitre-les-relations-entre-les-unites-de-longueur-usuelles,Connaitre les relations entre les unités de longueur usuelles,PROVEN_OFFICIAL,SRC-C2-MATHS-2025 | BO n°41 du 31 octobre 2024 — annexe 4 — NOR MENE2415135A,0,0,NO_CONTENT
MATHS,CE1,COMMON,Grandeurs et mesures,Les longueurs,MATHS.CE1.GM.connaitre-quelques-longueurs-de-reference,Connaitre quelques longueurs de référence,PROVEN_OFFICIAL,SRC-C2-MATHS-2025 | BO n°41 du 31 octobre 2024 — annexe 4 — NOR MENE2415135A,0,0,NO_CONTENT
MATHS,CE1,COMMON,Grandeurs et mesures,Les longueurs,MATHS.CE1.GM.estimer-la-longueur-dun-objet-du-quotidien,Estimer la longueur d’un objet du quotidien,PROVEN_OFFICIAL,SRC-C2-MATHS-2025 | BO n°41 du 31 octobre 2024 — annexe 4 — NOR MENE2415135A,0,0,NO_CONTENT
MATHS,CE1,COMMON,Grandeurs et mesures,Les longueurs,MATHS.CE1.GM.savoir-mesurer-la-longueur-dun-segment-en-utilisant-une-regle-graduee,Savoir mesurer la longueur d’un segment en utilisant une règle graduée,PROVEN_OFFICIAL,SRC-C2-MATHS-2025 | BO n°41 du 31 octobre 2024 — annexe 4 — NOR MENE2415135A,0,0,NO_CONTENT
MATHS,CE1,COMMON,"Nombres, calcul et résolution de problèmes",La résolution de problèmes,MATHS.CE1.NCRP.resoudre-des-problemes-additifs-de-comparaison-en-une-etape,Résoudre des problèmes additifs de comparaison en une étape,PROVEN_OFFICIAL,SRC-C2-MATHS-2025 | BO n°41 du 31 octobre 2024 — annexe 4 — NOR MENE2415135A,0,0,NO_CONTENT
MATHS,CE1,COMMON,"Nombres, calcul et résolution de problèmes",La résolution de problèmes,MATHS.CE1.NCRP.resoudre-des-problemes-additifs-en-deux-etapes,Résoudre des problèmes additifs en deux étapes,PROVEN_OFFICIAL,SRC-C2-MATHS-2025 | BO n°41 du 31 octobre 2024 — annexe 4 — NOR MENE2415135A,0,0,NO_CONTENT
MATHS,CE1,COMMON,"Nombres, calcul et résolution de problèmes",La résolution de problèmes,MATHS.CE1.NCRP.resoudre-des-problemes-additifs-en-une-etape-de-type-parties-tout,Résoudre des problèmes additifs en une étape de type parties-tout,PROVEN_OFFICIAL,SRC-C2-MATHS-2025 | BO n°41 du 31 octobre 2024 — annexe 4 — NOR MENE2415135A,0,0,NO_CONTENT
MATHS,CE1,COMMON,"Nombres, calcul et résolution de problèmes",La résolution de problèmes,MATHS.CE1.NCRP.resoudre-des-problemes-mixtes-en-deux-etapes-une-etape-additive-et-une,Résoudre des problèmes mixtes en deux étapes (une étape additive et une étape multiplicative),PROVEN_OFFICIAL,SRC-C2-MATHS-2025 | BO n°41 du 31 octobre 2024 — annexe 4 — NOR MENE2415135A,0,0,NO_CONTENT
MATHS,CE1,COMMON,"Nombres, calcul et résolution de problèmes",La résolution de problèmes,MATHS.CE1.NCRP.resoudre-des-problemes-multiplicatifs-en-une-etape,Résoudre des problèmes multiplicatifs en une étape,PROVEN_OFFICIAL,SRC-C2-MATHS-2025 | BO n°41 du 31 octobre 2024 — annexe 4 — NOR MENE2415135A,0,0,NO_CONTENT
MATHS,CE1,COMMON,"Nombres, calcul et résolution de problèmes",Les fractions,MATHS.CE1.NCRP.additionner-et-soustraire-des-fractions-de-meme-denominateur,Additionner et soustraire des fractions de même dénominateur,PROVEN_OFFICIAL,SRC-C2-MATHS-2025 | BO n°41 du 31 octobre 2024 — annexe 4 — NOR MENE2415135A,0,0,NO_CONTENT
MATHS,CE1,COMMON,"Nombres, calcul et résolution de problèmes",Les fractions,MATHS.CE1.NCRP.comparer-des-fractions-ayant-le-meme-denominateur,Comparer des fractions ayant le même dénominateur,PROVEN_OFFICIAL,SRC-C2-MATHS-2025 | BO n°41 du 31 octobre 2024 — annexe 4 — NOR MENE2415135A,0,0,NO_CONTENT
MATHS,CE1,COMMON,"Nombres, calcul et résolution de problèmes",Les fractions,MATHS.CE1.NCRP.comparer-des-fractions-dont-le-numerateur-est-1,Comparer des fractions dont le numérateur est 1,PROVEN_OFFICIAL,SRC-C2-MATHS-2025 | BO n°41 du 31 octobre 2024 — annexe 4 — NOR MENE2415135A,0,0,NO_CONTENT
MATHS,CE1,COMMON,"Nombres, calcul et résolution de problèmes",Les fractions,MATHS.CE1.NCRP.connaitre-et-utiliser-les-mots-denominateur-et-numerateur,Connaitre et utiliser les mots « dénominateur » et « numérateur »,PROVEN_OFFICIAL,SRC-C2-MATHS-2025 | BO n°41 du 31 octobre 2024 — annexe 4 — NOR MENE2415135A,0,0,NO_CONTENT
MATHS,CE1,COMMON,"Nombres, calcul et résolution de problèmes",Les fractions,MATHS.CE1.NCRP.savoir-interpreter-representer-ecrire-et-lire-des-fractions-inferieure,"Savoir interpréter, représenter, écrire et lire des fractions inférieures ou égales à 1",PROVEN_OFFICIAL,SRC-C2-MATHS-2025 | BO n°41 du 31 octobre 2024 — annexe 4 — NOR MENE2415135A,0,0,NO_CONTENT
MATHS,CE1,COMMON,"Nombres, calcul et résolution de problèmes",Les fractions,MATHS.CE1.NCRP.savoir-interpreter-representer-ecrire-et-lire-les-fractions-1-2-1-3-1,"Savoir interpréter, représenter, écrire et lire les fractions 1 2 , 1 3 , 1 4 , 1 5 , 1 6 , 1 8 et 1 10",PROVEN_OFFICIAL,SRC-C2-MATHS-2025 | BO n°41 du 31 octobre 2024 — annexe 4 — NOR MENE2415135A,0,0,NO_CONTENT
MATHS,CE1,COMMON,"Nombres, calcul et résolution de problèmes",Les nombres entiers,MATHS.CE1.NCRP.comparer-encadrer-intercaler-des-nombres-entiers-en-utilisant-les-symb,"Comparer, encadrer, intercaler des nombres entiers en utilisant les symboles (=, <, >)",PROVEN_OFFICIAL,SRC-C2-MATHS-2025 | BO n°41 du 31 octobre 2024 — annexe 4 — NOR MENE2415135A,0,0,NO_CONTENT
MATHS,CE1,COMMON,"Nombres, calcul et résolution de problèmes",Les nombres entiers,MATHS.CE1.NCRP.comprendre-et-savoir-utiliser-les-expressions-egal-a-superieur-a-infer,"Comprendre et savoir utiliser les expressions « égal à », « supérieur à », « inférieur à », « compris entre … et … »",PROVEN_OFFICIAL,SRC-C2-MATHS-2025 | BO n°41 du 31 octobre 2024 — annexe 4 — NOR MENE2415135A,0,0,NO_CONTENT
MATHS,CE1,COMMON,"Nombres, calcul et résolution de problèmes",Les nombres entiers,MATHS.CE1.NCRP.comprendre-et-utiliser-les-nombres-ordinaux,Comprendre et utiliser les nombres ordinaux,PROVEN_OFFICIAL,SRC-C2-MATHS-2025 | BO n°41 du 31 octobre 2024 — annexe 4 — NOR MENE2415135A,0,0,NO_CONTENT
MATHS,CE1,COMMON,"Nombres, calcul et résolution de problèmes",Les nombres entiers,MATHS.CE1.NCRP.connaitre-et-utiliser-diverses-representations-dun-nombre-et-passer-de,Connaitre et utiliser diverses représentations d’un nombre et passer de l’une à l’autre,PROVEN_OFFICIAL,SRC-C2-MATHS-2025 | BO n°41 du 31 octobre 2024 — annexe 4 — NOR MENE2415135A,0,0,NO_CONTENT
MATHS,CE1,COMMON,"Nombres, calcul et résolution de problèmes",Les nombres entiers,MATHS.CE1.NCRP.connaitre-et-utiliser-la-relation-entre-unites-et,Connaitre et utiliser la relation entre unités et …,PROVEN_OFFICIAL,SRC-C2-MATHS-2025 | BO n°41 du 31 octobre 2024 — annexe 4 — NOR MENE2415135A,0,0,NO_CONTENT
MATHS,CE1,COMMON,"Nombres, calcul et résolution de problèmes",Les nombres entiers,MATHS.CE1.NCRP.connaitre-la-suite-ecrite-et-la-suite-orale-des-nombres-jusqua-mille,Connaitre la suite écrite et la suite orale des nombres jusqu’à mille,PROVEN_OFFICIAL,SRC-C2-MATHS-2025 | BO n°41 du 31 octobre 2024 — annexe 4 — NOR MENE2415135A,0,0,NO_CONTENT
MATHS,CE1,COMMON,"Nombres, calcul et résolution de problèmes",Les nombres entiers,MATHS.CE1.NCRP.connaitre-la-valeur-des-chiffres-en-fonction-de-leur-position-dans-un,Connaitre la valeur des chiffres en fonction de leur position dans un nombre,PROVEN_OFFICIAL,SRC-C2-MATHS-2025 | BO n°41 du 31 octobre 2024 — annexe 4 — NOR MENE2415135A,0,0,NO_CONTENT
MATHS,CE1,COMMON,"Nombres, calcul et résolution de problèmes",Les nombres entiers,MATHS.CE1.NCRP.connaitre-les-nombres-ordinaux-jusqua-cent,Connaitre les nombres ordinaux jusqu’à cent,PROVEN_OFFICIAL,SRC-C2-MATHS-2025 | BO n°41 du 31 octobre 2024 — annexe 4 — NOR MENE2415135A,0,0,NO_CONTENT
MATHS,CE1,COMMON,"Nombres, calcul et résolution de problèmes",Les nombres entiers,MATHS.CE1.NCRP.construire-des-collections-de-cardinal-donne,Construire des collections de cardinal donné,PROVEN_OFFICIAL,SRC-C2-MATHS-2025 | BO n°41 du 31 octobre 2024 — annexe 4 — NOR MENE2415135A,0,0,NO_CONTENT
MATHS,CE1,COMMON,"Nombres, calcul et résolution de problèmes",Les nombres entiers,MATHS.CE1.NCRP.denombrer-des-collections-en-les-organisant,Dénombrer des collections en les organisant,PROVEN_OFFICIAL,SRC-C2-MATHS-2025 | BO n°41 du 31 octobre 2024 — annexe 4 — NOR MENE2415135A,0,0,NO_CONTENT
MATHS,CE1,COMMON,"Nombres, calcul et résolution de problèmes",Les nombres entiers,MATHS.CE1.NCRP.faire-le-lien-entre-le-rang-dun-objet-dans-une-liste-et-le-nombre-dele,Faire le lien entre le rang d’un objet dans une liste et le nombre d’éléments qui le précèdent,PROVEN_OFFICIAL,SRC-C2-MATHS-2025 | BO n°41 du 31 octobre 2024 — annexe 4 — NOR MENE2415135A,0,0,NO_CONTENT
MATHS,CE1,COMMON,"Nombres, calcul et résolution de problèmes",Les nombres entiers,MATHS.CE1.NCRP.ordonner-des-nombres-dans-lordre-croissant-ou-decroissant,Ordonner des nombres dans l’ordre croissant ou décroissant,PROVEN_OFFICIAL,SRC-C2-MATHS-2025 | BO n°41 du 31 octobre 2024 — annexe 4 — NOR MENE2415135A,0,0,NO_CONTENT
MATHS,CE1,COMMON,"Nombres, calcul et résolution de problèmes",Les nombres entiers,MATHS.CE1.NCRP.reperer-un-rang-ou-une-position-dans-une-file-orientee-ou-dans-une-lis,Repérer un rang ou une position dans une file orientée ou dans une liste d’objets ou de personnes,PROVEN_OFFICIAL,SRC-C2-MATHS-2025 | BO n°41 du 31 octobre 2024 — annexe 4 — NOR MENE2415135A,0,0,NO_CONTENT
MATHS,CE1,COMMON,"Nombres, calcul et résolution de problèmes",Les nombres entiers,MATHS.CE1.NCRP.savoir-placer-des-nombres-sur-une-demi-droite-graduee,Savoir placer des nombres sur une demi-droite graduée,PROVEN_OFFICIAL,SRC-C2-MATHS-2025 | BO n°41 du 31 octobre 2024 — annexe 4 — NOR MENE2415135A,0,0,NO_CONTENT
MATHS,CE1,COMMON,"Nombres, calcul et résolution de problèmes",Les nombres entiers,MATHS.CE1.NCRP.utiliser-les-nombres-ordinaux-dans-le-cadre-de-suite-de-symboles-de-le,"Utiliser les nombres ordinaux dans le cadre de suite de symboles, de lettres ou de nombres",PROVEN_OFFICIAL,SRC-C2-MATHS-2025 | BO n°41 du 31 octobre 2024 — annexe 4 — NOR MENE2415135A,0,0,NO_CONTENT
MATHS,CE1,COMMON,"Nombres, calcul et résolution de problèmes",Les quatre opérations,MATHS.CE1.NCRP.comprendre-et-savoir-que-la-multiplication-est-commutative,Comprendre et savoir que la multiplication est commutative,PROVEN_OFFICIAL,SRC-C2-MATHS-2025 | BO n°41 du 31 octobre 2024 — annexe 4 — NOR MENE2415135A,0,0,NO_CONTENT
MATHS,CE1,COMMON,"Nombres, calcul et résolution de problèmes",Les quatre opérations,MATHS.CE1.NCRP.comprendre-et-utiliser-le-symbole,Comprendre et utiliser le symbole « × »,PROVEN_OFFICIAL,SRC-C2-MATHS-2025 | BO n°41 du 31 octobre 2024 — annexe 4 — NOR MENE2415135A,0,0,NO_CONTENT
MATHS,CE1,COMMON,"Nombres, calcul et résolution de problèmes",Les quatre opérations,MATHS.CE1.NCRP.connaitre-la-notion-de-parite-dun-nombre,Connaitre la notion de parité d’un nombre,PROVEN_OFFICIAL,SRC-C2-MATHS-2025 | BO n°41 du 31 octobre 2024 — annexe 4 — NOR MENE2415135A,0,0,NO_CONTENT
MATHS,CE1,COMMON,"Nombres, calcul et résolution de problèmes",Les quatre opérations,MATHS.CE1.NCRP.poser-et-effectuer-des-additions-et-des-soustractions-en-colonnes,Poser et effectuer des additions et des soustractions en colonnes,PROVEN_OFFICIAL,SRC-C2-MATHS-2025 | BO n°41 du 31 octobre 2024 — annexe 4 — NOR MENE2415135A,0,0,NO_CONTENT
MATHS,CE1,COMMON,"Nombres, calcul et résolution de problèmes",Mémoriser des faits numériques,MATHS.CE1.NCRP.connaitre-dans-les-deux-sens-les-tables-daddition,Connaitre dans les deux sens les tables d’addition,PROVEN_OFFICIAL,SRC-C2-MATHS-2025 | BO n°41 du 31 octobre 2024 — annexe 4 — NOR MENE2415135A,0,0,NO_CONTENT
MATHS,CE1,COMMON,"Nombres, calcul et résolution de problèmes",Mémoriser des faits numériques,MATHS.CE1.NCRP.connaitre-dans-les-deux-sens-les-tables-de-multiplication,Connaitre dans les deux sens les tables de multiplication,PROVEN_OFFICIAL,SRC-C2-MATHS-2025 | BO n°41 du 31 octobre 2024 — annexe 4 — NOR MENE2415135A,0,0,NO_CONTENT
MATHS,CE1,COMMON,"Nombres, calcul et résolution de problèmes",Mémoriser des faits numériques,MATHS.CE1.NCRP.connaitre-des-faits-multiplicatifs-usuels,Connaitre des faits multiplicatifs usuels,PROVEN_OFFICIAL,SRC-C2-MATHS-2025 | BO n°41 du 31 octobre 2024 — annexe 4 — NOR MENE2415135A,0,0,NO_CONTENT
MATHS,CE1,COMMON,Organisation et gestion de données,Organisation et gestion de données,MATHS.CE1.OGD.lire-et-interpreter-les-donnees-dun-diagramme-en-barres-lire-et-interp,Lire et interpréter les données d’un diagramme en barres. Lire et interpréter les données d’un tableau à double entrée,PROVEN_OFFICIAL,SRC-C2-MATHS-2025 | BO n°41 du 31 octobre 2024 — annexe 4 — NOR MENE2415135A,0,0,NO_CONTENT
MATHS,CE1,COMMON,Organisation et gestion de données,Organisation et gestion de données,MATHS.CE1.OGD.produire-un-tableau-ou-un-diagramme-en-barres-pour-presenter-des-donne,Produire un tableau ou un diagramme en barres pour présenter des données recueillies,PROVEN_OFFICIAL,SRC-C2-MATHS-2025 | BO n°41 du 31 octobre 2024 — annexe 4 — NOR MENE2415135A,0,0,NO_CONTENT
MATHS,CE2,COMMON,Espace et géométrie,La géométrie plane,MATHS.CE2.EG.completer-sur-une-feuille-quadrillee-ou-pointee-une-figure-simple-pour,"Compléter, sur une feuille quadrillée ou pointée, une figure simple pour la rendre symétrique par rapport à un axe donné",PROVEN_OFFICIAL,SRC-C2-MATHS-2025 | BO n°41 du 31 octobre 2024 — annexe 4 — NOR MENE2415135A,0,0,NO_CONTENT
MATHS,CE2,COMMON,Espace et géométrie,La géométrie plane,MATHS.CE2.EG.connaitre-et-utiliser-le-codage-dun-angle-droit-et-celui-qui-indique-q,Connaitre et utiliser le codage d’un angle droit et celui qui indique que des segments ont la même longueur,PROVEN_OFFICIAL,SRC-C2-MATHS-2025 | BO n°41 du 31 octobre 2024 — annexe 4 — NOR MENE2415135A,0,0,NO_CONTENT
MATHS,CE2,COMMON,Espace et géométrie,La géométrie plane,MATHS.CE2.EG.connaitre-les-proprietes-des-angles-et-les-egalites-de-longueur-pour-l,"Connaitre les propriétés des angles et les égalités de longueur pour les carrés, les rectangles et les losanges",PROVEN_OFFICIAL,SRC-C2-MATHS-2025 | BO n°41 du 31 octobre 2024 — annexe 4 — NOR MENE2415135A,0,0,NO_CONTENT
MATHS,CE2,COMMON,Espace et géométrie,La géométrie plane,MATHS.CE2.EG.reconnaitre-nommer-et-decrire-le-carre-le-rectangle-le-triangle-le-tri,"Reconnaitre, nommer et décrire le carré, le rectangle, le triangle, le triangle rectangle et le losange",PROVEN_OFFICIAL,SRC-C2-MATHS-2025 | BO n°41 du 31 octobre 2024 — annexe 4 — NOR MENE2415135A,0,0,NO_CONTENT
MATHS,CE2,COMMON,Espace et géométrie,La géométrie plane,MATHS.CE2.EG.reconnaitre-si-une-figure-possede-un-ou-plusieurs-axes-de-symetrie-en,Reconnaitre si une figure possède un ou plusieurs axes de symétrie en utilisant des pliages ou du papier calque,PROVEN_OFFICIAL,SRC-C2-MATHS-2025 | BO n°41 du 31 octobre 2024 — annexe 4 — NOR MENE2415135A,0,0,NO_CONTENT
MATHS,CE2,COMMON,Espace et géométrie,La géométrie plane,MATHS.CE2.EG.reproduire-ou-construire-un-carre-un-rectangle-un-triangle-un-triangle,"Reproduire ou construire un carré, un rectangle, un triangle, un triangle rectangle et un cercle ou des assemblages de ces figures sur tout support (papier…",PROVEN_OFFICIAL,SRC-C2-MATHS-2025 | BO n°41 du 31 octobre 2024 — annexe 4 — NOR MENE2415135A,0,0,NO_CONTENT
MATHS,CE2,COMMON,Espace et géométrie,La géométrie plane,MATHS.CE2.EG.utiliser-le-vocabulaire-geometrique-approprie,Utiliser le vocabulaire géométrique approprié,PROVEN_OFFICIAL,SRC-C2-MATHS-2025 | BO n°41 du 31 octobre 2024 — annexe 4 — NOR MENE2415135A,0,0,NO_CONTENT
MATHS,CE2,COMMON,Espace et géométrie,Les solides,MATHS.CE2.EG.connaitre-la-nature-des-faces-dune-pyramide,Connaitre la nature des faces d’une pyramide,PROVEN_OFFICIAL,SRC-C2-MATHS-2025 | BO n°41 du 31 octobre 2024 — annexe 4 — NOR MENE2415135A,0,0,NO_CONTENT
MATHS,CE2,COMMON,Espace et géométrie,Les solides,MATHS.CE2.EG.connaitre-le-nombre-et-la-nature-des-faces-dun-cube-ou-dun-pave,Connaitre le nombre et la nature des faces d’un cube ou d’un pavé,PROVEN_OFFICIAL,SRC-C2-MATHS-2025 | BO n°41 du 31 octobre 2024 — annexe 4 — NOR MENE2415135A,0,0,NO_CONTENT
MATHS,CE2,COMMON,Espace et géométrie,Les solides,MATHS.CE2.EG.construire-un-cube-a-partir-dun-patron,Construire un cube à partir d’un patron,PROVEN_OFFICIAL,SRC-C2-MATHS-2025 | BO n°41 du 31 octobre 2024 — annexe 4 — NOR MENE2415135A,0,0,NO_CONTENT
MATHS,CE2,COMMON,Espace et géométrie,Les solides,MATHS.CE2.EG.construire-un-cube-un-pave-ou-une-pyramide,"Construire un cube, un pavé ou une pyramide",PROVEN_OFFICIAL,SRC-C2-MATHS-2025 | BO n°41 du 31 octobre 2024 — annexe 4 — NOR MENE2415135A,0,0,NO_CONTENT
MATHS,CE2,COMMON,Espace et géométrie,Les solides,MATHS.CE2.EG.decrire-un-cube-un-pave-ou-une-pyramide-en-utilisant-les-termes-face-s,"Décrire un cube, un pavé ou une pyramide en utilisant les termes « face », « sommet » et « arête »",PROVEN_OFFICIAL,SRC-C2-MATHS-2025 | BO n°41 du 31 octobre 2024 — annexe 4 — NOR MENE2415135A,0,0,NO_CONTENT
MATHS,CE2,COMMON,Espace et géométrie,Les solides,MATHS.CE2.EG.nommer-un-cube-une-boule-un-pave-un-cone-une-pyramide-ou-un-cylindre,"Nommer un cube, une boule, un pavé, un cône, une pyramide ou un cylindre",PROVEN_OFFICIAL,SRC-C2-MATHS-2025 | BO n°41 du 31 octobre 2024 — annexe 4 — NOR MENE2415135A,0,0,NO_CONTENT
MATHS,CE2,COMMON,Grandeurs et mesures,La monnaie,MATHS.CE2.GM.poser-et-effectuer-des-additions-de-montants-en-euro,Poser et effectuer des additions de montants en euro,PROVEN_OFFICIAL,SRC-C2-MATHS-2025 | BO n°41 du 31 octobre 2024 — annexe 4 — NOR MENE2415135A,0,0,NO_CONTENT
MATHS,CE2,COMMON,Grandeurs et mesures,La monnaie,MATHS.CE2.GM.poser-et-effectuer-des-soustractions-de-montants-en-euro,Poser et effectuer des soustractions de montants en euro,PROVEN_OFFICIAL,SRC-C2-MATHS-2025 | BO n°41 du 31 octobre 2024 — annexe 4 — NOR MENE2415135A,0,0,NO_CONTENT
MATHS,CE2,COMMON,Grandeurs et mesures,La monnaie,MATHS.CE2.GM.simuler-des-achats-en-manipulant-des-pieces-et-des-billets-fictifs-ren,Simuler des achats en manipulant des pièces et des billets fictifs. Rendre la monnaie,PROVEN_OFFICIAL,SRC-C2-MATHS-2025 | BO n°41 du 31 octobre 2024 — annexe 4 — NOR MENE2415135A,0,0,NO_CONTENT
MATHS,CE2,COMMON,Grandeurs et mesures,Le repérage dans le temps et les durées,MATHS.CE2.GM.comparer-et-mesurer-des-durees-ecoulees-entre-deux-instants-affiches-s,Comparer et mesurer des durées écoulées entre deux instants affichés sur une horloge (pour des intervalles de temps situés dans une même journée),PROVEN_OFFICIAL,SRC-C2-MATHS-2025 | BO n°41 du 31 octobre 2024 — annexe 4 — NOR MENE2415135A,0,0,NO_CONTENT
MATHS,CE2,COMMON,Grandeurs et mesures,Le repérage dans le temps et les durées,MATHS.CE2.GM.lire-lheure-sur-une-horloge-a-aiguilles,Lire l’heure sur une horloge à aiguilles,PROVEN_OFFICIAL,SRC-C2-MATHS-2025 | BO n°41 du 31 octobre 2024 — annexe 4 — NOR MENE2415135A,0,0,NO_CONTENT
MATHS,CE2,COMMON,Grandeurs et mesures,Le repérage dans le temps et les durées,MATHS.CE2.GM.positionner-les-aiguilles-dune-horloge-correspondant-a-une-heure-donne,Positionner les aiguilles d’une horloge correspondant à une heure donnée en heures entières ou en heures et minutes,PROVEN_OFFICIAL,SRC-C2-MATHS-2025 | BO n°41 du 31 octobre 2024 — annexe 4 — NOR MENE2415135A,0,0,NO_CONTENT
MATHS,CE2,COMMON,Grandeurs et mesures,Le repérage dans le temps et les durées,MATHS.CE2.GM.resoudre-des-problemes-a-une-ou-deux-etapes-impliquant-des-durees,Résoudre des problèmes à une ou deux étapes impliquant des durées,PROVEN_OFFICIAL,SRC-C2-MATHS-2025 | BO n°41 du 31 octobre 2024 — annexe 4 — NOR MENE2415135A,0,0,NO_CONTENT
MATHS,CE2,COMMON,Grandeurs et mesures,Les longueurs,MATHS.CE2.GM.choisir-lunite-la-mieux-adaptee-pour-exprimer-une-longueur,Choisir l’unité la mieux adaptée pour exprimer une longueur,PROVEN_OFFICIAL,SRC-C2-MATHS-2025 | BO n°41 du 31 octobre 2024 — annexe 4 — NOR MENE2415135A,0,0,NO_CONTENT
MATHS,CE2,COMMON,Grandeurs et mesures,Les longueurs,MATHS.CE2.GM.comparer-des-longueurs,Comparer des longueurs,PROVEN_OFFICIAL,SRC-C2-MATHS-2025 | BO n°41 du 31 octobre 2024 — annexe 4 — NOR MENE2415135A,0,0,NO_CONTENT
MATHS,CE2,COMMON,Grandeurs et mesures,Les longueurs,MATHS.CE2.GM.comparer-le-perimetre-de-plusieurs-polygones-sans-regle-graduee-en-uti,"Comparer le périmètre de plusieurs polygones sans règle graduée, en utilisant un compas",PROVEN_OFFICIAL,SRC-C2-MATHS-2025 | BO n°41 du 31 octobre 2024 — annexe 4 — NOR MENE2415135A,0,0,NO_CONTENT
MATHS,CE2,COMMON,Grandeurs et mesures,Les longueurs,MATHS.CE2.GM.connaitre-et-utiliser-les-unites-metre-decimetre-centimetre-millimetre,"Connaitre et utiliser les unités mètre, décimètre, centimètre, millimètre, kilomètre et les symboles associés (m, dm, cm, mm, km)",PROVEN_OFFICIAL,SRC-C2-MATHS-2025 | BO n°41 du 31 octobre 2024 — annexe 4 — NOR MENE2415135A,0,0,NO_CONTENT
MATHS,CE2,COMMON,Grandeurs et mesures,Les longueurs,MATHS.CE2.GM.connaitre-les-relations-entre-les-unites-de-longueur,Connaitre les relations entre les unités de longueur,PROVEN_OFFICIAL,SRC-C2-MATHS-2025 | BO n°41 du 31 octobre 2024 — annexe 4 — NOR MENE2415135A,0,0,NO_CONTENT
MATHS,CE2,COMMON,Grandeurs et mesures,Les longueurs,MATHS.CE2.GM.determiner-le-perimetre-dun-polygone-en-utilisant-une-regle-graduee,Déterminer le périmètre d’un polygone en utilisant une règle graduée,PROVEN_OFFICIAL,SRC-C2-MATHS-2025 | BO n°41 du 31 octobre 2024 — annexe 4 — NOR MENE2415135A,0,0,NO_CONTENT
MATHS,CE2,COMMON,Grandeurs et mesures,Les longueurs,MATHS.CE2.GM.disposer-de-quelques-longueurs-de-reference,Disposer de quelques longueurs de référence,PROVEN_OFFICIAL,SRC-C2-MATHS-2025 | BO n°41 du 31 octobre 2024 — annexe 4 — NOR MENE2415135A,0,0,NO_CONTENT
MATHS,CE2,COMMON,Grandeurs et mesures,Les longueurs,MATHS.CE2.GM.estimer-la-longueur-dun-objet-ou-une-distance,Estimer la longueur d’un objet ou une distance,PROVEN_OFFICIAL,SRC-C2-MATHS-2025 | BO n°41 du 31 octobre 2024 — annexe 4 — NOR MENE2415135A,0,0,NO_CONTENT
MATHS,CE2,COMMON,Grandeurs et mesures,Les longueurs,MATHS.CE2.GM.savoir-ce-quest-le-perimetre-dune-figure-plane,Savoir ce qu’est le périmètre d’une figure plane,PROVEN_OFFICIAL,SRC-C2-MATHS-2025 | BO n°41 du 31 octobre 2024 — annexe 4 — NOR MENE2415135A,0,0,NO_CONTENT
MATHS,CE2,COMMON,Grandeurs et mesures,Les longueurs,MATHS.CE2.GM.tracer-un-segment-de-longueur-donnee,Tracer un segment de longueur donnée,PROVEN_OFFICIAL,SRC-C2-MATHS-2025 | BO n°41 du 31 octobre 2024 — annexe 4 — NOR MENE2415135A,0,0,NO_CONTENT
MATHS,CE2,COMMON,"Nombres, calcul et résolution de problèmes",La résolution de problèmes,MATHS.CE2.NCRP.resoudre-des-problemes-additifs-en-deux-etapes,Résoudre des problèmes additifs en deux étapes,PROVEN_OFFICIAL,SRC-C2-MATHS-2025 | BO n°41 du 31 octobre 2024 — annexe 4 — NOR MENE2415135A,0,0,NO_CONTENT
MATHS,CE2,COMMON,"Nombres, calcul et résolution de problèmes",La résolution de problèmes,MATHS.CE2.NCRP.resoudre-des-problemes-additifs-en-une-etape-de-types-parties-tout-et,Résoudre des problèmes additifs en une étape de types parties-tout et comparaison,PROVEN_OFFICIAL,SRC-C2-MATHS-2025 | BO n°41 du 31 octobre 2024 — annexe 4 — NOR MENE2415135A,0,0,NO_CONTENT
MATHS,CE2,COMMON,"Nombres, calcul et résolution de problèmes",La résolution de problèmes,MATHS.CE2.NCRP.resoudre-des-problemes-de-comparaison-multiplicative-en-une-etape,Résoudre des problèmes de comparaison multiplicative en une étape,PROVEN_OFFICIAL,SRC-C2-MATHS-2025 | BO n°41 du 31 octobre 2024 — annexe 4 — NOR MENE2415135A,0,0,NO_CONTENT
MATHS,CE2,COMMON,"Nombres, calcul et résolution de problèmes",La résolution de problèmes,MATHS.CE2.NCRP.resoudre-des-problemes-mettant-en-jeu-des-produits-cartesiens,Résoudre des problèmes mettant en jeu des produits cartésiens,PROVEN_OFFICIAL,SRC-C2-MATHS-2025 | BO n°41 du 31 octobre 2024 — annexe 4 — NOR MENE2415135A,0,0,NO_CONTENT
MATHS,CE2,COMMON,"Nombres, calcul et résolution de problèmes",La résolution de problèmes,MATHS.CE2.NCRP.resoudre-des-problemes-mixtes-en-deux-ou-trois-etapes,Résoudre des problèmes mixtes en deux ou trois étapes,PROVEN_OFFICIAL,SRC-C2-MATHS-2025 | BO n°41 du 31 octobre 2024 — annexe 4 — NOR MENE2415135A,0,0,NO_CONTENT
MATHS,CE2,COMMON,"Nombres, calcul et résolution de problèmes",La résolution de problèmes,MATHS.CE2.NCRP.resoudre-des-problemes-multiplicatifs-en-une-etape,Résoudre des problèmes multiplicatifs en une étape,PROVEN_OFFICIAL,SRC-C2-MATHS-2025 | BO n°41 du 31 octobre 2024 — annexe 4 — NOR MENE2415135A,0,0,NO_CONTENT
MATHS,CE2,COMMON,"Nombres, calcul et résolution de problèmes",Les fractions,MATHS.CE2.NCRP.additionner-et-soustraire-des-fractions,Additionner et soustraire des fractions,PROVEN_OFFICIAL,SRC-C2-MATHS-2025 | BO n°41 du 31 octobre 2024 — annexe 4 — NOR MENE2415135A,0,0,NO_CONTENT
MATHS,CE2,COMMON,"Nombres, calcul et résolution de problèmes",Les fractions,MATHS.CE2.NCRP.comparer-des-fractions-inferieures-a-1,Comparer des fractions inférieures à 1,PROVEN_OFFICIAL,SRC-C2-MATHS-2025 | BO n°41 du 31 octobre 2024 — annexe 4 — NOR MENE2415135A,0,0,NO_CONTENT
MATHS,CE2,COMMON,"Nombres, calcul et résolution de problèmes",Les fractions,MATHS.CE2.NCRP.partager-une-unite-de-longueur-en-fractions-dunite-et-mesurer-des-long,Partager une unité de longueur en fractions d’unité et mesurer des longueurs non entières par rapport à cette unité,PROVEN_OFFICIAL,SRC-C2-MATHS-2025 | BO n°41 du 31 octobre 2024 — annexe 4 — NOR MENE2415135A,0,0,NO_CONTENT
MATHS,CE2,COMMON,"Nombres, calcul et résolution de problèmes",Les fractions,MATHS.CE2.NCRP.savoir-etablir-des-egalites-de-fractions-inferieures-ou-egales-a-1,Savoir établir des égalités de fractions inférieures ou égales à 1,PROVEN_OFFICIAL,SRC-C2-MATHS-2025 | BO n°41 du 31 octobre 2024 — annexe 4 — NOR MENE2415135A,0,0,NO_CONTENT
MATHS,CE2,COMMON,"Nombres, calcul et résolution de problèmes",Les nombres entiers,MATHS.CE2.NCRP.comparer-encadrer-intercaler-des-nombres-entiers-en-utilisant-les-symb,"Comparer, encadrer, intercaler des nombres entiers en utilisant les symboles (=, <, >)",PROVEN_OFFICIAL,SRC-C2-MATHS-2025 | BO n°41 du 31 octobre 2024 — annexe 4 — NOR MENE2415135A,0,0,NO_CONTENT
MATHS,CE2,COMMON,"Nombres, calcul et résolution de problèmes",Les nombres entiers,MATHS.CE2.NCRP.comprendre-et-savoir-utiliser-les-expressions-egal-a-superieur-a-infer,"Comprendre et savoir utiliser les expressions « égal à », « supérieur à », « inférieur à », « compris entre … et … »",PROVEN_OFFICIAL,SRC-C2-MATHS-2025 | BO n°41 du 31 octobre 2024 — annexe 4 — NOR MENE2415135A,0,0,NO_CONTENT
MATHS,CE2,COMMON,"Nombres, calcul et résolution de problèmes",Les nombres entiers,MATHS.CE2.NCRP.connaitre-et-utiliser-diverses-representations-dun-nombre-et-passer-de,Connaitre et utiliser diverses représentations d’un nombre et passer de l’une à l’autre,PROVEN_OFFICIAL,SRC-C2-MATHS-2025 | BO n°41 du 31 octobre 2024 — annexe 4 — NOR MENE2415135A,0,0,NO_CONTENT
MATHS,CE2,COMMON,"Nombres, calcul et résolution de problèmes",Les nombres entiers,MATHS.CE2.NCRP.connaitre-et-utiliser-les-relations-entre-les-unites-de-numeration,Connaitre et utiliser les relations entre les unités de numération,PROVEN_OFFICIAL,SRC-C2-MATHS-2025 | BO n°41 du 31 octobre 2024 — annexe 4 — NOR MENE2415135A,0,0,NO_CONTENT
MATHS,CE2,COMMON,"Nombres, calcul et résolution de problèmes",Les nombres entiers,MATHS.CE2.NCRP.connaitre-la-suite-ecrite-et-la-suite-orale-des-nombres-jusqua-dix-mil,Connaitre la suite écrite et la suite orale des nombres jusqu’à dix-mille,PROVEN_OFFICIAL,SRC-C2-MATHS-2025 | BO n°41 du 31 octobre 2024 — annexe 4 — NOR MENE2415135A,0,0,NO_CONTENT
MATHS,CE2,COMMON,"Nombres, calcul et résolution de problèmes",Les nombres entiers,MATHS.CE2.NCRP.connaitre-la-valeur-des-chiffres-en-fonction-de-leur-position-dans-un,Connaitre la valeur des chiffres en fonction de leur position dans un nombre,PROVEN_OFFICIAL,SRC-C2-MATHS-2025 | BO n°41 du 31 octobre 2024 — annexe 4 — NOR MENE2415135A,0,0,NO_CONTENT
MATHS,CE2,COMMON,"Nombres, calcul et résolution de problèmes",Les nombres entiers,MATHS.CE2.NCRP.construire-des-collections-de-cardinal-donne,Construire des collections de cardinal donné,PROVEN_OFFICIAL,SRC-C2-MATHS-2025 | BO n°41 du 31 octobre 2024 — annexe 4 — NOR MENE2415135A,0,0,NO_CONTENT
MATHS,CE2,COMMON,"Nombres, calcul et résolution de problèmes",Les nombres entiers,MATHS.CE2.NCRP.denombrer-des-collections,Dénombrer des collections,PROVEN_OFFICIAL,SRC-C2-MATHS-2025 | BO n°41 du 31 octobre 2024 — annexe 4 — NOR MENE2415135A,0,0,NO_CONTENT
MATHS,CE2,COMMON,"Nombres, calcul et résolution de problèmes",Les nombres entiers,MATHS.CE2.NCRP.ordonner-des-nombres-dans-lordre-croissant-ou-decroissant,Ordonner des nombres dans l’ordre croissant ou décroissant,PROVEN_OFFICIAL,SRC-C2-MATHS-2025 | BO n°41 du 31 octobre 2024 — annexe 4 — NOR MENE2415135A,0,0,NO_CONTENT
MATHS,CE2,COMMON,"Nombres, calcul et résolution de problèmes",Les nombres entiers,MATHS.CE2.NCRP.savoir-placer-des-nombres-sur-une-demi-droite-graduee,Savoir placer des nombres sur une demi-droite graduée,PROVEN_OFFICIAL,SRC-C2-MATHS-2025 | BO n°41 du 31 octobre 2024 — annexe 4 — NOR MENE2415135A,0,0,NO_CONTENT
MATHS,CE2,COMMON,"Nombres, calcul et résolution de problèmes",Les quatre opérations,MATHS.CE2.NCRP.comprendre-et-utiliser-les-mots-facteur-produit-et-multiple,"Comprendre et utiliser les mots « facteur », « produit » et « multiple »",PROVEN_OFFICIAL,SRC-C2-MATHS-2025 | BO n°41 du 31 octobre 2024 — annexe 4 — NOR MENE2415135A,0,0,NO_CONTENT
MATHS,CE2,COMMON,"Nombres, calcul et résolution de problèmes",Les quatre opérations,MATHS.CE2.NCRP.comprendre-et-utiliser-les-mots-terme-somme-et-difference,"Comprendre et utiliser les mots « terme », « somme » et « différence »",PROVEN_OFFICIAL,SRC-C2-MATHS-2025 | BO n°41 du 31 octobre 2024 — annexe 4 — NOR MENE2415135A,0,0,NO_CONTENT
MATHS,CE2,COMMON,"Nombres, calcul et résolution de problèmes",Les quatre opérations,MATHS.CE2.NCRP.comprendre-le-sens-de-la-division-et-utiliser-le-symbole,Comprendre le sens de la division et utiliser le symbole « ÷ »,PROVEN_OFFICIAL,SRC-C2-MATHS-2025 | BO n°41 du 31 octobre 2024 — annexe 4 — NOR MENE2415135A,0,0,NO_CONTENT
MATHS,CE2,COMMON,"Nombres, calcul et résolution de problèmes",Les quatre opérations,MATHS.CE2.NCRP.poser-et-effectuer-des-additions-et-des-soustractions-en-colonnes,Poser et effectuer des additions et des soustractions en colonnes,PROVEN_OFFICIAL,SRC-C2-MATHS-2025 | BO n°41 du 31 octobre 2024 — annexe 4 — NOR MENE2415135A,0,0,NO_CONTENT
MATHS,CE2,COMMON,"Nombres, calcul et résolution de problèmes",Les quatre opérations,MATHS.CE2.NCRP.poser-et-effectuer-des-multiplications-dun-nombre-a-deux-ou-trois-chif,Poser et effectuer des multiplications d’un nombre à deux ou trois chiffres par un nombre à un ou deux chiffres,PROVEN_OFFICIAL,SRC-C2-MATHS-2025 | BO n°41 du 31 octobre 2024 — annexe 4 — NOR MENE2415135A,0,0,NO_CONTENT
MATHS,CE2,COMMON,"Nombres, calcul et résolution de problèmes",Mémoriser des faits numériques,MATHS.CE2.NCRP.connaitre-dans-les-deux-sens-les-tables-daddition,Connaitre dans les deux sens les tables d’addition,PROVEN_OFFICIAL,SRC-C2-MATHS-2025 | BO n°41 du 31 octobre 2024 — annexe 4 — NOR MENE2415135A,0,0,NO_CONTENT
MATHS,CE2,COMMON,"Nombres, calcul et résolution de problèmes",Mémoriser des faits numériques,MATHS.CE2.NCRP.connaitre-dans-les-deux-sens-les-tables-de-multiplication,Connaitre dans les deux sens les tables de multiplication,PROVEN_OFFICIAL,SRC-C2-MATHS-2025 | BO n°41 du 31 octobre 2024 — annexe 4 — NOR MENE2415135A,0,0,NO_CONTENT
MATHS,CE2,COMMON,"Nombres, calcul et résolution de problèmes",Mémoriser des faits numériques,MATHS.CE2.NCRP.connaitre-des-faits-multiplicatifs-usuels,Connaitre des faits multiplicatifs usuels,PROVEN_OFFICIAL,SRC-C2-MATHS-2025 | BO n°41 du 31 octobre 2024 — annexe 4 — NOR MENE2415135A,0,0,NO_CONTENT
MATHS,CM1,COMMON,Espace et géométrie,La géométrie plane,MATHS.CM1.EG.completer-une-figure-pour-la-rendre-symetrique-par-rapport-a-une-droit,"Compléter une figure pour la rendre symétrique par rapport à une droite donnée, horizontale ou verticale",PROVEN_OFFICIAL,SRC-C3-MATHS-NOUVEAU | BO n°16 du 17 avril 2025 — NOR MENE2504620A — arrêté du 10 avril 2025,0,0,NO_CONTENT
MATHS,CM1,COMMON,Espace et géométrie,La géométrie plane,MATHS.CM1.EG.connaitre-les-codes-usuels-utilises-en-geometrie,Connaître les codes usuels utilisés en géométrie,PROVEN_OFFICIAL,SRC-C3-MATHS-NOUVEAU | BO n°16 du 17 avril 2025 — NOR MENE2504620A — arrêté du 10 avril 2025,0,0,NO_CONTENT
MATHS,CM1,COMMON,Espace et géométrie,La géométrie plane,MATHS.CM1.EG.connaitre-les-proprietes-de-parallelisme-des-cotes-opposes-des-egalite,"Connaître les propriétés de parallélisme des côtés opposés, des égalités de longueurs et d’angles pour les figures usuelles : triangle rectangle, triangle…",PROVEN_OFFICIAL,SRC-C3-MATHS-NOUVEAU | BO n°16 du 17 avril 2025 — NOR MENE2504620A — arrêté du 10 avril 2025,0,0,NO_CONTENT
MATHS,CM1,COMMON,Espace et géométrie,La géométrie plane,MATHS.CM1.EG.construire-sur-papier-quadrille-la-figure-symetrique-dune-figure-donne,"Construire, sur papier quadrillé, la figure symétrique d’une figure donnée par rapport à une droite horizontale ou verticale",PROVEN_OFFICIAL,SRC-C3-MATHS-NOUVEAU | BO n°16 du 17 avril 2025 — NOR MENE2504620A — arrêté du 10 avril 2025,0,0,NO_CONTENT
MATHS,CM1,COMMON,Espace et géométrie,La géométrie plane,MATHS.CM1.EG.construire-une-figure-geometrique-composee-de-segments-de-droites-de-p,"Construire une figure géométrique composée de segments, de droites, de polygones usuels et de cercles",PROVEN_OFFICIAL,SRC-C3-MATHS-NOUVEAU | BO n°16 du 17 avril 2025 — NOR MENE2504620A — arrêté du 10 avril 2025,0,0,NO_CONTENT
MATHS,CM1,COMMON,Espace et géométrie,La géométrie plane,MATHS.CM1.EG.decrire-et-reconnaitre-un-cercle-et-un-disque-comme-un-ensemble-de-poi,Décrire et reconnaître un cercle et un disque comme un ensemble de points caractérisés par leur distance à un point donné,PROVEN_OFFICIAL,SRC-C3-MATHS-NOUVEAU | BO n°16 du 17 avril 2025 — NOR MENE2504620A — arrêté du 10 avril 2025,0,0,NO_CONTENT
MATHS,CM1,COMMON,Espace et géométrie,La géométrie plane,MATHS.CM1.EG.reconnaitre-et-nommer-les-figures-suivantes-en-faisant-reference-a-leu,"Reconnaître et nommer les figures suivantes en faisant référence à leur définition : triangle, triangle rectangle, triangle isocèle, triangle équilatéral…",PROVEN_OFFICIAL,SRC-C3-MATHS-NOUVEAU | BO n°16 du 17 avril 2025 — NOR MENE2504620A — arrêté du 10 avril 2025,0,0,NO_CONTENT
MATHS,CM1,COMMON,Espace et géométrie,La géométrie plane,MATHS.CM1.EG.reconnaitre-et-utiliser-la-notion-de-parallelisme,Reconnaître et utiliser la notion de parallélisme,PROVEN_OFFICIAL,SRC-C3-MATHS-NOUVEAU | BO n°16 du 17 avril 2025 — NOR MENE2504620A — arrêté du 10 avril 2025,0,0,NO_CONTENT
MATHS,CM1,COMMON,Espace et géométrie,La géométrie plane,MATHS.CM1.EG.reconnaitre-et-utiliser-la-notion-de-perpendicularite,Reconnaître et utiliser la notion de perpendicularité,PROVEN_OFFICIAL,SRC-C3-MATHS-NOUVEAU | BO n°16 du 17 avril 2025 — NOR MENE2504620A — arrêté du 10 avril 2025,0,0,NO_CONTENT
MATHS,CM1,COMMON,Espace et géométrie,La géométrie plane,MATHS.CM1.EG.reconnaitre-si-une-figure-possede-un-ou-plusieurs-axes-de-symetrie,Reconnaître si une figure possède un ou plusieurs axes de symétrie,PROVEN_OFFICIAL,SRC-C3-MATHS-NOUVEAU | BO n°16 du 17 avril 2025 — NOR MENE2504620A — arrêté du 10 avril 2025,0,0,NO_CONTENT
MATHS,CM1,COMMON,Espace et géométrie,La géométrie plane,MATHS.CM1.EG.reproduire-ou-construire-un-carre-un-rectangle-un-triangle-un-triangle,"Reproduire ou construire un carré, un rectangle, un triangle, un triangle rectangle ou un cercle ou des assemblages de ces figures sur tout support (papier…",PROVEN_OFFICIAL,SRC-C3-MATHS-NOUVEAU | BO n°16 du 17 avril 2025 — NOR MENE2504620A — arrêté du 10 avril 2025,0,0,NO_CONTENT
MATHS,CM1,COMMON,Espace et géométrie,La géométrie plane,MATHS.CM1.EG.utiliser-le-vocabulaire-geometrique-approprie-dans-le-contexte-dappren,Utiliser le vocabulaire géométrique approprié dans le contexte d’apprentissage des notions correspondantes,PROVEN_OFFICIAL,SRC-C3-MATHS-NOUVEAU | BO n°16 du 17 avril 2025 — NOR MENE2504620A — arrêté du 10 avril 2025,0,0,NO_CONTENT
MATHS,CM1,COMMON,Espace et géométrie,La géométrie plane,MATHS.CM1.EG.utiliser-les-outils-geometriques-usuels-regle-regle-graduee-equerre-et,"Utiliser les outils géométriques usuels : règle, règle graduée, équerre et compas",PROVEN_OFFICIAL,SRC-C3-MATHS-NOUVEAU | BO n°16 du 17 avril 2025 — NOR MENE2504620A — arrêté du 10 avril 2025,0,0,NO_CONTENT
MATHS,CM1,COMMON,Espace et géométrie,Le repérage dans l’espace,MATHS.CM1.EG.comprendre-utiliser-et-produire-une-suite-dinstructions-qui-decrivent,"Comprendre, utiliser et produire une suite d’instructions qui décrivent un déplacement en utilisant un vocabulaire spatial précis",PROVEN_OFFICIAL,SRC-C3-MATHS-NOUVEAU | BO n°16 du 17 avril 2025 — NOR MENE2504620A — arrêté du 10 avril 2025,0,0,NO_CONTENT
MATHS,CM1,COMMON,Espace et géométrie,Le repérage dans l’espace,MATHS.CM1.EG.connaitre-et-utiliser-le-vocabulaire-lie-aux-deplacements,Connaître et utiliser le vocabulaire lié aux déplacements,PROVEN_OFFICIAL,SRC-C3-MATHS-NOUVEAU | BO n°16 du 17 avril 2025 — NOR MENE2504620A — arrêté du 10 avril 2025,0,0,NO_CONTENT
MATHS,CM1,COMMON,Espace et géométrie,Le repérage dans l’espace,MATHS.CM1.EG.resoudre-des-problemes-portant-sur-des-assemblages-de-cubes,Résoudre des problèmes portant sur des assemblages de cubes,PROVEN_OFFICIAL,SRC-C3-MATHS-NOUVEAU | BO n°16 du 17 avril 2025 — NOR MENE2504620A — arrêté du 10 avril 2025,0,0,NO_CONTENT
MATHS,CM1,COMMON,Espace et géométrie,Les solides,MATHS.CM1.EG.connaitre-la-nature-des-faces-dun-prisme-droit,Connaître la nature des faces d’un prisme droit,PROVEN_OFFICIAL,SRC-C3-MATHS-NOUVEAU | BO n°16 du 17 avril 2025 — NOR MENE2504620A — arrêté du 10 avril 2025,0,0,NO_CONTENT
MATHS,CM1,COMMON,Espace et géométrie,Les solides,MATHS.CM1.EG.connaitre-la-nature-des-faces-dune-pyramide,Connaître la nature des faces d’une pyramide,PROVEN_OFFICIAL,SRC-C3-MATHS-NOUVEAU | BO n°16 du 17 avril 2025 — NOR MENE2504620A — arrêté du 10 avril 2025,0,0,NO_CONTENT
MATHS,CM1,COMMON,Espace et géométrie,Les solides,MATHS.CM1.EG.connaitre-le-nombre-et-la-nature-des-faces-dun-cube-ou-dun-pave,Connaître le nombre et la nature des faces d’un cube ou d’un pavé,PROVEN_OFFICIAL,SRC-C3-MATHS-NOUVEAU | BO n°16 du 17 avril 2025 — NOR MENE2504620A — arrêté du 10 avril 2025,0,0,NO_CONTENT
MATHS,CM1,COMMON,Espace et géométrie,Les solides,MATHS.CM1.EG.construire-un-cube-un-pave-une-pyramide-ou-un-prisme-droit,"Construire un cube, un pavé, une pyramide ou un prisme droit",PROVEN_OFFICIAL,SRC-C3-MATHS-NOUVEAU | BO n°16 du 17 avril 2025 — NOR MENE2504620A — arrêté du 10 avril 2025,0,0,NO_CONTENT
MATHS,CM1,COMMON,Espace et géométrie,Les solides,MATHS.CM1.EG.construire-un-patron-dun-cube,Construire un patron d’un cube,PROVEN_OFFICIAL,SRC-C3-MATHS-NOUVEAU | BO n°16 du 17 avril 2025 — NOR MENE2504620A — arrêté du 10 avril 2025,0,0,NO_CONTENT
MATHS,CM1,COMMON,Espace et géométrie,Les solides,MATHS.CM1.EG.decrire-un-cube-un-pave-une-pyramide-et-un-prisme-droit-en-faisant-ref,"Décrire un cube, un pavé, une pyramide et un prisme droit en faisant référence à des propriétés et en utilisant le vocabulaire approprié",PROVEN_OFFICIAL,SRC-C3-MATHS-NOUVEAU | BO n°16 du 17 avril 2025 — NOR MENE2504620A — arrêté du 10 avril 2025,0,0,NO_CONTENT
MATHS,CM1,COMMON,Espace et géométrie,Les solides,MATHS.CM1.EG.nommer-un-cube-une-boule-un-pave-un-cone-une-pyramide-un-cylindre-et-u,"Nommer un cube, une boule, un pavé, un cône, une pyramide, un cylindre et un prisme droit",PROVEN_OFFICIAL,SRC-C3-MATHS-NOUVEAU | BO n°16 du 17 avril 2025 — NOR MENE2504620A — arrêté du 10 avril 2025,0,0,NO_CONTENT
MATHS,CM1,COMMON,Espace et géométrie,Les solides,MATHS.CM1.EG.reconnaitre-un-patron-dun-cube,Reconnaître un patron d’un cube,PROVEN_OFFICIAL,SRC-C3-MATHS-NOUVEAU | BO n°16 du 17 avril 2025 — NOR MENE2504620A — arrêté du 10 avril 2025,0,0,NO_CONTENT
MATHS,CM1,COMMON,Grandeurs et mesures,Le repérage dans le temps et les durées,MATHS.CM1.GM.comparer-et-mesurer-des-durees-ecoulees-entre-deux-instants-affiches-s,Comparer et mesurer des durées écoulées entre deux instants affichés sur une horloge (instants et durées sont exprimés en heure et minute),PROVEN_OFFICIAL,SRC-C3-MATHS-NOUVEAU | BO n°16 du 17 avril 2025 — NOR MENE2504620A — arrêté du 10 avril 2025,0,0,NO_CONTENT
MATHS,CM1,COMMON,Grandeurs et mesures,Le repérage dans le temps et les durées,MATHS.CM1.GM.lire-lheure-sur-une-horloge-a-aiguilles,Lire l’heure sur une horloge à aiguilles,PROVEN_OFFICIAL,SRC-C3-MATHS-NOUVEAU | BO n°16 du 17 avril 2025 — NOR MENE2504620A — arrêté du 10 avril 2025,0,0,NO_CONTENT
MATHS,CM1,COMMON,Grandeurs et mesures,Le repérage dans le temps et les durées,MATHS.CM1.GM.positionner-les-aiguilles-dune-horloge-correspondant-a-une-heure-donne,Positionner les aiguilles d’une horloge correspondant à une heure donnée en heure et minute,PROVEN_OFFICIAL,SRC-C3-MATHS-NOUVEAU | BO n°16 du 17 avril 2025 — NOR MENE2504620A — arrêté du 10 avril 2025,0,0,NO_CONTENT
MATHS,CM1,COMMON,Grandeurs et mesures,Le repérage dans le temps et les durées,MATHS.CM1.GM.resoudre-des-problemes-a-une-ou-deux-etapes-impliquant-des-durees,Résoudre des problèmes à une ou deux étapes impliquant des durées,PROVEN_OFFICIAL,SRC-C3-MATHS-NOUVEAU | BO n°16 du 17 avril 2025 — NOR MENE2504620A — arrêté du 10 avril 2025,0,0,NO_CONTENT
MATHS,CM1,COMMON,Grandeurs et mesures,Les aires,MATHS.CM1.GM.comparer-les-aires-de-differentes-figures-planes,Comparer les aires de différentes figures planes,PROVEN_OFFICIAL,SRC-C3-MATHS-NOUVEAU | BO n°16 du 17 avril 2025 — NOR MENE2504620A — arrêté du 10 avril 2025,0,0,NO_CONTENT
MATHS,CM1,COMMON,Grandeurs et mesures,Les aires,MATHS.CM1.GM.connaitre-et-utiliser-les-centimetres-carres-pour-exprimer-des-aires,Connaître et utiliser les centimètres carrés pour exprimer des aires,PROVEN_OFFICIAL,SRC-C3-MATHS-NOUVEAU | BO n°16 du 17 avril 2025 — NOR MENE2504620A — arrêté du 10 avril 2025,0,0,NO_CONTENT
MATHS,CM1,COMMON,Grandeurs et mesures,Les aires,MATHS.CM1.GM.determiner-des-aires,Déterminer des aires,PROVEN_OFFICIAL,SRC-C3-MATHS-NOUVEAU | BO n°16 du 17 avril 2025 — NOR MENE2504620A — arrêté du 10 avril 2025,0,0,NO_CONTENT
MATHS,CM1,COMMON,Grandeurs et mesures,Les angles,MATHS.CM1.GM.comparer-des-angles,Comparer des angles,PROVEN_OFFICIAL,SRC-C3-MATHS-NOUVEAU | BO n°16 du 17 avril 2025 — NOR MENE2504620A — arrêté du 10 avril 2025,0,0,NO_CONTENT
MATHS,CM1,COMMON,Grandeurs et mesures,Les angles,MATHS.CM1.GM.comprendre-et-utiliser-les-notations-des-angles,Comprendre et utiliser les notations des angles,PROVEN_OFFICIAL,SRC-C3-MATHS-NOUVEAU | BO n°16 du 17 avril 2025 — NOR MENE2504620A — arrêté du 10 avril 2025,0,0,NO_CONTENT
MATHS,CM1,COMMON,Grandeurs et mesures,Les angles,MATHS.CM1.GM.utiliser-le-lexique-specifique-associe-aux-angles,Utiliser le lexique spécifique associé aux angles,PROVEN_OFFICIAL,SRC-C3-MATHS-NOUVEAU | BO n°16 du 17 avril 2025 — NOR MENE2504620A — arrêté du 10 avril 2025,0,0,NO_CONTENT
MATHS,CM1,COMMON,Grandeurs et mesures,Les contenances,MATHS.CM1.GM.choisir-une-unite-adaptee-pour-exprimer-une-contenance,Choisir une unité adaptée pour exprimer une contenance,PROVEN_OFFICIAL,SRC-C3-MATHS-NOUVEAU | BO n°16 du 17 avril 2025 — NOR MENE2504620A — arrêté du 10 avril 2025,0,0,NO_CONTENT
MATHS,CM1,COMMON,Grandeurs et mesures,Les contenances,MATHS.CM1.GM.comparer-des-contenances,Comparer des contenances,PROVEN_OFFICIAL,SRC-C3-MATHS-NOUVEAU | BO n°16 du 17 avril 2025 — NOR MENE2504620A — arrêté du 10 avril 2025,0,0,NO_CONTENT
MATHS,CM1,COMMON,Grandeurs et mesures,Les contenances,MATHS.CM1.GM.connaitre-et-utiliser-les-unites-de-contenance-du-millilitre-a-lhectol,Connaître et utiliser les unités de contenance du millilitre à l’hectolitre et les symboles associés,PROVEN_OFFICIAL,SRC-C3-MATHS-NOUVEAU | BO n°16 du 17 avril 2025 — NOR MENE2504620A — arrêté du 10 avril 2025,0,0,NO_CONTENT
MATHS,CM1,COMMON,Grandeurs et mesures,Les contenances,MATHS.CM1.GM.connaitre-les-relations-entre-les-unites-de-contenance,Connaître les relations entre les unités de contenance,PROVEN_OFFICIAL,SRC-C3-MATHS-NOUVEAU | BO n°16 du 17 avril 2025 — NOR MENE2504620A — arrêté du 10 avril 2025,0,0,NO_CONTENT
MATHS,CM1,COMMON,Grandeurs et mesures,Les longueurs,MATHS.CM1.GM.choisir-une-unite-adaptee-pour-exprimer-une-longueur,Choisir une unité adaptée pour exprimer une longueur,PROVEN_OFFICIAL,SRC-C3-MATHS-NOUVEAU | BO n°16 du 17 avril 2025 — NOR MENE2504620A — arrêté du 10 avril 2025,0,0,NO_CONTENT
MATHS,CM1,COMMON,Grandeurs et mesures,Les longueurs,MATHS.CM1.GM.comparer-des-longueurs,Comparer des longueurs,PROVEN_OFFICIAL,SRC-C3-MATHS-NOUVEAU | BO n°16 du 17 avril 2025 — NOR MENE2504620A — arrêté du 10 avril 2025,0,0,NO_CONTENT
MATHS,CM1,COMMON,Grandeurs et mesures,Les longueurs,MATHS.CM1.GM.connaitre-et-utiliser-les-unites-de-longueur-du-millimetre-au-kilometr,Connaître et utiliser les unités de longueur du millimètre au kilomètre et les symboles associés,PROVEN_OFFICIAL,SRC-C3-MATHS-NOUVEAU | BO n°16 du 17 avril 2025 — NOR MENE2504620A — arrêté du 10 avril 2025,0,0,NO_CONTENT
MATHS,CM1,COMMON,Grandeurs et mesures,Les longueurs,MATHS.CM1.GM.connaitre-les-relations-entre-les-unites-de-longueur,Connaître les relations entre les unités de longueur,PROVEN_OFFICIAL,SRC-C3-MATHS-NOUVEAU | BO n°16 du 17 avril 2025 — NOR MENE2504620A — arrêté du 10 avril 2025,0,0,NO_CONTENT
MATHS,CM1,COMMON,Grandeurs et mesures,Les longueurs,MATHS.CM1.GM.determiner-le-perimetre-dun-polygone-en-utilisant-une-regle-graduee,Déterminer le périmètre d’un polygone en utilisant une règle graduée,PROVEN_OFFICIAL,SRC-C3-MATHS-NOUVEAU | BO n°16 du 17 avril 2025 — NOR MENE2504620A — arrêté du 10 avril 2025,0,0,NO_CONTENT
MATHS,CM1,COMMON,Grandeurs et mesures,Les longueurs,MATHS.CM1.GM.disposer-de-quelques-longueurs-de-reference,Disposer de quelques longueurs de référence,PROVEN_OFFICIAL,SRC-C3-MATHS-NOUVEAU | BO n°16 du 17 avril 2025 — NOR MENE2504620A — arrêté du 10 avril 2025,0,0,NO_CONTENT
MATHS,CM1,COMMON,Grandeurs et mesures,Les longueurs,MATHS.CM1.GM.estimer-la-longueur-dun-objet-ou-dune-distance,Estimer la longueur d’un objet ou d’une distance,PROVEN_OFFICIAL,SRC-C3-MATHS-NOUVEAU | BO n°16 du 17 avril 2025 — NOR MENE2504620A — arrêté du 10 avril 2025,0,0,NO_CONTENT
MATHS,CM1,COMMON,Grandeurs et mesures,Les longueurs,MATHS.CM1.GM.resoudre-des-problemes-mettant-en-jeu-les-longueurs-des-cotes-dun-poly,Résoudre des problèmes mettant en jeu les longueurs des côtés d’un polygone et son périmètre,PROVEN_OFFICIAL,SRC-C3-MATHS-NOUVEAU | BO n°16 du 17 avril 2025 — NOR MENE2504620A — arrêté du 10 avril 2025,0,0,NO_CONTENT
MATHS,CM1,COMMON,Grandeurs et mesures,Les longueurs,MATHS.CM1.GM.savoir-ce-quest-le-perimetre-dune-figure-plane,Savoir ce qu’est le périmètre d’une figure plane,PROVEN_OFFICIAL,SRC-C3-MATHS-NOUVEAU | BO n°16 du 17 avril 2025 — NOR MENE2504620A — arrêté du 10 avril 2025,0,0,NO_CONTENT
MATHS,CM1,COMMON,Grandeurs et mesures,Les masses,MATHS.CM1.GM.choisir-une-unite-adaptee-pour-exprimer-une-masse,Choisir une unité adaptée pour exprimer une masse,PROVEN_OFFICIAL,SRC-C3-MATHS-NOUVEAU | BO n°16 du 17 avril 2025 — NOR MENE2504620A — arrêté du 10 avril 2025,0,0,NO_CONTENT
MATHS,CM1,COMMON,Grandeurs et mesures,Les masses,MATHS.CM1.GM.comparer-des-masses,Comparer des masses,PROVEN_OFFICIAL,SRC-C3-MATHS-NOUVEAU | BO n°16 du 17 avril 2025 — NOR MENE2504620A — arrêté du 10 avril 2025,0,0,NO_CONTENT
MATHS,CM1,COMMON,Grandeurs et mesures,Les masses,MATHS.CM1.GM.connaitre-et-utiliser-les-unites-de-masse-du-milligramme-au-kilogramme,"Connaître et utiliser les unités de masse du milligramme au kilogramme et la tonne, et les symboles associés",PROVEN_OFFICIAL,SRC-C3-MATHS-NOUVEAU | BO n°16 du 17 avril 2025 — NOR MENE2504620A — arrêté du 10 avril 2025,0,0,NO_CONTENT
MATHS,CM1,COMMON,Grandeurs et mesures,Les masses,MATHS.CM1.GM.connaitre-les-relations-entre-les-unites-de-masse,Connaître les relations entre les unités de masse,PROVEN_OFFICIAL,SRC-C3-MATHS-NOUVEAU | BO n°16 du 17 avril 2025 — NOR MENE2504620A — arrêté du 10 avril 2025,0,0,NO_CONTENT
MATHS,CM1,COMMON,Grandeurs et mesures,Les masses,MATHS.CM1.GM.disposer-de-quelques-masses-de-reference,Disposer de quelques masses de référence,PROVEN_OFFICIAL,SRC-C3-MATHS-NOUVEAU | BO n°16 du 17 avril 2025 — NOR MENE2504620A — arrêté du 10 avril 2025,0,0,NO_CONTENT
MATHS,CM1,COMMON,Grandeurs et mesures,Les masses,MATHS.CM1.GM.estimer-la-masse-dun-objet,Estimer la masse d’un objet,PROVEN_OFFICIAL,SRC-C3-MATHS-NOUVEAU | BO n°16 du 17 avril 2025 — NOR MENE2504620A — arrêté du 10 avril 2025,0,0,NO_CONTENT
MATHS,CM1,COMMON,"Nombres, calcul et résolution de problèmes",Algèbre,MATHS.CM1.NCRP.determiner-la-valeur-dun-nombre-inconnu-en-utilisant-un-symbole-ou-une,Déterminer la valeur d’un nombre inconnu en utilisant un symbole ou une lettre pour le représenter,PROVEN_OFFICIAL,SRC-C3-MATHS-NOUVEAU | BO n°16 du 17 avril 2025 — NOR MENE2504620A — arrêté du 10 avril 2025,0,0,NO_CONTENT
MATHS,CM1,COMMON,"Nombres, calcul et résolution de problèmes",Algèbre,MATHS.CM1.NCRP.executer-un-programme-de-calcul,Exécuter un programme de calcul,PROVEN_OFFICIAL,SRC-C3-MATHS-NOUVEAU | BO n°16 du 17 avril 2025 — NOR MENE2504620A — arrêté du 10 avril 2025,0,0,NO_CONTENT
MATHS,CM1,COMMON,"Nombres, calcul et résolution de problèmes",Algèbre,MATHS.CM1.NCRP.identifier-des-regularites-et-poursuivre-une-suite-de-motifs-evolutive,Identifier des régularités et poursuivre une suite de motifs évolutive,PROVEN_OFFICIAL,SRC-C3-MATHS-NOUVEAU | BO n°16 du 17 avril 2025 — NOR MENE2504620A — arrêté du 10 avril 2025,0,0,NO_CONTENT
MATHS,CM1,COMMON,"Nombres, calcul et résolution de problèmes",Algèbre,MATHS.CM1.NCRP.identifier-et-formuler-une-regle-de-calcul-pour-poursuivre-une-suite-d,Identifier et formuler une règle de calcul pour poursuivre une suite de nombres,PROVEN_OFFICIAL,SRC-C3-MATHS-NOUVEAU | BO n°16 du 17 avril 2025 — NOR MENE2504620A — arrêté du 10 avril 2025,0,0,NO_CONTENT
MATHS,CM1,COMMON,"Nombres, calcul et résolution de problèmes",Algèbre,MATHS.CM1.NCRP.resoudre-des-problemes-algebriques,Résoudre des problèmes algébriques,PROVEN_OFFICIAL,SRC-C3-MATHS-NOUVEAU | BO n°16 du 17 avril 2025 — NOR MENE2504620A — arrêté du 10 avril 2025,0,0,NO_CONTENT
MATHS,CM1,COMMON,"Nombres, calcul et résolution de problèmes",Algèbre,MATHS.CM1.NCRP.trouver-le-nombre-manquant-dans-une-egalite-a-trous,Trouver le nombre manquant dans une égalité à trous,PROVEN_OFFICIAL,SRC-C3-MATHS-NOUVEAU | BO n°16 du 17 avril 2025 — NOR MENE2504620A — arrêté du 10 avril 2025,0,0,NO_CONTENT
MATHS,CM1,COMMON,"Nombres, calcul et résolution de problèmes",La résolution de problèmes,MATHS.CM1.NCRP.resoudre-des-problemes-additifs-en-deux-ou-trois-etapes,Résoudre des problèmes additifs en deux ou trois étapes,PROVEN_OFFICIAL,SRC-C3-MATHS-NOUVEAU | BO n°16 du 17 avril 2025 — NOR MENE2504620A — arrêté du 10 avril 2025,0,0,NO_CONTENT
MATHS,CM1,COMMON,"Nombres, calcul et résolution de problèmes",La résolution de problèmes,MATHS.CM1.NCRP.resoudre-des-problemes-additifs-en-une-etape-des-types-parties-tout-et,Résoudre des problèmes additifs en une étape des types « parties-tout » et « comparaison »,PROVEN_OFFICIAL,SRC-C3-MATHS-NOUVEAU | BO n°16 du 17 avril 2025 — NOR MENE2504620A — arrêté du 10 avril 2025,0,0,NO_CONTENT
MATHS,CM1,COMMON,"Nombres, calcul et résolution de problèmes",La résolution de problèmes,MATHS.CM1.NCRP.resoudre-des-problemes-de-comparaison-multiplicative,Résoudre des problèmes de comparaison multiplicative,PROVEN_OFFICIAL,SRC-C3-MATHS-NOUVEAU | BO n°16 du 17 avril 2025 — NOR MENE2504620A — arrêté du 10 avril 2025,0,0,NO_CONTENT
MATHS,CM1,COMMON,"Nombres, calcul et résolution de problèmes",La résolution de problèmes,MATHS.CM1.NCRP.resoudre-des-problemes-de-denombrement,Résoudre des problèmes de dénombrement,PROVEN_OFFICIAL,SRC-C3-MATHS-NOUVEAU | BO n°16 du 17 avril 2025 — NOR MENE2504620A — arrêté du 10 avril 2025,0,0,NO_CONTENT
MATHS,CM1,COMMON,"Nombres, calcul et résolution de problèmes",La résolution de problèmes,MATHS.CM1.NCRP.resoudre-des-problemes-doptimisation,Résoudre des problèmes d’optimisation,PROVEN_OFFICIAL,SRC-C3-MATHS-NOUVEAU | BO n°16 du 17 avril 2025 — NOR MENE2504620A — arrêté du 10 avril 2025,0,0,NO_CONTENT
MATHS,CM1,COMMON,"Nombres, calcul et résolution de problèmes",La résolution de problèmes,MATHS.CM1.NCRP.resoudre-des-problemes-mixtes-en-deux-ou-trois-etapes,Résoudre des problèmes mixtes en deux ou trois étapes,PROVEN_OFFICIAL,SRC-C3-MATHS-NOUVEAU | BO n°16 du 17 avril 2025 — NOR MENE2504620A — arrêté du 10 avril 2025,0,0,NO_CONTENT
MATHS,CM1,COMMON,"Nombres, calcul et résolution de problèmes",La résolution de problèmes,MATHS.CM1.NCRP.resoudre-des-problemes-multiplicatifs-de-type-parties-tout-en-une-etap,Résoudre des problèmes multiplicatifs de type « parties-tout » en une étape,PROVEN_OFFICIAL,SRC-C3-MATHS-NOUVEAU | BO n°16 du 17 avril 2025 — NOR MENE2504620A — arrêté du 10 avril 2025,0,0,NO_CONTENT
MATHS,CM1,COMMON,"Nombres, calcul et résolution de problèmes",Le calcul mental,MATHS.CM1.NCRP.ajouter-ou-soustraire-8-9-18-19-28-29-38-ou-39-a-un-nombre,"Ajouter ou soustraire 8, 9, 18, 19, 28, 29, 38 ou 39, à un nombre",PROVEN_OFFICIAL,SRC-C3-MATHS-NOUVEAU | BO n°16 du 17 avril 2025 — NOR MENE2504620A — arrêté du 10 avril 2025,0,0,NO_CONTENT
MATHS,CM1,COMMON,"Nombres, calcul et résolution de problèmes",Le calcul mental,MATHS.CM1.NCRP.ajouter-ou-soustraire-un-nombre-entier-inferieur-a-10-dunites-de-dizai,"Ajouter ou soustraire un nombre entier inférieur à 10, d’unités, de dizaines, de centaines, de dixièmes ou de centièmes à un nombre décimal, lorsqu’il n’y a…",PROVEN_OFFICIAL,SRC-C3-MATHS-NOUVEAU | BO n°16 du 17 avril 2025 — NOR MENE2504620A — arrêté du 10 avril 2025,0,0,NO_CONTENT
MATHS,CM1,COMMON,"Nombres, calcul et résolution de problèmes",Le calcul mental,MATHS.CM1.NCRP.connaitre-des-faits-numeriques-usuels-relatifs-aux-nombres-entiers,Connaître des faits numériques usuels relatifs aux nombres entiers,PROVEN_OFFICIAL,SRC-C3-MATHS-NOUVEAU | BO n°16 du 17 avril 2025 — NOR MENE2504620A — arrêté du 10 avril 2025,0,0,NO_CONTENT
MATHS,CM1,COMMON,"Nombres, calcul et résolution de problèmes",Le calcul mental,MATHS.CM1.NCRP.connaitre-lecriture-decimale-de-fractions-usuelles,Connaître l’écriture décimale de fractions usuelles,PROVEN_OFFICIAL,SRC-C3-MATHS-NOUVEAU | BO n°16 du 17 avril 2025 — NOR MENE2504620A — arrêté du 10 avril 2025,0,0,NO_CONTENT
MATHS,CM1,COMMON,"Nombres, calcul et résolution de problèmes",Le calcul mental,MATHS.CM1.NCRP.connaitre-quelques-relations-entre-des-fractions-usuelles,Connaître quelques relations entre des fractions usuelles,PROVEN_OFFICIAL,SRC-C3-MATHS-NOUVEAU | BO n°16 du 17 avril 2025 — NOR MENE2504620A — arrêté du 10 avril 2025,0,0,NO_CONTENT
MATHS,CM1,COMMON,"Nombres, calcul et résolution de problèmes",Le calcul mental,MATHS.CM1.NCRP.diviser-un-nombre-decimal-par-10,Diviser un nombre décimal par 10,PROVEN_OFFICIAL,SRC-C3-MATHS-NOUVEAU | BO n°16 du 17 avril 2025 — NOR MENE2504620A — arrêté du 10 avril 2025,0,0,NO_CONTENT
MATHS,CM1,COMMON,"Nombres, calcul et résolution de problèmes",Le calcul mental,MATHS.CM1.NCRP.multiplier-un-nombre-decimal-par-10,Multiplier un nombre décimal par 10,PROVEN_OFFICIAL,SRC-C3-MATHS-NOUVEAU | BO n°16 du 17 avril 2025 — NOR MENE2504620A — arrêté du 10 avril 2025,0,0,NO_CONTENT
MATHS,CM1,COMMON,"Nombres, calcul et résolution de problèmes",Le calcul mental,MATHS.CM1.NCRP.multiplier-un-nombre-entier-inferieur-a-10-par-un-nombre-entier-de-diz,Multiplier un nombre entier inférieur à 10 par un nombre entier de dizaines ou de centaines,PROVEN_OFFICIAL,SRC-C3-MATHS-NOUVEAU | BO n°16 du 17 avril 2025 — NOR MENE2504620A — arrêté du 10 avril 2025,0,0,NO_CONTENT
MATHS,CM1,COMMON,"Nombres, calcul et résolution de problèmes",Le calcul mental,MATHS.CM1.NCRP.multiplier-un-nombre-entier-par-10-100-ou-1-000,"Multiplier un nombre entier par 10, 100 ou 1 000",PROVEN_OFFICIAL,SRC-C3-MATHS-NOUVEAU | BO n°16 du 17 avril 2025 — NOR MENE2504620A — arrêté du 10 avril 2025,0,0,NO_CONTENT
MATHS,CM1,COMMON,"Nombres, calcul et résolution de problèmes",Le calcul mental,MATHS.CM1.NCRP.multiplier-un-nombre-entier-par-4-ou-par-8,Multiplier un nombre entier par 4 ou par 8,PROVEN_OFFICIAL,SRC-C3-MATHS-NOUVEAU | BO n°16 du 17 avril 2025 — NOR MENE2504620A — arrêté du 10 avril 2025,0,0,NO_CONTENT
MATHS,CM1,COMMON,"Nombres, calcul et résolution de problèmes",Le calcul mental,MATHS.CM1.NCRP.multiplier-un-nombre-entier-par-5,Multiplier un nombre entier par 5,PROVEN_OFFICIAL,SRC-C3-MATHS-NOUVEAU | BO n°16 du 17 avril 2025 — NOR MENE2504620A — arrêté du 10 avril 2025,0,0,NO_CONTENT
MATHS,CM1,COMMON,"Nombres, calcul et résolution de problèmes",Le calcul mental,MATHS.CM1.NCRP.utiliser-la-distributivite-de-la-multiplication-par-rapport-a-ladditio,Utiliser la distributivité de la multiplication par rapport à l’addition dans des cas simples,PROVEN_OFFICIAL,SRC-C3-MATHS-NOUVEAU | BO n°16 du 17 avril 2025 — NOR MENE2504620A — arrêté du 10 avril 2025,0,0,NO_CONTENT
MATHS,CM1,COMMON,"Nombres, calcul et résolution de problèmes",Les fractions,MATHS.CM1.NCRP.additionner-et-soustraire-des-fractions,Additionner et soustraire des fractions,PROVEN_OFFICIAL,SRC-C3-MATHS-NOUVEAU | BO n°16 du 17 avril 2025 — NOR MENE2504620A — arrêté du 10 avril 2025,0,0,NO_CONTENT
MATHS,CM1,COMMON,"Nombres, calcul et résolution de problèmes",Les fractions,MATHS.CM1.NCRP.comparer-des-fractions,Comparer des fractions,PROVEN_OFFICIAL,SRC-C3-MATHS-NOUVEAU | BO n°16 du 17 avril 2025 — NOR MENE2504620A — arrêté du 10 avril 2025,0,0,NO_CONTENT
MATHS,CM1,COMMON,"Nombres, calcul et résolution de problèmes",Les fractions,MATHS.CM1.NCRP.determiner-une-fraction-dune-quantite-ou-dune-grandeur,Déterminer une fraction d’une quantité ou d’une grandeur,PROVEN_OFFICIAL,SRC-C3-MATHS-NOUVEAU | BO n°16 du 17 avril 2025 — NOR MENE2504620A — arrêté du 10 avril 2025,0,0,NO_CONTENT
MATHS,CM1,COMMON,"Nombres, calcul et résolution de problèmes",Les fractions,MATHS.CM1.NCRP.savoir-ecrire-la-somme-dun-entier-et-dune-fraction-inferieure-a-1-comm,Savoir écrire la somme d’un entier et d’une fraction inférieure à 1 comme une unique fraction,PROVEN_OFFICIAL,SRC-C3-MATHS-NOUVEAU | BO n°16 du 17 avril 2025 — NOR MENE2504620A — arrêté du 10 avril 2025,0,0,NO_CONTENT
MATHS,CM1,COMMON,"Nombres, calcul et résolution de problèmes",Les fractions,MATHS.CM1.NCRP.savoir-ecrire-une-fraction-superieure-a-1-comme-la-somme-dun-entier-et,Savoir écrire une fraction supérieure à 1 comme la somme d’un entier et d’une fraction inférieure à 1,PROVEN_OFFICIAL,SRC-C3-MATHS-NOUVEAU | BO n°16 du 17 avril 2025 — NOR MENE2504620A — arrêté du 10 avril 2025,0,0,NO_CONTENT
MATHS,CM1,COMMON,"Nombres, calcul et résolution de problèmes",Les fractions,MATHS.CM1.NCRP.savoir-encadrer-une-fraction-par-deux-nombres-entiers-consecutifs,Savoir encadrer une fraction par deux nombres entiers consécutifs,PROVEN_OFFICIAL,SRC-C3-MATHS-NOUVEAU | BO n°16 du 17 avril 2025 — NOR MENE2504620A — arrêté du 10 avril 2025,0,0,NO_CONTENT
MATHS,CM1,COMMON,"Nombres, calcul et résolution de problèmes",Les fractions,MATHS.CM1.NCRP.savoir-interpreter-representer-ecrire-et-lire-des-fractions,"Savoir interpréter, représenter, écrire et lire des fractions",PROVEN_OFFICIAL,SRC-C3-MATHS-NOUVEAU | BO n°16 du 17 avril 2025 — NOR MENE2504620A — arrêté du 10 avril 2025,0,0,NO_CONTENT
MATHS,CM1,COMMON,"Nombres, calcul et résolution de problèmes",Les fractions,MATHS.CM1.NCRP.savoir-placer-une-fraction-ou-la-somme-dun-nombre-entier-et-dune-fract,Savoir placer une fraction ou la somme d’un nombre entier et d’une fraction inférieure à un sur une demi-droite graduée,PROVEN_OFFICIAL,SRC-C3-MATHS-NOUVEAU | BO n°16 du 17 avril 2025 — NOR MENE2504620A — arrêté du 10 avril 2025,0,0,NO_CONTENT
MATHS,CM1,COMMON,"Nombres, calcul et résolution de problèmes",Les fractions,MATHS.CM1.NCRP.savoir-reperer-un-point-dune-demi-droite-graduee-par-une-fraction-ou-p,Savoir repérer un point d’une demi-droite graduée par une fraction ou par la somme d’un nombre entier et d’une fraction,PROVEN_OFFICIAL,SRC-C3-MATHS-NOUVEAU | BO n°16 du 17 avril 2025 — NOR MENE2504620A — arrêté du 10 avril 2025,0,0,NO_CONTENT
MATHS,CM1,COMMON,"Nombres, calcul et résolution de problèmes",Les nombres décimaux,MATHS.CM1.NCRP.comparer-encadrer-intercaler-des-fractions-decimales-en-utilisant-les,"Comparer, encadrer, intercaler des fractions décimales en utilisant les symboles =, < et >",PROVEN_OFFICIAL,SRC-C3-MATHS-NOUVEAU | BO n°16 du 17 avril 2025 — NOR MENE2504620A — arrêté du 10 avril 2025,0,0,NO_CONTENT
MATHS,CM1,COMMON,"Nombres, calcul et résolution de problèmes",Les nombres décimaux,MATHS.CM1.NCRP.comparer-encadrer-intercaler-ordonner-par-ordre-croissant-ou-decroissa,"Comparer, encadrer, intercaler, ordonner, par ordre croissant ou décroissant, des nombres décimaux donnés par leur écriture à virgule en utilisant les symboles…",PROVEN_OFFICIAL,SRC-C3-MATHS-NOUVEAU | BO n°16 du 17 avril 2025 — NOR MENE2504620A — arrêté du 10 avril 2025,0,0,NO_CONTENT
MATHS,CM1,COMMON,"Nombres, calcul et résolution de problèmes",Les nombres décimaux,MATHS.CM1.NCRP.connaitre-et-utiliser-les-relations-entre-unites-simples-dixiemes-et-c,"Connaître et utiliser les relations entre unités simples, dixièmes et centièmes",PROVEN_OFFICIAL,SRC-C3-MATHS-NOUVEAU | BO n°16 du 17 avril 2025 — NOR MENE2504620A — arrêté du 10 avril 2025,0,0,NO_CONTENT
MATHS,CM1,COMMON,"Nombres, calcul et résolution de problèmes",Les nombres décimaux,MATHS.CM1.NCRP.ecrire-une-fraction-decimale-superieure-a-1-comme-la-somme-dun-nombre,Écrire une fraction décimale supérieure à 1 comme la somme d’un nombre entier et d’une fraction décimale inférieure à 1,PROVEN_OFFICIAL,SRC-C3-MATHS-NOUVEAU | BO n°16 du 17 avril 2025 — NOR MENE2504620A — arrêté du 10 avril 2025,0,0,NO_CONTENT
MATHS,CM1,COMMON,"Nombres, calcul et résolution de problèmes",Les nombres décimaux,MATHS.CM1.NCRP.ecrire-une-fraction-decimale-superieure-a-1-comme-la-somme-dun-nombre-2,Écrire une fraction décimale supérieure à 1 comme la somme d’un nombre entier et de fractions décimales ayant un numérateur inférieur à 10 (2),PROVEN_OFFICIAL,SRC-C3-MATHS-NOUVEAU | BO n°16 du 17 avril 2025 — NOR MENE2504620A — arrêté du 10 avril 2025,0,0,NO_CONTENT
MATHS,CM1,COMMON,"Nombres, calcul et résolution de problèmes",Les nombres décimaux,MATHS.CM1.NCRP.interpreter-representer-ecrire-et-lire-des-fractions-decimales,"Interpréter, représenter, écrire et lire des fractions décimales",PROVEN_OFFICIAL,SRC-C3-MATHS-NOUVEAU | BO n°16 du 17 avril 2025 — NOR MENE2504620A — arrêté du 10 avril 2025,0,0,NO_CONTENT
MATHS,CM1,COMMON,"Nombres, calcul et résolution de problèmes",Les nombres décimaux,MATHS.CM1.NCRP.interpreter-representer-ecrire-et-lire-des-nombres-decimaux-ecriture-a,"Interpréter, représenter, écrire et lire des nombres décimaux (écriture à virgule)",PROVEN_OFFICIAL,SRC-C3-MATHS-NOUVEAU | BO n°16 du 17 avril 2025 — NOR MENE2504620A — arrêté du 10 avril 2025,0,0,NO_CONTENT
MATHS,CM1,COMMON,"Nombres, calcul et résolution de problèmes",Les nombres décimaux,MATHS.CM1.NCRP.ordonner-des-fractions-decimales-dans-lordre-croissant-ou-decroissant,Ordonner des fractions décimales dans l’ordre croissant ou décroissant,PROVEN_OFFICIAL,SRC-C3-MATHS-NOUVEAU | BO n°16 du 17 avril 2025 — NOR MENE2504620A — arrêté du 10 avril 2025,0,0,NO_CONTENT
MATHS,CM1,COMMON,"Nombres, calcul et résolution de problèmes",Les nombres décimaux,MATHS.CM1.NCRP.passer-dune-ecriture-sous-forme-dune-fraction-decimale-ou-dune-somme-d,Passer d’une écriture sous forme d’une fraction décimale ou d’une somme de fractions décimales à une écriture à virgule et réciproquement,PROVEN_OFFICIAL,SRC-C3-MATHS-NOUVEAU | BO n°16 du 17 avril 2025 — NOR MENE2504620A — arrêté du 10 avril 2025,0,0,NO_CONTENT
MATHS,CM1,COMMON,"Nombres, calcul et résolution de problèmes",Les nombres décimaux,MATHS.CM1.NCRP.placer-un-nombre-decimal-en-ecriture-a-virgule-sur-une-demi-droite-gra,Placer un nombre décimal en écriture à virgule sur une demi-droite graduée et repérer un point d’une demi-droite graduée par un nombre décimal,PROVEN_OFFICIAL,SRC-C3-MATHS-NOUVEAU | BO n°16 du 17 avril 2025 — NOR MENE2504620A — arrêté du 10 avril 2025,0,0,NO_CONTENT
MATHS,CM1,COMMON,"Nombres, calcul et résolution de problèmes",Les nombres décimaux,MATHS.CM1.NCRP.placer-une-fraction-decimale-sur-une-demi-droite-graduee-et-reperer-un,Placer une fraction décimale sur une demi-droite graduée et repérer un point d’une demi-droite graduée par une fraction décimale,PROVEN_OFFICIAL,SRC-C3-MATHS-NOUVEAU | BO n°16 du 17 avril 2025 — NOR MENE2504620A — arrêté du 10 avril 2025,0,0,NO_CONTENT
MATHS,CM1,COMMON,"Nombres, calcul et résolution de problèmes",Les nombres décimaux,MATHS.CM1.NCRP.savoir-donner-la-partie-entiere-et-larrondi-a-lentier-dun-nombre-decim,Savoir donner la partie entière et l’arrondi à l’entier d’un nombre décimal,PROVEN_OFFICIAL,SRC-C3-MATHS-NOUVEAU | BO n°16 du 17 avril 2025 — NOR MENE2504620A — arrêté du 10 avril 2025,0,0,NO_CONTENT
MATHS,CM1,COMMON,"Nombres, calcul et résolution de problèmes",Les nombres entiers,MATHS.CM1.NCRP.comparer-encadrer-intercaler-des-nombres-entiers-en-utilisant-les-symb,"Comparer, encadrer, intercaler des nombres entiers en utilisant les symboles =, < et >",PROVEN_OFFICIAL,SRC-C3-MATHS-NOUVEAU | BO n°16 du 17 avril 2025 — NOR MENE2504620A — arrêté du 10 avril 2025,0,0,NO_CONTENT
MATHS,CM1,COMMON,"Nombres, calcul et résolution de problèmes",Les nombres entiers,MATHS.CM1.NCRP.comparer-et-denombrer-des-collections-en-les-organisant,Comparer et dénombrer des collections en les organisant,PROVEN_OFFICIAL,SRC-C3-MATHS-NOUVEAU | BO n°16 du 17 avril 2025 — NOR MENE2504620A — arrêté du 10 avril 2025,0,0,NO_CONTENT
MATHS,CM1,COMMON,"Nombres, calcul et résolution de problèmes",Les nombres entiers,MATHS.CM1.NCRP.comprendre-et-savoir-utiliser-les-expressions-egal-a-superieur-a-infer,"Comprendre et savoir utiliser les expressions « égal à », « supérieur à », « inférieur à », « compris entre … et … »",PROVEN_OFFICIAL,SRC-C3-MATHS-NOUVEAU | BO n°16 du 17 avril 2025 — NOR MENE2504620A — arrêté du 10 avril 2025,0,0,NO_CONTENT
MATHS,CM1,COMMON,"Nombres, calcul et résolution de problèmes",Les nombres entiers,MATHS.CM1.NCRP.connaitre-et-utiliser-diverses-representations-dun-nombre-et-passer-de,Connaître et utiliser diverses représentations d’un nombre et passer de l’une à l’autre,PROVEN_OFFICIAL,SRC-C3-MATHS-NOUVEAU | BO n°16 du 17 avril 2025 — NOR MENE2504620A — arrêté du 10 avril 2025,0,0,NO_CONTENT
MATHS,CM1,COMMON,"Nombres, calcul et résolution de problèmes",Les nombres entiers,MATHS.CM1.NCRP.connaitre-et-utiliser-les-relations-entre-les-unites-de-numeration,Connaître et utiliser les relations entre les unités de numération,PROVEN_OFFICIAL,SRC-C3-MATHS-NOUVEAU | BO n°16 du 17 avril 2025 — NOR MENE2504620A — arrêté du 10 avril 2025,0,0,NO_CONTENT
MATHS,CM1,COMMON,"Nombres, calcul et résolution de problèmes",Les nombres entiers,MATHS.CM1.NCRP.connaitre-la-suite-ecrite-et-la-suite-orale-des-nombres-jusqua-999-999,Connaître la suite écrite et la suite orale des nombres jusqu’à 999 999,PROVEN_OFFICIAL,SRC-C3-MATHS-NOUVEAU | BO n°16 du 17 avril 2025 — NOR MENE2504620A — arrêté du 10 avril 2025,0,0,NO_CONTENT
MATHS,CM1,COMMON,"Nombres, calcul et résolution de problèmes",Les nombres entiers,MATHS.CM1.NCRP.connaitre-la-valeur-des-chiffres-en-fonction-de-leur-position-dans-un,Connaître la valeur des chiffres en fonction de leur position dans un nombre,PROVEN_OFFICIAL,SRC-C3-MATHS-NOUVEAU | BO n°16 du 17 avril 2025 — NOR MENE2504620A — arrêté du 10 avril 2025,0,0,NO_CONTENT
MATHS,CM1,COMMON,"Nombres, calcul et résolution de problèmes",Les nombres entiers,MATHS.CM1.NCRP.construire-des-collections-de-cardinal-donne,Construire des collections de cardinal donné,PROVEN_OFFICIAL,SRC-C3-MATHS-NOUVEAU | BO n°16 du 17 avril 2025 — NOR MENE2504620A — arrêté du 10 avril 2025,0,0,NO_CONTENT
MATHS,CM1,COMMON,"Nombres, calcul et résolution de problèmes",Les nombres entiers,MATHS.CM1.NCRP.ordonner-des-nombres-dans-lordre-croissant-ou-decroissant,Ordonner des nombres dans l’ordre croissant ou décroissant,PROVEN_OFFICIAL,SRC-C3-MATHS-NOUVEAU | BO n°16 du 17 avril 2025 — NOR MENE2504620A — arrêté du 10 avril 2025,0,0,NO_CONTENT
MATHS,CM1,COMMON,"Nombres, calcul et résolution de problèmes",Les nombres entiers,MATHS.CM1.NCRP.savoir-determiner-si-un-nombre-entier-donne-est-un-multiple-dun-nombre,Savoir déterminer si un nombre entier donné est un multiple d’un nombre entier inférieur ou égal à 10,PROVEN_OFFICIAL,SRC-C3-MATHS-NOUVEAU | BO n°16 du 17 avril 2025 — NOR MENE2504620A — arrêté du 10 avril 2025,0,0,NO_CONTENT
MATHS,CM1,COMMON,"Nombres, calcul et résolution de problèmes",Les nombres entiers,MATHS.CM1.NCRP.savoir-determiner-si-un-nombre-entier-inferieur-ou-egal-a-10-est-un-di,Savoir déterminer si un nombre entier inférieur ou égal à 10 est un diviseur d’un nombre entier donné,PROVEN_OFFICIAL,SRC-C3-MATHS-NOUVEAU | BO n°16 du 17 avril 2025 — NOR MENE2504620A — arrêté du 10 avril 2025,0,0,NO_CONTENT
MATHS,CM1,COMMON,"Nombres, calcul et résolution de problèmes",Les nombres entiers,MATHS.CM1.NCRP.savoir-placer-des-nombres-et-reperer-des-points-sur-une-demi-droite-gr,Savoir placer des nombres et repérer des points sur une demi-droite graduée,PROVEN_OFFICIAL,SRC-C3-MATHS-NOUVEAU | BO n°16 du 17 avril 2025 — NOR MENE2504620A — arrêté du 10 avril 2025,0,0,NO_CONTENT
MATHS,CM1,COMMON,"Nombres, calcul et résolution de problèmes",Les nombres entiers,MATHS.CM1.NCRP.savoir-reconnaitre-les-multiples-de-2-de-5-et-de-10-a-partir-de-leur-e,"Savoir reconnaître les multiples de 2, de 5 et de 10 à partir de leur écriture chiffrée",PROVEN_OFFICIAL,SRC-C3-MATHS-NOUVEAU | BO n°16 du 17 avril 2025 — NOR MENE2504620A — arrêté du 10 avril 2025,0,0,NO_CONTENT
MATHS,CM1,COMMON,"Nombres, calcul et résolution de problèmes",Les quatre opérations,MATHS.CM1.NCRP.estimer-le-resultat-dune-operation,Estimer le résultat d’une opération,PROVEN_OFFICIAL,SRC-C3-MATHS-NOUVEAU | BO n°16 du 17 avril 2025 — NOR MENE2504620A — arrêté du 10 avril 2025,0,0,NO_CONTENT
MATHS,CM1,COMMON,"Nombres, calcul et résolution de problèmes",Les quatre opérations,MATHS.CM1.NCRP.poser-en-colonnes-et-effectuer-des-additions-et-des-soustractions-de-n,Poser en colonnes et effectuer des additions et des soustractions de nombres décimaux,PROVEN_OFFICIAL,SRC-C3-MATHS-NOUVEAU | BO n°16 du 17 avril 2025 — NOR MENE2504620A — arrêté du 10 avril 2025,0,0,NO_CONTENT
MATHS,CM1,COMMON,"Nombres, calcul et résolution de problèmes",Les quatre opérations,MATHS.CM1.NCRP.poser-et-effectuer-des-divisions-euclidiennes-avec-un-diviseur-a-un-ch,Poser et effectuer des divisions euclidiennes avec un diviseur à un chiffre,PROVEN_OFFICIAL,SRC-C3-MATHS-NOUVEAU | BO n°16 du 17 avril 2025 — NOR MENE2504620A — arrêté du 10 avril 2025,0,0,NO_CONTENT
MATHS,CM1,COMMON,"Nombres, calcul et résolution de problèmes",Les quatre opérations,MATHS.CM1.NCRP.poser-et-effectuer-des-multiplications-de-deux-nombres-entiers,Poser et effectuer des multiplications de deux nombres entiers,PROVEN_OFFICIAL,SRC-C3-MATHS-NOUVEAU | BO n°16 du 17 avril 2025 — NOR MENE2504620A — arrêté du 10 avril 2025,0,0,NO_CONTENT
MATHS,CM1,COMMON,"Nombres, calcul et résolution de problèmes",Les quatre opérations,MATHS.CM1.NCRP.poser-et-effectuer-des-multiplications-dun-nombre-decimal-par-un-nombr,Poser et effectuer des multiplications d’un nombre décimal par un nombre entier inférieur à 10,PROVEN_OFFICIAL,SRC-C3-MATHS-NOUVEAU | BO n°16 du 17 avril 2025 — NOR MENE2504620A — arrêté du 10 avril 2025,0,0,NO_CONTENT
MATHS,CM1,COMMON,"Nombres, calcul et résolution de problèmes",Les quatre opérations,MATHS.CM1.NCRP.savoir-effectuer-un-calcul-contenant-des-parentheses,Savoir effectuer un calcul contenant des parenthèses,PROVEN_OFFICIAL,SRC-C3-MATHS-NOUVEAU | BO n°16 du 17 avril 2025 — NOR MENE2504620A — arrêté du 10 avril 2025,0,0,NO_CONTENT
MATHS,CM1,COMMON,Organisation et gestion de données et probabilités,Les probabilités,MATHS.CM1.OGDP.comparer-des-issues-dexperiences-aleatoires-ou-des-evenements-selon-le,Comparer des issues d’expériences aléatoires ou des évènements selon leur probabilité de réalisation,PROVEN_OFFICIAL,SRC-C3-MATHS-NOUVEAU | BO n°16 du 17 avril 2025 — NOR MENE2504620A — arrêté du 10 avril 2025,0,0,NO_CONTENT
MATHS,CM1,COMMON,Organisation et gestion de données et probabilités,Les probabilités,MATHS.CM1.OGDP.comprendre-et-utiliser-le-vocabulaire-approprie-impossible-possible-ce,"Comprendre et utiliser le vocabulaire approprié : « impossible », « possible », « certain », « probable », « peu probable », « une chance sur deux »",PROVEN_OFFICIAL,SRC-C3-MATHS-NOUVEAU | BO n°16 du 17 avril 2025 — NOR MENE2504620A — arrêté du 10 avril 2025,0,0,NO_CONTENT
MATHS,CM1,COMMON,Organisation et gestion de données et probabilités,Les probabilités,MATHS.CM1.OGDP.comprendre-que-ce-nest-pas-parce-quil-y-a-deux-issues-possibles-que-ch,Comprendre que ce n’est pas parce qu’il y a deux issues possibles que chacune a une chance sur deux de se réaliser,PROVEN_OFFICIAL,SRC-C3-MATHS-NOUVEAU | BO n°16 du 17 avril 2025 — NOR MENE2504620A — arrêté du 10 avril 2025,0,0,NO_CONTENT
MATHS,CM1,COMMON,Organisation et gestion de données et probabilités,Les probabilités,MATHS.CM1.OGDP.identifier-des-experiences-aleatoires,Identifier des expériences aléatoires,PROVEN_OFFICIAL,SRC-C3-MATHS-NOUVEAU | BO n°16 du 17 avril 2025 — NOR MENE2504620A — arrêté du 10 avril 2025,0,0,NO_CONTENT
MATHS,CM1,COMMON,Organisation et gestion de données et probabilités,Les probabilités,MATHS.CM1.OGDP.identifier-toutes-les-issues-possibles-lors-dune-experience-aleatoire,Identifier toutes les issues possibles lors d’une expérience aléatoire simple,PROVEN_OFFICIAL,SRC-C3-MATHS-NOUVEAU | BO n°16 du 17 avril 2025 — NOR MENE2504620A — arrêté du 10 avril 2025,0,0,NO_CONTENT
MATHS,CM1,COMMON,Organisation et gestion de données et probabilités,Les probabilités,MATHS.CM1.OGDP.reconnaitre-des-situations-dequiprobabilite,Reconnaître des situations d’équiprobabilité,PROVEN_OFFICIAL,SRC-C3-MATHS-NOUVEAU | BO n°16 du 17 avril 2025 — NOR MENE2504620A — arrêté du 10 avril 2025,0,0,NO_CONTENT
MATHS,CM1,COMMON,Organisation et gestion de données et probabilités,Organisation et gestion de données,MATHS.CM1.OGDP.lire-et-interpreter-les-donnees-dun-tableau-a-simple-ou-double-entree,"Lire et interpréter les données d’un tableau à simple ou double entrée, d’un diagramme en barres ou d’une courbe",PROVEN_OFFICIAL,SRC-C3-MATHS-NOUVEAU | BO n°16 du 17 avril 2025 — NOR MENE2504620A — arrêté du 10 avril 2025,0,0,NO_CONTENT
MATHS,CM1,COMMON,Organisation et gestion de données et probabilités,Organisation et gestion de données,MATHS.CM1.OGDP.recueillir-des-donnees-et-produire-un-tableau-un-diagramme-en-barres-o,"Recueillir des données et produire un tableau, un diagramme en barres ou un ensemble de points dans un repère pour les présenter",PROVEN_OFFICIAL,SRC-C3-MATHS-NOUVEAU | BO n°16 du 17 avril 2025 — NOR MENE2504620A — arrêté du 10 avril 2025,0,0,NO_CONTENT
MATHS,CM1,COMMON,Organisation et gestion de données et probabilités,Organisation et gestion de données,MATHS.CM1.OGDP.resoudre-des-problemes-en-une-ou-plusieurs-etapes-en-utilisant-les-don,"Résoudre des problèmes en une ou plusieurs étapes en utilisant les données d’un tableau à simple ou double entrée, d’un diagramme en barres ou d’une courbe",PROVEN_OFFICIAL,SRC-C3-MATHS-NOUVEAU | BO n°16 du 17 avril 2025 — NOR MENE2504620A — arrêté du 10 avril 2025,0,0,NO_CONTENT
MATHS,CM1,COMMON,La proportionnalité,La proportionnalité,MATHS.CM1.PROP.identifier-une-situation-de-proportionnalite,Identifier une situation de proportionnalité,PROVEN_OFFICIAL,SRC-C3-MATHS-NOUVEAU | BO n°16 du 17 avril 2025 — NOR MENE2504620A — arrêté du 10 avril 2025,0,0,NO_CONTENT
MATHS,CM1,COMMON,La proportionnalité,La proportionnalité,MATHS.CM1.PROP.savoir-resoudre-un-probleme-de-proportionnalite,Savoir résoudre un problème de proportionnalité,PROVEN_OFFICIAL,SRC-C3-MATHS-NOUVEAU | BO n°16 du 17 avril 2025 — NOR MENE2504620A — arrêté du 10 avril 2025,0,0,NO_CONTENT
MATHS,CM2,COMMON,Espace et géométrie,Déplacements dans l’espace,MATHS.CM2.EG.comprendre-utiliser-et-produire-une-suite-dinstructions-qui-decrivent,"Comprendre, utiliser et produire une suite d’instructions qui décrivent un déplacement en utilisant un vocabulaire spatial précis",PROVEN_OFFICIAL,SRC-C3-MATHS-NOUVEAU | BO n°16 du 17 avril 2025 — NOR MENE2504620A — arrêté du 10 avril 2025,0,0,NO_CONTENT
MATHS,CM2,COMMON,Espace et géométrie,Déplacements dans l’espace,MATHS.CM2.EG.connaitre-et-utiliser-le-vocabulaire-lie-aux-deplacements,Connaître et utiliser le vocabulaire lié aux déplacements,PROVEN_OFFICIAL,SRC-C3-MATHS-NOUVEAU | BO n°16 du 17 avril 2025 — NOR MENE2504620A — arrêté du 10 avril 2025,0,0,NO_CONTENT
MATHS,CM2,COMMON,Espace et géométrie,Déplacements dans l’espace,MATHS.CM2.EG.resoudre-des-problemes-portant-sur-des-assemblages-de-cubes,Résoudre des problèmes portant sur des assemblages de cubes,PROVEN_OFFICIAL,SRC-C3-MATHS-NOUVEAU | BO n°16 du 17 avril 2025 — NOR MENE2504620A — arrêté du 10 avril 2025,0,0,NO_CONTENT
MATHS,CM2,COMMON,Espace et géométrie,La géométrie plane,MATHS.CM2.EG.connaitre-les-notations-et-les-codes-usuels-utilises-en-geometrie,Connaître les notations et les codes usuels utilisés en géométrie,PROVEN_OFFICIAL,SRC-C3-MATHS-NOUVEAU | BO n°16 du 17 avril 2025 — NOR MENE2504620A — arrêté du 10 avril 2025,0,0,NO_CONTENT
MATHS,CM2,COMMON,Espace et géométrie,La géométrie plane,MATHS.CM2.EG.connaitre-les-proprietes-de-parallelisme-des-cotes-opposes-des-egalite,"Connaître les propriétés de parallélisme des côtés opposés, des égalités de longueurs et d’angles pour les figures usuelles : triangle rectangle, triangle…",PROVEN_OFFICIAL,SRC-C3-MATHS-NOUVEAU | BO n°16 du 17 avril 2025 — NOR MENE2504620A — arrêté du 10 avril 2025,0,0,NO_CONTENT
MATHS,CM2,COMMON,Espace et géométrie,La géométrie plane,MATHS.CM2.EG.construire-sur-papier-quadrille-la-figure-symetrique-dune-figure-donne,"Construire, sur papier quadrillé, la figure symétrique d’une figure donnée par rapport à une droite verticale, horizontale ou une diagonale du quadrillage",PROVEN_OFFICIAL,SRC-C3-MATHS-NOUVEAU | BO n°16 du 17 avril 2025 — NOR MENE2504620A — arrêté du 10 avril 2025,0,0,NO_CONTENT
MATHS,CM2,COMMON,Espace et géométrie,La géométrie plane,MATHS.CM2.EG.construire-une-figure-geometrique-composee-de-segments-de-droites-de-p,"Construire une figure géométrique composée de segments, de droites, de polygones usuels et de cercles",PROVEN_OFFICIAL,SRC-C3-MATHS-NOUVEAU | BO n°16 du 17 avril 2025 — NOR MENE2504620A — arrêté du 10 avril 2025,0,0,NO_CONTENT
MATHS,CM2,COMMON,Espace et géométrie,La géométrie plane,MATHS.CM2.EG.decrire-et-reconnaitre-un-cercle-et-un-disque-comme-un-ensemble-de-poi,Décrire et reconnaître un cercle et un disque comme un ensemble de points caractérisés par leur distance à un point donné,PROVEN_OFFICIAL,SRC-C3-MATHS-NOUVEAU | BO n°16 du 17 avril 2025 — NOR MENE2504620A — arrêté du 10 avril 2025,0,0,NO_CONTENT
MATHS,CM2,COMMON,Espace et géométrie,La géométrie plane,MATHS.CM2.EG.elaborer-un-programme-de-construction,Élaborer un programme de construction,PROVEN_OFFICIAL,SRC-C3-MATHS-NOUVEAU | BO n°16 du 17 avril 2025 — NOR MENE2504620A — arrêté du 10 avril 2025,0,0,NO_CONTENT
MATHS,CM2,COMMON,Espace et géométrie,La géométrie plane,MATHS.CM2.EG.reconnaitre-et-nommer-les-figures-suivantes-en-sappuyant-sur-leur-defi,"Reconnaître et nommer les figures suivantes en s’appuyant sur leur définition : triangle, triangle rectangle, triangle isocèle, triangle équilatéral…",PROVEN_OFFICIAL,SRC-C3-MATHS-NOUVEAU | BO n°16 du 17 avril 2025 — NOR MENE2504620A — arrêté du 10 avril 2025,0,0,NO_CONTENT
MATHS,CM2,COMMON,Espace et géométrie,La géométrie plane,MATHS.CM2.EG.reconnaitre-et-utiliser-la-notion-de-parallelisme,Reconnaître et utiliser la notion de parallélisme,PROVEN_OFFICIAL,SRC-C3-MATHS-NOUVEAU | BO n°16 du 17 avril 2025 — NOR MENE2504620A — arrêté du 10 avril 2025,0,0,NO_CONTENT
MATHS,CM2,COMMON,Espace et géométrie,La géométrie plane,MATHS.CM2.EG.reconnaitre-et-utiliser-la-notion-de-perpendicularite,Reconnaître et utiliser la notion de perpendicularité,PROVEN_OFFICIAL,SRC-C3-MATHS-NOUVEAU | BO n°16 du 17 avril 2025 — NOR MENE2504620A — arrêté du 10 avril 2025,0,0,NO_CONTENT
MATHS,CM2,COMMON,Espace et géométrie,La géométrie plane,MATHS.CM2.EG.reproduire-ou-construire-un-carre-un-rectangle-un-triangle-un-triangle,"Reproduire ou construire un carré, un rectangle, un triangle, un triangle rectangle ou un cercle ou des assemblages de ces figures sur tout support (papier…",PROVEN_OFFICIAL,SRC-C3-MATHS-NOUVEAU | BO n°16 du 17 avril 2025 — NOR MENE2504620A — arrêté du 10 avril 2025,0,0,NO_CONTENT
MATHS,CM2,COMMON,Espace et géométrie,La géométrie plane,MATHS.CM2.EG.utiliser-le-vocabulaire-geometrique-approprie-dans-le-contexte-dappren,Utiliser le vocabulaire géométrique approprié dans le contexte d’apprentissage des notions correspondantes,PROVEN_OFFICIAL,SRC-C3-MATHS-NOUVEAU | BO n°16 du 17 avril 2025 — NOR MENE2504620A — arrêté du 10 avril 2025,0,0,NO_CONTENT
MATHS,CM2,COMMON,Espace et géométrie,La géométrie plane,MATHS.CM2.EG.utiliser-les-outils-geometriques-usuels-regle-regle-graduee-equerre-et,"Utiliser les outils géométriques usuels : règle, règle graduée, équerre et compas",PROVEN_OFFICIAL,SRC-C3-MATHS-NOUVEAU | BO n°16 du 17 avril 2025 — NOR MENE2504620A — arrêté du 10 avril 2025,0,0,NO_CONTENT
MATHS,CM2,COMMON,Espace et géométrie,Les solides,MATHS.CM2.EG.construire-un-patron-dun-cube,Construire un patron d’un cube,PROVEN_OFFICIAL,SRC-C3-MATHS-NOUVEAU | BO n°16 du 17 avril 2025 — NOR MENE2504620A — arrêté du 10 avril 2025,0,0,NO_CONTENT
MATHS,CM2,COMMON,Espace et géométrie,Les solides,MATHS.CM2.EG.decrire-un-cube-un-pave-une-pyramide-ou-un-prisme-droit-en-faisant-ref,"Décrire un cube, un pavé, une pyramide ou un prisme droit en faisant référence à des propriétés et en utilisant le vocabulaire approprié",PROVEN_OFFICIAL,SRC-C3-MATHS-NOUVEAU | BO n°16 du 17 avril 2025 — NOR MENE2504620A — arrêté du 10 avril 2025,0,0,NO_CONTENT
MATHS,CM2,COMMON,Espace et géométrie,Les solides,MATHS.CM2.EG.nommer-un-cube-une-boule-un-pave-un-cone-une-pyramide-un-cylindre-ou-u,"Nommer un cube, une boule, un pavé, un cône, une pyramide, un cylindre ou un prisme droit",PROVEN_OFFICIAL,SRC-C3-MATHS-NOUVEAU | BO n°16 du 17 avril 2025 — NOR MENE2504620A — arrêté du 10 avril 2025,0,0,NO_CONTENT
MATHS,CM2,COMMON,Espace et géométrie,Les solides,MATHS.CM2.EG.reconnaitre-un-patron-dun-cube,Reconnaître un patron d’un cube,PROVEN_OFFICIAL,SRC-C3-MATHS-NOUVEAU | BO n°16 du 17 avril 2025 — NOR MENE2504620A — arrêté du 10 avril 2025,0,0,NO_CONTENT
MATHS,CM2,COMMON,Espace et géométrie,Les solides,MATHS.CM2.EG.reconnaitre-un-patron-dun-pave,Reconnaître un patron d’un pavé,PROVEN_OFFICIAL,SRC-C3-MATHS-NOUVEAU | BO n°16 du 17 avril 2025 — NOR MENE2504620A — arrêté du 10 avril 2025,0,0,NO_CONTENT
MATHS,CM2,COMMON,Grandeurs et mesures,Le repérage dans le temps et les durées,MATHS.CM2.GM.comparer-et-mesurer-des-durees-ecoulees-entre-deux-instants-affiches-s,"Comparer et mesurer des durées écoulées entre deux instants affichés sur une horloge (instants et durées sont exprimés en heure, minute et seconde)",PROVEN_OFFICIAL,SRC-C3-MATHS-NOUVEAU | BO n°16 du 17 avril 2025 — NOR MENE2504620A — arrêté du 10 avril 2025,0,0,NO_CONTENT
MATHS,CM2,COMMON,Grandeurs et mesures,Le repérage dans le temps et les durées,MATHS.CM2.GM.lire-lheure-sur-une-horloge-a-aiguilles,Lire l’heure sur une horloge à aiguilles,PROVEN_OFFICIAL,SRC-C3-MATHS-NOUVEAU | BO n°16 du 17 avril 2025 — NOR MENE2504620A — arrêté du 10 avril 2025,0,0,NO_CONTENT
MATHS,CM2,COMMON,Grandeurs et mesures,Le repérage dans le temps et les durées,MATHS.CM2.GM.positionner-les-aiguilles-dune-horloge-correspondant-a-une-heure-donne,"Positionner les aiguilles d’une horloge correspondant à une heure donnée en heure, minute et seconde",PROVEN_OFFICIAL,SRC-C3-MATHS-NOUVEAU | BO n°16 du 17 avril 2025 — NOR MENE2504620A — arrêté du 10 avril 2025,0,0,NO_CONTENT
MATHS,CM2,COMMON,Grandeurs et mesures,Le repérage dans le temps et les durées,MATHS.CM2.GM.resoudre-des-problemes-a-une-ou-plusieurs-etapes-impliquant-des-durees,Résoudre des problèmes à une ou plusieurs étapes impliquant des durées,PROVEN_OFFICIAL,SRC-C3-MATHS-NOUVEAU | BO n°16 du 17 avril 2025 — NOR MENE2504620A — arrêté du 10 avril 2025,0,0,NO_CONTENT
MATHS,CM2,COMMON,Grandeurs et mesures,Les aires,MATHS.CM2.GM.comparer-les-aires-de-differentes-figures-planes,Comparer les aires de différentes figures planes,PROVEN_OFFICIAL,SRC-C3-MATHS-NOUVEAU | BO n°16 du 17 avril 2025 — NOR MENE2504620A — arrêté du 10 avril 2025,0,0,NO_CONTENT
MATHS,CM2,COMMON,Grandeurs et mesures,Les aires,MATHS.CM2.GM.connaitre-et-utiliser-les-unites-centimetre-carre-decimetre-carre-et-m,"Connaître et utiliser les unités centimètre carré, décimètre carré et mètre carré pour exprimer des aires",PROVEN_OFFICIAL,SRC-C3-MATHS-NOUVEAU | BO n°16 du 17 avril 2025 — NOR MENE2504620A — arrêté du 10 avril 2025,0,0,NO_CONTENT
MATHS,CM2,COMMON,Grandeurs et mesures,Les aires,MATHS.CM2.GM.convertir-des-aires-entre-differentes-unites,Convertir des aires entre différentes unités,PROVEN_OFFICIAL,SRC-C3-MATHS-NOUVEAU | BO n°16 du 17 avril 2025 — NOR MENE2504620A — arrêté du 10 avril 2025,0,0,NO_CONTENT
MATHS,CM2,COMMON,Grandeurs et mesures,Les aires,MATHS.CM2.GM.determiner-des-aires,Déterminer des aires,PROVEN_OFFICIAL,SRC-C3-MATHS-NOUVEAU | BO n°16 du 17 avril 2025 — NOR MENE2504620A — arrêté du 10 avril 2025,0,0,NO_CONTENT
MATHS,CM2,COMMON,Grandeurs et mesures,Les aires,MATHS.CM2.GM.determiner-laire-dun-carre-ou-dun-rectangle,Déterminer l’aire d’un carré ou d’un rectangle,PROVEN_OFFICIAL,SRC-C3-MATHS-NOUVEAU | BO n°16 du 17 avril 2025 — NOR MENE2504620A — arrêté du 10 avril 2025,0,0,NO_CONTENT
MATHS,CM2,COMMON,Grandeurs et mesures,Les angles,MATHS.CM2.GM.comparer-des-angles,Comparer des angles,PROVEN_OFFICIAL,SRC-C3-MATHS-NOUVEAU | BO n°16 du 17 avril 2025 — NOR MENE2504620A — arrêté du 10 avril 2025,0,0,NO_CONTENT
MATHS,CM2,COMMON,Grandeurs et mesures,Les angles,MATHS.CM2.GM.comprendre-et-utiliser-les-notations-des-angles,Comprendre et utiliser les notations des angles,PROVEN_OFFICIAL,SRC-C3-MATHS-NOUVEAU | BO n°16 du 17 avril 2025 — NOR MENE2504620A — arrêté du 10 avril 2025,0,0,NO_CONTENT
MATHS,CM2,COMMON,Grandeurs et mesures,Les angles,MATHS.CM2.GM.construire-par-pliage-la-moitie-dun-angle-donne,Construire par pliage la moitié d’un angle donné,PROVEN_OFFICIAL,SRC-C3-MATHS-NOUVEAU | BO n°16 du 17 avril 2025 — NOR MENE2504620A — arrêté du 10 avril 2025,0,0,NO_CONTENT
MATHS,CM2,COMMON,Grandeurs et mesures,Les angles,MATHS.CM2.GM.construire-un-angle-egal-a-la-somme-de-deux-angles-donnes-ou-un-angle,Construire un angle égal à la somme de deux angles donnés ou un angle multiple d’un angle donné,PROVEN_OFFICIAL,SRC-C3-MATHS-NOUVEAU | BO n°16 du 17 avril 2025 — NOR MENE2504620A — arrêté du 10 avril 2025,0,0,NO_CONTENT
MATHS,CM2,COMMON,Grandeurs et mesures,Les angles,MATHS.CM2.GM.savoir-quun-angle-droit-mesure-90,Savoir qu’un angle droit mesure 90°,PROVEN_OFFICIAL,SRC-C3-MATHS-NOUVEAU | BO n°16 du 17 avril 2025 — NOR MENE2504620A — arrêté du 10 avril 2025,0,0,NO_CONTENT
MATHS,CM2,COMMON,Grandeurs et mesures,Les angles,MATHS.CM2.GM.utiliser-le-lexique-specifique-associe-aux-angles,Utiliser le lexique spécifique associé aux angles,PROVEN_OFFICIAL,SRC-C3-MATHS-NOUVEAU | BO n°16 du 17 avril 2025 — NOR MENE2504620A — arrêté du 10 avril 2025,0,0,NO_CONTENT
MATHS,CM2,COMMON,"Nombres, calcul et résolution de problèmes",Algèbre,MATHS.CM2.NCRP.executer-ou-produire-un-programme-de-calcul,Exécuter ou produire un programme de calcul,PROVEN_OFFICIAL,SRC-C3-MATHS-NOUVEAU | BO n°16 du 17 avril 2025 — NOR MENE2504620A — arrêté du 10 avril 2025,0,0,NO_CONTENT
MATHS,CM2,COMMON,"Nombres, calcul et résolution de problèmes",Algèbre,MATHS.CM2.NCRP.identifier-des-regularites-et-poursuivre-une-suite-de-motifs-evolutive,Identifier des régularités et poursuivre une suite de motifs évolutive,PROVEN_OFFICIAL,SRC-C3-MATHS-NOUVEAU | BO n°16 du 17 avril 2025 — NOR MENE2504620A — arrêté du 10 avril 2025,0,0,NO_CONTENT
MATHS,CM2,COMMON,"Nombres, calcul et résolution de problèmes",Algèbre,MATHS.CM2.NCRP.identifier-et-formuler-une-regle-de-calcul-pour-poursuivre-une-suite-d,Identifier et formuler une règle de calcul pour poursuivre une suite de nombres,PROVEN_OFFICIAL,SRC-C3-MATHS-NOUVEAU | BO n°16 du 17 avril 2025 — NOR MENE2504620A — arrêté du 10 avril 2025,0,0,NO_CONTENT
MATHS,CM2,COMMON,"Nombres, calcul et résolution de problèmes",Algèbre,MATHS.CM2.NCRP.resoudre-des-problemes-algebriques,Résoudre des problèmes algébriques,PROVEN_OFFICIAL,SRC-C3-MATHS-NOUVEAU | BO n°16 du 17 avril 2025 — NOR MENE2504620A — arrêté du 10 avril 2025,0,0,NO_CONTENT
MATHS,CM2,COMMON,"Nombres, calcul et résolution de problèmes",Algèbre,MATHS.CM2.NCRP.trouver-le-nombre-delements-pour-une-etape-donnee-dans-une-suite-de-mo,Trouver le nombre d’éléments pour une étape donnée dans une suite de motifs évolutive,PROVEN_OFFICIAL,SRC-C3-MATHS-NOUVEAU | BO n°16 du 17 avril 2025 — NOR MENE2504620A — arrêté du 10 avril 2025,0,0,NO_CONTENT
MATHS,CM2,COMMON,"Nombres, calcul et résolution de problèmes",Algèbre,MATHS.CM2.NCRP.trouver-le-nombre-manquant-dans-une-egalite-a-trous,Trouver le nombre manquant dans une égalité à trous,PROVEN_OFFICIAL,SRC-C3-MATHS-NOUVEAU | BO n°16 du 17 avril 2025 — NOR MENE2504620A — arrêté du 10 avril 2025,0,0,NO_CONTENT
MATHS,CM2,COMMON,"Nombres, calcul et résolution de problèmes",La résolution de problèmes,MATHS.CM2.NCRP.resoudre-des-problemes-additifs-en-une-ou-plusieurs-etapes,Résoudre des problèmes additifs en une ou plusieurs étapes,PROVEN_OFFICIAL,SRC-C3-MATHS-NOUVEAU | BO n°16 du 17 avril 2025 — NOR MENE2504620A — arrêté du 10 avril 2025,0,0,NO_CONTENT
MATHS,CM2,COMMON,"Nombres, calcul et résolution de problèmes",La résolution de problèmes,MATHS.CM2.NCRP.resoudre-des-problemes-de-comparaison-multiplicative,Résoudre des problèmes de comparaison multiplicative,PROVEN_OFFICIAL,SRC-C3-MATHS-NOUVEAU | BO n°16 du 17 avril 2025 — NOR MENE2504620A — arrêté du 10 avril 2025,0,0,NO_CONTENT
MATHS,CM2,COMMON,"Nombres, calcul et résolution de problèmes",La résolution de problèmes,MATHS.CM2.NCRP.resoudre-des-problemes-de-denombrement,Résoudre des problèmes de dénombrement,PROVEN_OFFICIAL,SRC-C3-MATHS-NOUVEAU | BO n°16 du 17 avril 2025 — NOR MENE2504620A — arrêté du 10 avril 2025,0,0,NO_CONTENT
MATHS,CM2,COMMON,"Nombres, calcul et résolution de problèmes",La résolution de problèmes,MATHS.CM2.NCRP.resoudre-des-problemes-doptimisation,Résoudre des problèmes d’optimisation,PROVEN_OFFICIAL,SRC-C3-MATHS-NOUVEAU | BO n°16 du 17 avril 2025 — NOR MENE2504620A — arrêté du 10 avril 2025,0,0,NO_CONTENT
MATHS,CM2,COMMON,"Nombres, calcul et résolution de problèmes",La résolution de problèmes,MATHS.CM2.NCRP.resoudre-des-problemes-mixtes-en-plusieurs-etapes,Résoudre des problèmes mixtes en plusieurs étapes,PROVEN_OFFICIAL,SRC-C3-MATHS-NOUVEAU | BO n°16 du 17 avril 2025 — NOR MENE2504620A — arrêté du 10 avril 2025,0,0,NO_CONTENT
MATHS,CM2,COMMON,"Nombres, calcul et résolution de problèmes",La résolution de problèmes,MATHS.CM2.NCRP.resoudre-des-problemes-multiplicatifs-de-type-parties-tout-en-une-etap,Résoudre des problèmes multiplicatifs de type « parties-tout » en une étape,PROVEN_OFFICIAL,SRC-C3-MATHS-NOUVEAU | BO n°16 du 17 avril 2025 — NOR MENE2504620A — arrêté du 10 avril 2025,0,0,NO_CONTENT
MATHS,CM2,COMMON,"Nombres, calcul et résolution de problèmes",La résolution de problèmes,MATHS.CM2.NCRP.resoudre-des-problemes-preparant-a-lutilisation-dalgorithmes,Résoudre des problèmes préparant à l’utilisation d’algorithmes,PROVEN_OFFICIAL,SRC-C3-MATHS-NOUVEAU | BO n°16 du 17 avril 2025 — NOR MENE2504620A — arrêté du 10 avril 2025,0,0,NO_CONTENT
MATHS,CM2,COMMON,"Nombres, calcul et résolution de problèmes",Le calcul mental,MATHS.CM2.NCRP.ajouter-deux-nombres-decimaux-inferieurs-a-10-secrivant-avec-au-plus-u,"Ajouter deux nombres décimaux inférieurs à 10, s’écrivant avec au plus un chiffre après la virgule",PROVEN_OFFICIAL,SRC-C3-MATHS-NOUVEAU | BO n°16 du 17 avril 2025 — NOR MENE2504620A — arrêté du 10 avril 2025,0,0,NO_CONTENT
MATHS,CM2,COMMON,"Nombres, calcul et résolution de problèmes",Le calcul mental,MATHS.CM2.NCRP.ajouter-ou-soustraire-8-9-18-19-28-29-98-ou-99-a-un-nombre,"Ajouter ou soustraire 8, 9, 18, 19, 28, 29, …, 98 ou 99 à un nombre",PROVEN_OFFICIAL,SRC-C3-MATHS-NOUVEAU | BO n°16 du 17 avril 2025 — NOR MENE2504620A — arrêté du 10 avril 2025,0,0,NO_CONTENT
MATHS,CM2,COMMON,"Nombres, calcul et résolution de problèmes",Le calcul mental,MATHS.CM2.NCRP.ajouter-ou-soustraire-un-nombre-entier-a-un-nombre-decimal-lorsquil-ny,Ajouter ou soustraire un nombre entier à un nombre décimal lorsqu’il n’y a pas de retenue,PROVEN_OFFICIAL,SRC-C3-MATHS-NOUVEAU | BO n°16 du 17 avril 2025 — NOR MENE2504620A — arrêté du 10 avril 2025,0,0,NO_CONTENT
MATHS,CM2,COMMON,"Nombres, calcul et résolution de problèmes",Le calcul mental,MATHS.CM2.NCRP.ajouter-un-nombre-entier-a-un-nombre-decimal-lorsquil-y-a-une-retenue,Ajouter un nombre entier à un nombre décimal lorsqu’il y a une retenue,PROVEN_OFFICIAL,SRC-C3-MATHS-NOUVEAU | BO n°16 du 17 avril 2025 — NOR MENE2504620A — arrêté du 10 avril 2025,0,0,NO_CONTENT
MATHS,CM2,COMMON,"Nombres, calcul et résolution de problèmes",Le calcul mental,MATHS.CM2.NCRP.calculer-la-moitie-dun-nombre-decimal-dans-des-cas-simples,Calculer la moitié d’un nombre décimal dans des cas simples,PROVEN_OFFICIAL,SRC-C3-MATHS-NOUVEAU | BO n°16 du 17 avril 2025 — NOR MENE2504620A — arrêté du 10 avril 2025,0,0,NO_CONTENT
MATHS,CM2,COMMON,"Nombres, calcul et résolution de problèmes",Le calcul mental,MATHS.CM2.NCRP.calculer-le-double-dun-nombre-decimal-dans-des-cas-simples,Calculer le double d’un nombre décimal dans des cas simples,PROVEN_OFFICIAL,SRC-C3-MATHS-NOUVEAU | BO n°16 du 17 avril 2025 — NOR MENE2504620A — arrêté du 10 avril 2025,0,0,NO_CONTENT
MATHS,CM2,COMMON,"Nombres, calcul et résolution de problèmes",Le calcul mental,MATHS.CM2.NCRP.connaitre-des-faits-numeriques-usuels-avec-des-entiers,Connaître des faits numériques usuels avec des entiers,PROVEN_OFFICIAL,SRC-C3-MATHS-NOUVEAU | BO n°16 du 17 avril 2025 — NOR MENE2504620A — arrêté du 10 avril 2025,0,0,NO_CONTENT
MATHS,CM2,COMMON,"Nombres, calcul et résolution de problèmes",Le calcul mental,MATHS.CM2.NCRP.connaitre-la-moitie-des-nombres-impairs-jusqua-15,Connaître la moitié des nombres impairs jusqu’à 15,PROVEN_OFFICIAL,SRC-C3-MATHS-NOUVEAU | BO n°16 du 17 avril 2025 — NOR MENE2504620A — arrêté du 10 avril 2025,0,0,NO_CONTENT
MATHS,CM2,COMMON,"Nombres, calcul et résolution de problèmes",Le calcul mental,MATHS.CM2.NCRP.connaitre-lecriture-decimale-de-fractions-usuelles,Connaître l’écriture décimale de fractions usuelles,PROVEN_OFFICIAL,SRC-C3-MATHS-NOUVEAU | BO n°16 du 17 avril 2025 — NOR MENE2504620A — arrêté du 10 avril 2025,0,0,NO_CONTENT
MATHS,CM2,COMMON,"Nombres, calcul et résolution de problèmes",Le calcul mental,MATHS.CM2.NCRP.connaitre-quelques-relations-entre-des-fractions-usuelles,Connaître quelques relations entre des fractions usuelles,PROVEN_OFFICIAL,SRC-C3-MATHS-NOUVEAU | BO n°16 du 17 avril 2025 — NOR MENE2504620A — arrêté du 10 avril 2025,0,0,NO_CONTENT
MATHS,CM2,COMMON,"Nombres, calcul et résolution de problèmes",Le calcul mental,MATHS.CM2.NCRP.diviser-un-nombre-decimal-par-10-100-ou-1-000,"Diviser un nombre décimal par 10, 100 ou 1 000",PROVEN_OFFICIAL,SRC-C3-MATHS-NOUVEAU | BO n°16 du 17 avril 2025 — NOR MENE2504620A — arrêté du 10 avril 2025,0,0,NO_CONTENT
MATHS,CM2,COMMON,"Nombres, calcul et résolution de problèmes",Le calcul mental,MATHS.CM2.NCRP.diviser-un-nombre-entier-par-4-ou-par-8,Diviser un nombre entier par 4 ou par 8,PROVEN_OFFICIAL,SRC-C3-MATHS-NOUVEAU | BO n°16 du 17 avril 2025 — NOR MENE2504620A — arrêté du 10 avril 2025,0,0,NO_CONTENT
MATHS,CM2,COMMON,"Nombres, calcul et résolution de problèmes",Le calcul mental,MATHS.CM2.NCRP.multiplier-un-nombre-decimal-par-10-100-ou-1-000,"Multiplier un nombre décimal par 10, 100 ou 1 000",PROVEN_OFFICIAL,SRC-C3-MATHS-NOUVEAU | BO n°16 du 17 avril 2025 — NOR MENE2504620A — arrêté du 10 avril 2025,0,0,NO_CONTENT
MATHS,CM2,COMMON,"Nombres, calcul et résolution de problèmes",Le calcul mental,MATHS.CM2.NCRP.multiplier-un-nombre-decimal-par-5,Multiplier un nombre décimal par 5,PROVEN_OFFICIAL,SRC-C3-MATHS-NOUVEAU | BO n°16 du 17 avril 2025 — NOR MENE2504620A — arrêté du 10 avril 2025,0,0,NO_CONTENT
MATHS,CM2,COMMON,"Nombres, calcul et résolution de problèmes",Le calcul mental,MATHS.CM2.NCRP.multiplier-un-nombre-decimal-par-50,Multiplier un nombre décimal par 50,PROVEN_OFFICIAL,SRC-C3-MATHS-NOUVEAU | BO n°16 du 17 avril 2025 — NOR MENE2504620A — arrêté du 10 avril 2025,0,0,NO_CONTENT
MATHS,CM2,COMMON,"Nombres, calcul et résolution de problèmes",Le calcul mental,MATHS.CM2.NCRP.multiplier-un-nombre-entier-inferieur-a-10-de-dizaines-de-centaines-ou,"Multiplier un nombre entier, inférieur à 10, de dizaines, de centaines ou de milliers par un nombre entier, inférieur à 10, de dizaines, de centaines ou de…",PROVEN_OFFICIAL,SRC-C3-MATHS-NOUVEAU | BO n°16 du 17 avril 2025 — NOR MENE2504620A — arrêté du 10 avril 2025,0,0,NO_CONTENT
MATHS,CM2,COMMON,"Nombres, calcul et résolution de problèmes",Le calcul mental,MATHS.CM2.NCRP.utiliser-la-distributivite-de-la-multiplication-par-rapport-a-ladditio,Utiliser la distributivité de la multiplication par rapport à l’addition dans des cas simples,PROVEN_OFFICIAL,SRC-C3-MATHS-NOUVEAU | BO n°16 du 17 avril 2025 — NOR MENE2504620A — arrêté du 10 avril 2025,0,0,NO_CONTENT
MATHS,CM2,COMMON,"Nombres, calcul et résolution de problèmes",Les fractions,MATHS.CM2.NCRP.additionner-et-soustraire-des-fractions,Additionner et soustraire des fractions,PROVEN_OFFICIAL,SRC-C3-MATHS-NOUVEAU | BO n°16 du 17 avril 2025 — NOR MENE2504620A — arrêté du 10 avril 2025,0,0,NO_CONTENT
MATHS,CM2,COMMON,"Nombres, calcul et résolution de problèmes",Les fractions,MATHS.CM2.NCRP.calculer-le-produit-dun-entier-et-dune-fraction,Calculer le produit d’un entier et d’une fraction,PROVEN_OFFICIAL,SRC-C3-MATHS-NOUVEAU | BO n°16 du 17 avril 2025 — NOR MENE2504620A — arrêté du 10 avril 2025,0,0,NO_CONTENT
MATHS,CM2,COMMON,"Nombres, calcul et résolution de problèmes",Les fractions,MATHS.CM2.NCRP.comparer-des-fractions,Comparer des fractions,PROVEN_OFFICIAL,SRC-C3-MATHS-NOUVEAU | BO n°16 du 17 avril 2025 — NOR MENE2504620A — arrêté du 10 avril 2025,0,0,NO_CONTENT
MATHS,CM2,COMMON,"Nombres, calcul et résolution de problèmes",Les fractions,MATHS.CM2.NCRP.determiner-une-fraction-dune-quantite-ou-dune-grandeur,Déterminer une fraction d’une quantité ou d’une grandeur,PROVEN_OFFICIAL,SRC-C3-MATHS-NOUVEAU | BO n°16 du 17 avril 2025 — NOR MENE2504620A — arrêté du 10 avril 2025,0,0,NO_CONTENT
MATHS,CM2,COMMON,"Nombres, calcul et résolution de problèmes",Les fractions,MATHS.CM2.NCRP.ecrire-la-somme-dun-entier-et-dune-fraction-inferieure-a-1-comme-une-u,Écrire la somme d’un entier et d’une fraction inférieure à 1 comme une unique fraction,PROVEN_OFFICIAL,SRC-C3-MATHS-NOUVEAU | BO n°16 du 17 avril 2025 — NOR MENE2504620A — arrêté du 10 avril 2025,0,0,NO_CONTENT
MATHS,CM2,COMMON,"Nombres, calcul et résolution de problèmes",Les fractions,MATHS.CM2.NCRP.ecrire-une-fraction-superieure-a-1-comme-la-somme-dun-entier-et-dune-f,Écrire une fraction supérieure à 1 comme la somme d’un entier et d’une fraction inférieure à 1,PROVEN_OFFICIAL,SRC-C3-MATHS-NOUVEAU | BO n°16 du 17 avril 2025 — NOR MENE2504620A — arrêté du 10 avril 2025,0,0,NO_CONTENT
MATHS,CM2,COMMON,"Nombres, calcul et résolution de problèmes",Les fractions,MATHS.CM2.NCRP.encadrer-une-fraction-entre-deux-nombres-entiers-consecutifs,Encadrer une fraction entre deux nombres entiers consécutifs,PROVEN_OFFICIAL,SRC-C3-MATHS-NOUVEAU | BO n°16 du 17 avril 2025 — NOR MENE2504620A — arrêté du 10 avril 2025,0,0,NO_CONTENT
MATHS,CM2,COMMON,"Nombres, calcul et résolution de problèmes",Les fractions,MATHS.CM2.NCRP.interpreter-representer-ecrire-et-lire-des-fractions,"Interpréter, représenter, écrire et lire des fractions",PROVEN_OFFICIAL,SRC-C3-MATHS-NOUVEAU | BO n°16 du 17 avril 2025 — NOR MENE2504620A — arrêté du 10 avril 2025,0,0,NO_CONTENT
MATHS,CM2,COMMON,"Nombres, calcul et résolution de problèmes",Les fractions,MATHS.CM2.NCRP.placer-une-fraction-ou-la-somme-dun-nombre-entier-et-dune-fraction-inf,Placer une fraction ou la somme d’un nombre entier et d’une fraction inférieure à un sur une demi-droite graduée,PROVEN_OFFICIAL,SRC-C3-MATHS-NOUVEAU | BO n°16 du 17 avril 2025 — NOR MENE2504620A — arrêté du 10 avril 2025,0,0,NO_CONTENT
MATHS,CM2,COMMON,"Nombres, calcul et résolution de problèmes",Les fractions,MATHS.CM2.NCRP.reperer-un-point-dune-demi-droite-graduee-par-une-fraction-ou-par-la-s,Repérer un point d’une demi-droite graduée par une fraction ou par la somme d’un nombre entier et d’une fraction,PROVEN_OFFICIAL,SRC-C3-MATHS-NOUVEAU | BO n°16 du 17 avril 2025 — NOR MENE2504620A — arrêté du 10 avril 2025,0,0,NO_CONTENT
MATHS,CM2,COMMON,"Nombres, calcul et résolution de problèmes",Les nombres décimaux,MATHS.CM2.NCRP.comparer-encadrer-intercaler-des-fractions-decimales-en-utilisant-les,"Comparer, encadrer, intercaler des fractions décimales en utilisant les symboles =, < et >",PROVEN_OFFICIAL,SRC-C3-MATHS-NOUVEAU | BO n°16 du 17 avril 2025 — NOR MENE2504620A — arrêté du 10 avril 2025,0,0,NO_CONTENT
MATHS,CM2,COMMON,"Nombres, calcul et résolution de problèmes",Les nombres décimaux,MATHS.CM2.NCRP.comparer-encadrer-intercaler-ordonner-par-ordre-croissant-ou-decroissa,"Comparer, encadrer, intercaler, ordonner par ordre croissant ou décroissant des nombres décimaux donnés par leur écriture à virgule en utilisant les symboles…",PROVEN_OFFICIAL,SRC-C3-MATHS-NOUVEAU | BO n°16 du 17 avril 2025 — NOR MENE2504620A — arrêté du 10 avril 2025,0,0,NO_CONTENT
MATHS,CM2,COMMON,"Nombres, calcul et résolution de problèmes",Les nombres décimaux,MATHS.CM2.NCRP.connaitre-et-utiliser-les-relations-entre-unites-simples-dixiemes-cent,"Connaître et utiliser les relations entre unités simples, dixièmes, centièmes et millièmes",PROVEN_OFFICIAL,SRC-C3-MATHS-NOUVEAU | BO n°16 du 17 avril 2025 — NOR MENE2504620A — arrêté du 10 avril 2025,0,0,NO_CONTENT
MATHS,CM2,COMMON,"Nombres, calcul et résolution de problèmes",Les nombres décimaux,MATHS.CM2.NCRP.ecrire-une-fraction-decimale-superieure-a-1-comme-la-somme-dun-nombre,Écrire une fraction décimale supérieure à 1 comme la somme d’un nombre entier et d’une fraction décimale inférieure à 1,PROVEN_OFFICIAL,SRC-C3-MATHS-NOUVEAU | BO n°16 du 17 avril 2025 — NOR MENE2504620A — arrêté du 10 avril 2025,0,0,NO_CONTENT
MATHS,CM2,COMMON,"Nombres, calcul et résolution de problèmes",Les nombres décimaux,MATHS.CM2.NCRP.ecrire-une-fraction-decimale-superieure-a-1-comme-la-somme-dun-nombre-2,Écrire une fraction décimale supérieure à 1 comme la somme d’un nombre entier et de fractions décimales ayant un numérateur inférieur à 10 (2),PROVEN_OFFICIAL,SRC-C3-MATHS-NOUVEAU | BO n°16 du 17 avril 2025 — NOR MENE2504620A — arrêté du 10 avril 2025,0,0,NO_CONTENT
MATHS,CM2,COMMON,"Nombres, calcul et résolution de problèmes",Les nombres décimaux,MATHS.CM2.NCRP.interpreter-representer-ecrire-et-lire-des-fractions-decimales,"Interpréter, représenter, écrire et lire des fractions décimales",PROVEN_OFFICIAL,SRC-C3-MATHS-NOUVEAU | BO n°16 du 17 avril 2025 — NOR MENE2504620A — arrêté du 10 avril 2025,0,0,NO_CONTENT
MATHS,CM2,COMMON,"Nombres, calcul et résolution de problèmes",Les nombres décimaux,MATHS.CM2.NCRP.interpreter-representer-ecrire-et-lire-des-nombres-decimaux-ecriture-a,"Interpréter, représenter, écrire et lire des nombres décimaux (écriture à virgule)",PROVEN_OFFICIAL,SRC-C3-MATHS-NOUVEAU | BO n°16 du 17 avril 2025 — NOR MENE2504620A — arrêté du 10 avril 2025,0,0,NO_CONTENT
MATHS,CM2,COMMON,"Nombres, calcul et résolution de problèmes",Les nombres décimaux,MATHS.CM2.NCRP.ordonner-des-fractions-decimales-dans-lordre-croissant-ou-decroissant,Ordonner des fractions décimales dans l’ordre croissant ou décroissant,PROVEN_OFFICIAL,SRC-C3-MATHS-NOUVEAU | BO n°16 du 17 avril 2025 — NOR MENE2504620A — arrêté du 10 avril 2025,0,0,NO_CONTENT
MATHS,CM2,COMMON,"Nombres, calcul et résolution de problèmes",Les nombres décimaux,MATHS.CM2.NCRP.passer-dune-ecriture-sous-forme-dune-fraction-decimale-ou-de-la-somme,Passer d’une écriture sous forme d’une fraction décimale ou de la somme de fractions décimales à une écriture à virgule et réciproquement,PROVEN_OFFICIAL,SRC-C3-MATHS-NOUVEAU | BO n°16 du 17 avril 2025 — NOR MENE2504620A — arrêté du 10 avril 2025,0,0,NO_CONTENT
MATHS,CM2,COMMON,"Nombres, calcul et résolution de problèmes",Les nombres décimaux,MATHS.CM2.NCRP.placer-un-nombre-decimal-en-ecriture-a-virgule-sur-une-demi-droite-gra,Placer un nombre décimal en écriture à virgule sur une demi-droite graduée et repérer un point d’une demi-droite graduée par un nombre en écriture à virgule,PROVEN_OFFICIAL,SRC-C3-MATHS-NOUVEAU | BO n°16 du 17 avril 2025 — NOR MENE2504620A — arrêté du 10 avril 2025,0,0,NO_CONTENT
MATHS,CM2,COMMON,"Nombres, calcul et résolution de problèmes",Les nombres décimaux,MATHS.CM2.NCRP.placer-une-fraction-decimale-sur-une-demi-droite-graduee-et-reperer-un,Placer une fraction décimale sur une demi-droite graduée et repérer un point d’une demi-droite graduée par une fraction décimale,PROVEN_OFFICIAL,SRC-C3-MATHS-NOUVEAU | BO n°16 du 17 avril 2025 — NOR MENE2504620A — arrêté du 10 avril 2025,0,0,NO_CONTENT
MATHS,CM2,COMMON,"Nombres, calcul et résolution de problèmes",Les nombres décimaux,MATHS.CM2.NCRP.savoir-donner-la-partie-entiere-et-larrondi-a-lentier-dun-nombre-decim,Savoir donner la partie entière et l’arrondi à l’entier d’un nombre décimal,PROVEN_OFFICIAL,SRC-C3-MATHS-NOUVEAU | BO n°16 du 17 avril 2025 — NOR MENE2504620A — arrêté du 10 avril 2025,0,0,NO_CONTENT
MATHS,CM2,COMMON,"Nombres, calcul et résolution de problèmes",Les nombres entiers,MATHS.CM2.NCRP.comparer-encadrer-intercaler-des-nombres-entiers-en-utilisant-les-symb,"Comparer, encadrer, intercaler des nombres entiers en utilisant les symboles =, < et >",PROVEN_OFFICIAL,SRC-C3-MATHS-NOUVEAU | BO n°16 du 17 avril 2025 — NOR MENE2504620A — arrêté du 10 avril 2025,0,0,NO_CONTENT
MATHS,CM2,COMMON,"Nombres, calcul et résolution de problèmes",Les nombres entiers,MATHS.CM2.NCRP.connaitre-et-utiliser-diverses-representations-dun-nombre-et-passer-de,Connaître et utiliser diverses représentations d’un nombre et passer de l’une à l’autre,PROVEN_OFFICIAL,SRC-C3-MATHS-NOUVEAU | BO n°16 du 17 avril 2025 — NOR MENE2504620A — arrêté du 10 avril 2025,0,0,NO_CONTENT
MATHS,CM2,COMMON,"Nombres, calcul et résolution de problèmes",Les nombres entiers,MATHS.CM2.NCRP.connaitre-et-utiliser-les-relations-entre-les-unites-de-numeration,Connaître et utiliser les relations entre les unités de numération,PROVEN_OFFICIAL,SRC-C3-MATHS-NOUVEAU | BO n°16 du 17 avril 2025 — NOR MENE2504620A — arrêté du 10 avril 2025,0,0,NO_CONTENT
MATHS,CM2,COMMON,"Nombres, calcul et résolution de problèmes",Les nombres entiers,MATHS.CM2.NCRP.connaitre-la-suite-ecrite-et-la-suite-orale-des-nombres-jusqua-999-999,Connaître la suite écrite et la suite orale des nombres jusqu’à 999 999 999,PROVEN_OFFICIAL,SRC-C3-MATHS-NOUVEAU | BO n°16 du 17 avril 2025 — NOR MENE2504620A — arrêté du 10 avril 2025,0,0,NO_CONTENT
MATHS,CM2,COMMON,"Nombres, calcul et résolution de problèmes",Les nombres entiers,MATHS.CM2.NCRP.connaitre-la-valeur-des-chiffres-en-fonction-de-leur-position-dans-un,Connaître la valeur des chiffres en fonction de leur position dans un nombre,PROVEN_OFFICIAL,SRC-C3-MATHS-NOUVEAU | BO n°16 du 17 avril 2025 — NOR MENE2504620A — arrêté du 10 avril 2025,0,0,NO_CONTENT
MATHS,CM2,COMMON,"Nombres, calcul et résolution de problèmes",Les nombres entiers,MATHS.CM2.NCRP.determiner-des-diviseurs-dun-nombre-entier-inferieur-ou-egal-a-100,Déterminer des diviseurs d’un nombre entier inférieur ou égal à 100,PROVEN_OFFICIAL,SRC-C3-MATHS-NOUVEAU | BO n°16 du 17 avril 2025 — NOR MENE2504620A — arrêté du 10 avril 2025,0,0,NO_CONTENT
MATHS,CM2,COMMON,"Nombres, calcul et résolution de problèmes",Les nombres entiers,MATHS.CM2.NCRP.determiner-des-multiples-communs-a-deux-nombres-entiers-inferieurs-a-1,Déterminer des multiples communs à deux nombres entiers inférieurs à 15,PROVEN_OFFICIAL,SRC-C3-MATHS-NOUVEAU | BO n°16 du 17 avril 2025 — NOR MENE2504620A — arrêté du 10 avril 2025,0,0,NO_CONTENT
MATHS,CM2,COMMON,"Nombres, calcul et résolution de problèmes",Les nombres entiers,MATHS.CM2.NCRP.determiner-les-diviseurs-communs-a-deux-nombres-entiers-inferieurs-ou,Déterminer les diviseurs communs à deux nombres entiers inférieurs ou égaux à 30,PROVEN_OFFICIAL,SRC-C3-MATHS-NOUVEAU | BO n°16 du 17 avril 2025 — NOR MENE2504620A — arrêté du 10 avril 2025,0,0,NO_CONTENT
MATHS,CM2,COMMON,"Nombres, calcul et résolution de problèmes",Les nombres entiers,MATHS.CM2.NCRP.determiner-si-un-nombre-entier-inferieur-ou-egal-a-10-est-un-diviseur,Déterminer si un nombre entier inférieur ou égal à 10 est un diviseur d’un nombre entier donné ou si un nombre entier donné est un multiple d’un nombre entier…,PROVEN_OFFICIAL,SRC-C3-MATHS-NOUVEAU | BO n°16 du 17 avril 2025 — NOR MENE2504620A — arrêté du 10 avril 2025,0,0,NO_CONTENT
MATHS,CM2,COMMON,"Nombres, calcul et résolution de problèmes",Les nombres entiers,MATHS.CM2.NCRP.determiner-tous-les-diviseurs-dun-nombre-entier-inferieur-ou-egal-a-30,Déterminer tous les diviseurs d’un nombre entier inférieur ou égal à 30,PROVEN_OFFICIAL,SRC-C3-MATHS-NOUVEAU | BO n°16 du 17 avril 2025 — NOR MENE2504620A — arrêté du 10 avril 2025,0,0,NO_CONTENT
MATHS,CM2,COMMON,"Nombres, calcul et résolution de problèmes",Les nombres entiers,MATHS.CM2.NCRP.ordonner-des-nombres-dans-lordre-croissant-ou-decroissant,Ordonner des nombres dans l’ordre croissant ou décroissant,PROVEN_OFFICIAL,SRC-C3-MATHS-NOUVEAU | BO n°16 du 17 avril 2025 — NOR MENE2504620A — arrêté du 10 avril 2025,0,0,NO_CONTENT
MATHS,CM2,COMMON,"Nombres, calcul et résolution de problèmes",Les nombres entiers,MATHS.CM2.NCRP.placer-des-nombres-et-reperer-des-points-sur-une-demi-droite-graduee,Placer des nombres et repérer des points sur une demi-droite graduée,PROVEN_OFFICIAL,SRC-C3-MATHS-NOUVEAU | BO n°16 du 17 avril 2025 — NOR MENE2504620A — arrêté du 10 avril 2025,0,0,NO_CONTENT
MATHS,CM2,COMMON,"Nombres, calcul et résolution de problèmes",Les quatre opérations,MATHS.CM2.NCRP.estimer-le-resultat-dune-operation,Estimer le résultat d’une opération,PROVEN_OFFICIAL,SRC-C3-MATHS-NOUVEAU | BO n°16 du 17 avril 2025 — NOR MENE2504620A — arrêté du 10 avril 2025,0,0,NO_CONTENT
MATHS,CM2,COMMON,"Nombres, calcul et résolution de problèmes",Les quatre opérations,MATHS.CM2.NCRP.poser-et-effectuer-des-divisions-decimales-avec-un-dividende-decimal-e,Poser et effectuer des divisions décimales avec un dividende décimal et un diviseur à un chiffre,PROVEN_OFFICIAL,SRC-C3-MATHS-NOUVEAU | BO n°16 du 17 avril 2025 — NOR MENE2504620A — arrêté du 10 avril 2025,0,0,NO_CONTENT
MATHS,CM2,COMMON,"Nombres, calcul et résolution de problèmes",Les quatre opérations,MATHS.CM2.NCRP.poser-et-effectuer-des-divisions-decimales-avec-un-dividende-entier-et,Poser et effectuer des divisions décimales avec un dividende entier et un diviseur à un chiffre,PROVEN_OFFICIAL,SRC-C3-MATHS-NOUVEAU | BO n°16 du 17 avril 2025 — NOR MENE2504620A — arrêté du 10 avril 2025,0,0,NO_CONTENT
MATHS,CM2,COMMON,"Nombres, calcul et résolution de problèmes",Les quatre opérations,MATHS.CM2.NCRP.poser-et-effectuer-la-multiplication-dun-nombre-decimal-par-un-nombre,Poser et effectuer la multiplication d’un nombre décimal par un nombre entier,PROVEN_OFFICIAL,SRC-C3-MATHS-NOUVEAU | BO n°16 du 17 avril 2025 — NOR MENE2504620A — arrêté du 10 avril 2025,0,0,NO_CONTENT
MATHS,CM2,COMMON,"Nombres, calcul et résolution de problèmes",Les quatre opérations,MATHS.CM2.NCRP.savoir-realiser-un-calcul-contenant-une-ou-deux-paires-de-parentheses,Savoir réaliser un calcul contenant une ou deux paires de parenthèses,PROVEN_OFFICIAL,SRC-C3-MATHS-NOUVEAU | BO n°16 du 17 avril 2025 — NOR MENE2504620A — arrêté du 10 avril 2025,0,0,NO_CONTENT
MATHS,CM2,COMMON,Organisation et gestion de données et probabilités,Les probabilités,MATHS.CM2.OGDP.comparer-des-probabilites-dans-des-cas-simples,Comparer des probabilités dans des cas simples,PROVEN_OFFICIAL,SRC-C3-MATHS-NOUVEAU | BO n°16 du 17 avril 2025 — NOR MENE2504620A — arrêté du 10 avril 2025,0,0,NO_CONTENT
MATHS,CM2,COMMON,Organisation et gestion de données et probabilités,Les probabilités,MATHS.CM2.OGDP.comprendre-la-notion-dindependance-lors-de-la-repetition-de-la-meme-ex,Comprendre la notion d’indépendance lors de la répétition de la même expérience aléatoire,PROVEN_OFFICIAL,SRC-C3-MATHS-NOUVEAU | BO n°16 du 17 avril 2025 — NOR MENE2504620A — arrêté du 10 avril 2025,0,0,NO_CONTENT
MATHS,CM2,COMMON,Organisation et gestion de données et probabilités,Les probabilités,MATHS.CM2.OGDP.dans-des-situations-dequiprobabilite-recenser-toutes-les-issues-possib,"Dans des situations d’équiprobabilité, recenser toutes les issues possibles d’une expérience aléatoire en deux étapes dans un tableau ou dans un arbre afin de…",PROVEN_OFFICIAL,SRC-C3-MATHS-NOUVEAU | BO n°16 du 17 avril 2025 — NOR MENE2504620A — arrêté du 10 avril 2025,0,0,NO_CONTENT
MATHS,CM2,COMMON,Organisation et gestion de données et probabilités,Les probabilités,MATHS.CM2.OGDP.dans-une-situation-dequiprobabilite-lors-dune-experience-aleatoire-sim,"Dans une situation d’équiprobabilité, lors d’une expérience aléatoire simple, exprimer la probabilité d’un évènement sous la forme « a chances sur b »",PROVEN_OFFICIAL,SRC-C3-MATHS-NOUVEAU | BO n°16 du 17 avril 2025 — NOR MENE2504620A — arrêté du 10 avril 2025,0,0,NO_CONTENT
MATHS,CM2,COMMON,Organisation et gestion de données et probabilités,Les probabilités,MATHS.CM2.OGDP.identifier-toutes-les-issues-possibles-lors-dune-experience-aleatoire,Identifier toutes les issues possibles lors d’une expérience aléatoire simple,PROVEN_OFFICIAL,SRC-C3-MATHS-NOUVEAU | BO n°16 du 17 avril 2025 — NOR MENE2504620A — arrêté du 10 avril 2025,0,0,NO_CONTENT
MATHS,CM2,COMMON,Organisation et gestion de données et probabilités,Les probabilités,MATHS.CM2.OGDP.identifier-toutes-les-issues-realisant-un-evenement-dans-une-experienc,Identifier toutes les issues réalisant un évènement dans une expérience aléatoire simple,PROVEN_OFFICIAL,SRC-C3-MATHS-NOUVEAU | BO n°16 du 17 avril 2025 — NOR MENE2504620A — arrêté du 10 avril 2025,0,0,NO_CONTENT
MATHS,CM2,COMMON,Organisation et gestion de données et probabilités,Organisation et gestion de données,MATHS.CM2.OGDP.lire-et-interpreter-les-donnees-dun-tableau-dun-diagramme-en-barres-du,"Lire et interpréter les données d’un tableau, d’un diagramme en barres, d’un diagramme circulaire ou d’une courbe",PROVEN_OFFICIAL,SRC-C3-MATHS-NOUVEAU | BO n°16 du 17 avril 2025 — NOR MENE2504620A — arrêté du 10 avril 2025,0,0,NO_CONTENT
MATHS,CM2,COMMON,Organisation et gestion de données et probabilités,Organisation et gestion de données,MATHS.CM2.OGDP.recueillir-des-donnees-et-produire-un-tableau-un-diagramme-en-barres-o,"Recueillir des données et produire un tableau, un diagramme en barres ou un ensemble de points dans un repère pour présenter des données recueillies",PROVEN_OFFICIAL,SRC-C3-MATHS-NOUVEAU | BO n°16 du 17 avril 2025 — NOR MENE2504620A — arrêté du 10 avril 2025,0,0,NO_CONTENT
MATHS,CM2,COMMON,Organisation et gestion de données et probabilités,Organisation et gestion de données,MATHS.CM2.OGDP.resoudre-des-problemes-en-une-ou-deux-etapes-en-utilisant-les-donnees,"Résoudre des problèmes en une ou deux étapes en utilisant les données d’un tableau, d’un diagramme en barres, d’un diagramme circulaire ou d’une courbe",PROVEN_OFFICIAL,SRC-C3-MATHS-NOUVEAU | BO n°16 du 17 avril 2025 — NOR MENE2504620A — arrêté du 10 avril 2025,0,0,NO_CONTENT
MATHS,CM2,COMMON,La proportionnalité,La proportionnalité,MATHS.CM2.PROP.identifier-une-situation-de-proportionnalite,Identifier une situation de proportionnalité,PROVEN_OFFICIAL,SRC-C3-MATHS-NOUVEAU | BO n°16 du 17 avril 2025 — NOR MENE2504620A — arrêté du 10 avril 2025,0,0,NO_CONTENT
MATHS,CM2,COMMON,La proportionnalité,La proportionnalité,MATHS.CM2.PROP.savoir-resoudre-un-probleme-de-proportionnalite,Savoir résoudre un problème de proportionnalité,PROVEN_OFFICIAL,SRC-C3-MATHS-NOUVEAU | BO n°16 du 17 avril 2025 — NOR MENE2504620A — arrêté du 10 avril 2025,0,0,NO_CONTENT
MATHS,6E,COMMON,Espace et géométrie,La vision dans l’espace,MATHS.6E.EG.voir-dans-lespace-des-assemblages-de-cubes,Voir dans l’espace des assemblages de cubes,PROVEN_OFFICIAL,SRC-C3-MATHS-NOUVEAU | BO n°16 du 17 avril 2025 — NOR MENE2504620A — arrêté du 10 avril 2025,0,0,NO_CONTENT
MATHS,6E,COMMON,Espace et géométrie,Étude de configurations planes,MATHS.6E.EG.comprendre-et-utiliser-la-propriete-caracteristique-de-la-mediatrice-d,Comprendre et utiliser la propriété caractéristique de la médiatrice d’un segment,PROVEN_OFFICIAL,SRC-C3-MATHS-NOUVEAU | BO n°16 du 17 avril 2025 — NOR MENE2504620A — arrêté du 10 avril 2025,0,0,NO_CONTENT
MATHS,6E,COMMON,Espace et géométrie,Étude de configurations planes,MATHS.6E.EG.comprendre-la-definition-dun-cercle-et-celle-dun-disque-sous-la-forme,Comprendre la définition d’un cercle et celle d’un disque sous la forme d’ensembles de points,PROVEN_OFFICIAL,SRC-C3-MATHS-NOUVEAU | BO n°16 du 17 avril 2025 — NOR MENE2504620A — arrêté du 10 avril 2025,0,0,NO_CONTENT
MATHS,6E,COMMON,Espace et géométrie,Étude de configurations planes,MATHS.6E.EG.connaitre-et-construire-le-cercle-circonscrit-a-un-triangle,Connaître et construire le cercle circonscrit à un triangle,PROVEN_OFFICIAL,SRC-C3-MATHS-NOUVEAU | BO n°16 du 17 avril 2025 — NOR MENE2504620A — arrêté du 10 avril 2025,0,0,NO_CONTENT
MATHS,6E,COMMON,Espace et géométrie,Étude de configurations planes,MATHS.6E.EG.connaitre-et-utiliser-la-definition-de-la-distance-entre-deux-points,Connaître et utiliser la définition de la distance entre deux points,PROVEN_OFFICIAL,SRC-C3-MATHS-NOUVEAU | BO n°16 du 17 avril 2025 — NOR MENE2504620A — arrêté du 10 avril 2025,0,0,NO_CONTENT
MATHS,6E,COMMON,Espace et géométrie,Étude de configurations planes,MATHS.6E.EG.connaitre-et-utiliser-la-definition-du-milieu-dun-segment,Connaître et utiliser la définition du milieu d’un segment,PROVEN_OFFICIAL,SRC-C3-MATHS-NOUVEAU | BO n°16 du 17 avril 2025 — NOR MENE2504620A — arrêté du 10 avril 2025,0,0,NO_CONTENT
MATHS,6E,COMMON,Espace et géométrie,Étude de configurations planes,MATHS.6E.EG.connaitre-et-utiliser-les-angles-ainsi-que-le-lexique-et-les-notations,"Connaître et utiliser les angles ainsi que le lexique et les notations qui s’y rapportent : angle droit, angle plat, angle plein, angle nul, angle aigu, angle…",PROVEN_OFFICIAL,SRC-C3-MATHS-NOUVEAU | BO n°16 du 17 avril 2025 — NOR MENE2504620A — arrêté du 10 avril 2025,0,0,NO_CONTENT
MATHS,6E,COMMON,Espace et géométrie,Étude de configurations planes,MATHS.6E.EG.connaitre-et-utiliser-les-proprietes-angulaires-des-triangles-particul,"Connaître et utiliser les propriétés angulaires des triangles particuliers : triangle rectangle, triangle isocèle, triangle équilatéral",PROVEN_OFFICIAL,SRC-C3-MATHS-NOUVEAU | BO n°16 du 17 avril 2025 — NOR MENE2504620A — arrêté du 10 avril 2025,0,0,NO_CONTENT
MATHS,6E,COMMON,Espace et géométrie,Étude de configurations planes,MATHS.6E.EG.connaitre-et-utiliser-les-proprietes-de-la-symetrie-axiale-pour-effect,Connaître et utiliser les propriétés de la symétrie axiale pour effectuer des constructions,PROVEN_OFFICIAL,SRC-C3-MATHS-NOUVEAU | BO n°16 du 17 avril 2025 — NOR MENE2504620A — arrêté du 10 avril 2025,0,0,NO_CONTENT
MATHS,6E,COMMON,Espace et géométrie,Étude de configurations planes,MATHS.6E.EG.connaitre-la-definition-de-la-bissectrice-dun-angle-saillant,Connaître la définition de la bissectrice d’un angle saillant,PROVEN_OFFICIAL,SRC-C3-MATHS-NOUVEAU | BO n°16 du 17 avril 2025 — NOR MENE2504620A — arrêté du 10 avril 2025,0,0,NO_CONTENT
MATHS,6E,COMMON,Espace et géométrie,Étude de configurations planes,MATHS.6E.EG.connaitre-la-definition-de-la-mediatrice-dun-segment,Connaître la définition de la médiatrice d’un segment,PROVEN_OFFICIAL,SRC-C3-MATHS-NOUVEAU | BO n°16 du 17 avril 2025 — NOR MENE2504620A — arrêté du 10 avril 2025,0,0,NO_CONTENT
MATHS,6E,COMMON,Espace et géométrie,Étude de configurations planes,MATHS.6E.EG.connaitre-la-definition-du-symetrique-dun-point-par-rapport-a-une-droi,Connaître la définition du symétrique d’un point par rapport à une droite,PROVEN_OFFICIAL,SRC-C3-MATHS-NOUVEAU | BO n°16 du 17 avril 2025 — NOR MENE2504620A — arrêté du 10 avril 2025,0,0,NO_CONTENT
MATHS,6E,COMMON,Espace et géométrie,Étude de configurations planes,MATHS.6E.EG.connaitre-la-valeur-de-la-somme-des-mesures-des-angles-dun-triangle,Connaître la valeur de la somme des mesures des angles d’un triangle,PROVEN_OFFICIAL,SRC-C3-MATHS-NOUVEAU | BO n°16 du 17 avril 2025 — NOR MENE2504620A — arrêté du 10 avril 2025,0,0,NO_CONTENT
MATHS,6E,COMMON,Espace et géométrie,Étude de configurations planes,MATHS.6E.EG.connaitre-les-definitions-dun-cercle-dun-disque-dun-rayon-dun-diametre,"Connaître les définitions d’un cercle, d’un disque, d’un rayon, d’un diamètre, d’une corde",PROVEN_OFFICIAL,SRC-C3-MATHS-NOUVEAU | BO n°16 du 17 avril 2025 — NOR MENE2504620A — arrêté du 10 avril 2025,0,0,NO_CONTENT
MATHS,6E,COMMON,Espace et géométrie,Étude de configurations planes,MATHS.6E.EG.construire-des-triangles,Construire des triangles,PROVEN_OFFICIAL,SRC-C3-MATHS-NOUVEAU | BO n°16 du 17 avril 2025 — NOR MENE2504620A — arrêté du 10 avril 2025,0,0,NO_CONTENT
MATHS,6E,COMMON,Espace et géométrie,Étude de configurations planes,MATHS.6E.EG.construire-un-angle-de-mesure-donnee,Construire un angle de mesure donnée,PROVEN_OFFICIAL,SRC-C3-MATHS-NOUVEAU | BO n°16 du 17 avril 2025 — NOR MENE2504620A — arrêté du 10 avril 2025,0,0,NO_CONTENT
MATHS,6E,COMMON,Espace et géométrie,Étude de configurations planes,MATHS.6E.EG.lutiliser-pour-calculer-des-angles-effectuer-des-constructions-et-reso,"L’utiliser pour calculer des angles, effectuer des constructions et résoudre des problèmes",PROVEN_OFFICIAL,SRC-C3-MATHS-NOUVEAU | BO n°16 du 17 avril 2025 — NOR MENE2504620A — arrêté du 10 avril 2025,0,0,NO_CONTENT
MATHS,6E,COMMON,Espace et géométrie,Étude de configurations planes,MATHS.6E.EG.mesurer-un-angle,Mesurer un angle,PROVEN_OFFICIAL,SRC-C3-MATHS-NOUVEAU | BO n°16 du 17 avril 2025 — NOR MENE2504620A — arrêté du 10 avril 2025,0,0,NO_CONTENT
MATHS,6E,COMMON,Espace et géométrie,Étude de configurations planes,MATHS.6E.EG.resoudre-des-problemes-en-sappuyant-sur-la-propriete-caracteristique-d,Résoudre des problèmes en s’appuyant sur la propriété caractéristique de la médiatrice,PROVEN_OFFICIAL,SRC-C3-MATHS-NOUVEAU | BO n°16 du 17 avril 2025 — NOR MENE2504620A — arrêté du 10 avril 2025,0,0,NO_CONTENT
MATHS,6E,COMMON,Espace et géométrie,Étude de configurations planes,MATHS.6E.EG.resoudre-des-problemes-mettant-en-jeu-des-distances-a-un-point,Résoudre des problèmes mettant en jeu des distances à un point,PROVEN_OFFICIAL,SRC-C3-MATHS-NOUVEAU | BO n°16 du 17 avril 2025 — NOR MENE2504620A — arrêté du 10 avril 2025,0,0,NO_CONTENT
MATHS,6E,COMMON,Espace et géométrie,Étude de configurations planes,MATHS.6E.EG.savoir-que-les-mediatrices-dun-triangle-sont-concourantes,Savoir que les médiatrices d’un triangle sont concourantes,PROVEN_OFFICIAL,SRC-C3-MATHS-NOUVEAU | BO n°16 du 17 avril 2025 — NOR MENE2504620A — arrêté du 10 avril 2025,0,0,NO_CONTENT
MATHS,6E,COMMON,Espace et géométrie,Étude de configurations planes,MATHS.6E.EG.utiliser-la-definition-de-la-bissectrice-dun-angle-pour-effectuer-des,Utiliser la définition de la bissectrice d’un angle pour effectuer des constructions et résoudre des problèmes,PROVEN_OFFICIAL,SRC-C3-MATHS-NOUVEAU | BO n°16 du 17 avril 2025 — NOR MENE2504620A — arrêté du 10 avril 2025,0,0,NO_CONTENT
MATHS,6E,COMMON,Grandeurs et mesures,Le repérage dans le temps et les durées,MATHS.6E.GM.convertir-des-durees,Convertir des durées,PROVEN_OFFICIAL,SRC-C3-MATHS-NOUVEAU | BO n°16 du 17 avril 2025 — NOR MENE2504620A — arrêté du 10 avril 2025,0,0,NO_CONTENT
MATHS,6E,COMMON,Grandeurs et mesures,Le repérage dans le temps et les durées,MATHS.6E.GM.effectuer-des-calculs-sur-des-horaires-et-des-durees,Effectuer des calculs sur des horaires et des durées,PROVEN_OFFICIAL,SRC-C3-MATHS-NOUVEAU | BO n°16 du 17 avril 2025 — NOR MENE2504620A — arrêté du 10 avril 2025,0,0,NO_CONTENT
MATHS,6E,COMMON,Grandeurs et mesures,Le repérage dans le temps et les durées,MATHS.6E.GM.resoudre-des-problemes-impliquant-des-horaires-et-des-durees,Résoudre des problèmes impliquant des horaires et des durées,PROVEN_OFFICIAL,SRC-C3-MATHS-NOUVEAU | BO n°16 du 17 avril 2025 — NOR MENE2504620A — arrêté du 10 avril 2025,0,0,NO_CONTENT
MATHS,6E,COMMON,Grandeurs et mesures,Les aires,MATHS.6E.GM.calculer-laire-dun-carre-ou-dun-rectangle,Calculer l’aire d’un carré ou d’un rectangle,PROVEN_OFFICIAL,SRC-C3-MATHS-NOUVEAU | BO n°16 du 17 avril 2025 — NOR MENE2504620A — arrêté du 10 avril 2025,0,0,NO_CONTENT
MATHS,6E,COMMON,Grandeurs et mesures,Les aires,MATHS.6E.GM.connaitre-la-formule-de-laire-dun-carre-ou-dun-rectangle,Connaître la formule de l’aire d’un carré ou d’un rectangle,PROVEN_OFFICIAL,SRC-C3-MATHS-NOUVEAU | BO n°16 du 17 avril 2025 — NOR MENE2504620A — arrêté du 10 avril 2025,0,0,NO_CONTENT
MATHS,6E,COMMON,Grandeurs et mesures,Les aires,MATHS.6E.GM.effectuer-des-conversions-daire,Effectuer des conversions d’aire,PROVEN_OFFICIAL,SRC-C3-MATHS-NOUVEAU | BO n°16 du 17 avril 2025 — NOR MENE2504620A — arrêté du 10 avril 2025,0,0,NO_CONTENT
MATHS,6E,COMMON,Grandeurs et mesures,Les longueurs,MATHS.6E.GM.calculer-des-perimetres-de-figures-composees,Calculer des périmètres de figures composées,PROVEN_OFFICIAL,SRC-C3-MATHS-NOUVEAU | BO n°16 du 17 avril 2025 — NOR MENE2504620A — arrêté du 10 avril 2025,0,0,NO_CONTENT
MATHS,6E,COMMON,Grandeurs et mesures,Les longueurs,MATHS.6E.GM.calculer-le-perimetre-dun-disque,Calculer le périmètre d’un disque,PROVEN_OFFICIAL,SRC-C3-MATHS-NOUVEAU | BO n°16 du 17 avril 2025 — NOR MENE2504620A — arrêté du 10 avril 2025,0,0,NO_CONTENT
MATHS,6E,COMMON,Grandeurs et mesures,Les longueurs,MATHS.6E.GM.connaitre-la-formule-du-perimetre-dun-disque,Connaître la formule du périmètre d’un disque,PROVEN_OFFICIAL,SRC-C3-MATHS-NOUVEAU | BO n°16 du 17 avril 2025 — NOR MENE2504620A — arrêté du 10 avril 2025,0,0,NO_CONTENT
MATHS,6E,COMMON,Grandeurs et mesures,Les longueurs,MATHS.6E.GM.resoudre-des-problemes-impliquant-des-longueurs,Résoudre des problèmes impliquant des longueurs,PROVEN_OFFICIAL,SRC-C3-MATHS-NOUVEAU | BO n°16 du 17 avril 2025 — NOR MENE2504620A — arrêté du 10 avril 2025,0,0,NO_CONTENT
MATHS,6E,COMMON,Grandeurs et mesures,Les longueurs,MATHS.6E.GM.savoir-que-le-perimetre-du-disque-est-proportionnel-a-son-diametre,Savoir que le périmètre du disque est proportionnel à son diamètre,PROVEN_OFFICIAL,SRC-C3-MATHS-NOUVEAU | BO n°16 du 17 avril 2025 — NOR MENE2504620A — arrêté du 10 avril 2025,0,0,NO_CONTENT
MATHS,6E,COMMON,Grandeurs et mesures,Les volumes,MATHS.6E.GM.comparer-des-volumes,Comparer des volumes,PROVEN_OFFICIAL,SRC-C3-MATHS-NOUVEAU | BO n°16 du 17 avril 2025 — NOR MENE2504620A — arrêté du 10 avril 2025,0,0,NO_CONTENT
MATHS,6E,COMMON,Grandeurs et mesures,Les volumes,MATHS.6E.GM.connaitre-lunite-centimetre-cube,Connaître l’unité centimètre cube,PROVEN_OFFICIAL,SRC-C3-MATHS-NOUVEAU | BO n°16 du 17 avril 2025 — NOR MENE2504620A — arrêté du 10 avril 2025,0,0,NO_CONTENT
MATHS,6E,COMMON,Grandeurs et mesures,Les volumes,MATHS.6E.GM.determiner-un-volume,Déterminer un volume,PROVEN_OFFICIAL,SRC-C3-MATHS-NOUVEAU | BO n°16 du 17 avril 2025 — NOR MENE2504620A — arrêté du 10 avril 2025,0,0,NO_CONTENT
MATHS,6E,COMMON,Initiation à la pensée informatique,Initiation à la pensée informatique,MATHS.6E.INFO.identifier-une-instruction-ou-une-sequence-dinstructions,Identifier une instruction ou une séquence d’instructions,PROVEN_OFFICIAL,SRC-C3-MATHS-NOUVEAU | BO n°16 du 17 avril 2025 — NOR MENE2504620A — arrêté du 10 avril 2025,0,0,NO_CONTENT
MATHS,6E,COMMON,Initiation à la pensée informatique,Initiation à la pensée informatique,MATHS.6E.INFO.produire-et-executer-une-sequence-dinstructions,Produire et exécuter une séquence d’instructions,PROVEN_OFFICIAL,SRC-C3-MATHS-NOUVEAU | BO n°16 du 17 avril 2025 — NOR MENE2504620A — arrêté du 10 avril 2025,0,0,NO_CONTENT
MATHS,6E,COMMON,Initiation à la pensée informatique,Initiation à la pensée informatique,MATHS.6E.INFO.programmer-la-construction-dun-chemin-simple,Programmer la construction d’un chemin simple,PROVEN_OFFICIAL,SRC-C3-MATHS-NOUVEAU | BO n°16 du 17 avril 2025 — NOR MENE2504620A — arrêté du 10 avril 2025,0,0,NO_CONTENT
MATHS,6E,COMMON,Initiation à la pensée informatique,Initiation à la pensée informatique,MATHS.6E.INFO.repeter-a-la-main-une-sequence-dinstructions-pour-accomplir-une-tache,Répéter à la main une séquence d’instructions pour accomplir une tâche imposée,PROVEN_OFFICIAL,SRC-C3-MATHS-NOUVEAU | BO n°16 du 17 avril 2025 — NOR MENE2504620A — arrêté du 10 avril 2025,0,0,NO_CONTENT
MATHS,6E,COMMON,"Nombres, calcul et résolution de problèmes",Algèbre,MATHS.6E.NCRP.identifier-la-structure-dun-motif-evolutif-en-reperant-une-regularite,Identifier la structure d’un motif évolutif en repérant une régularité et en identifiant une structure,PROVEN_OFFICIAL,SRC-C3-MATHS-NOUVEAU | BO n°16 du 17 avril 2025 — NOR MENE2504620A — arrêté du 10 avril 2025,0,0,NO_CONTENT
MATHS,6E,COMMON,"Nombres, calcul et résolution de problèmes",Algèbre,MATHS.6E.NCRP.utiliser-des-modeles-pre-algebriques-pour-resoudre-des-problemes-algeb,Utiliser des modèles pré-algébriques pour résoudre des problèmes algébriques,PROVEN_OFFICIAL,SRC-C3-MATHS-NOUVEAU | BO n°16 du 17 avril 2025 — NOR MENE2504620A — arrêté du 10 avril 2025,0,0,NO_CONTENT
MATHS,6E,COMMON,"Nombres, calcul et résolution de problèmes",Les fractions,MATHS.6E.NCRP.additionner-et-soustraire-des-fractions,Additionner et soustraire des fractions,PROVEN_OFFICIAL,SRC-C3-MATHS-NOUVEAU | BO n°16 du 17 avril 2025 — NOR MENE2504620A — arrêté du 10 avril 2025,0,0,NO_CONTENT
MATHS,6E,COMMON,"Nombres, calcul et résolution de problèmes",Les fractions,MATHS.6E.NCRP.appliquer-un-pourcentage-a-une-grandeur-ou-a-un-nombre,Appliquer un pourcentage à une grandeur ou à un nombre,PROVEN_OFFICIAL,SRC-C3-MATHS-NOUVEAU | BO n°16 du 17 avril 2025 — NOR MENE2504620A — arrêté du 10 avril 2025,0,0,NO_CONTENT
MATHS,6E,COMMON,"Nombres, calcul et résolution de problèmes",Les fractions,MATHS.6E.NCRP.calculer-une-proportion-rapport-entre-une-partie-et-le-tout-et-lexprim,Calculer une proportion (rapport entre une partie et le tout) et l’exprimer sous forme de pourcentage dans des cas simples,PROVEN_OFFICIAL,SRC-C3-MATHS-NOUVEAU | BO n°16 du 17 avril 2025 — NOR MENE2504620A — arrêté du 10 avril 2025,0,0,NO_CONTENT
MATHS,6E,COMMON,"Nombres, calcul et résolution de problèmes",Les fractions,MATHS.6E.NCRP.comparer-et-encadrer-des-fractions,Comparer et encadrer des fractions,PROVEN_OFFICIAL,SRC-C3-MATHS-NOUVEAU | BO n°16 du 17 avril 2025 — NOR MENE2504620A — arrêté du 10 avril 2025,0,0,NO_CONTENT
MATHS,6E,COMMON,"Nombres, calcul et résolution de problèmes",Les fractions,MATHS.6E.NCRP.completer-des-egalites-a-trous-multiplicatives,Compléter des égalités à trous multiplicatives,PROVEN_OFFICIAL,SRC-C3-MATHS-NOUVEAU | BO n°16 du 17 avril 2025 — NOR MENE2504620A — arrêté du 10 avril 2025,0,0,NO_CONTENT
MATHS,6E,COMMON,"Nombres, calcul et résolution de problèmes",Les fractions,MATHS.6E.NCRP.comprendre-et-connaitre-la-definition-du-quotient-dun-entier-a-par-un,Comprendre et connaître la définition du quotient d’un entier a par un entier b non nul,PROVEN_OFFICIAL,SRC-C3-MATHS-NOUVEAU | BO n°16 du 17 avril 2025 — NOR MENE2504620A — arrêté du 10 avril 2025,0,0,NO_CONTENT
MATHS,6E,COMMON,"Nombres, calcul et résolution de problèmes",Les fractions,MATHS.6E.NCRP.comprendre-le-sens-dun-pourcentage,Comprendre le sens d’un pourcentage,PROVEN_OFFICIAL,SRC-C3-MATHS-NOUVEAU | BO n°16 du 17 avril 2025 — NOR MENE2504620A — arrêté du 10 avril 2025,0,0,NO_CONTENT
MATHS,6E,COMMON,"Nombres, calcul et résolution de problèmes",Les fractions,MATHS.6E.NCRP.etablir-des-egalites-de-fractions,Établir des égalités de fractions,PROVEN_OFFICIAL,SRC-C3-MATHS-NOUVEAU | BO n°16 du 17 avril 2025 — NOR MENE2504620A — arrêté du 10 avril 2025,0,0,NO_CONTENT
MATHS,6E,COMMON,"Nombres, calcul et résolution de problèmes",Les fractions,MATHS.6E.NCRP.graduer-un-segment-de-longueur-donnee,Graduer un segment de longueur donnée,PROVEN_OFFICIAL,SRC-C3-MATHS-NOUVEAU | BO n°16 du 17 avril 2025 — NOR MENE2504620A — arrêté du 10 avril 2025,0,0,NO_CONTENT
MATHS,6E,COMMON,"Nombres, calcul et résolution de problèmes",Les fractions,MATHS.6E.NCRP.inventer-des-problemes-mettant-en-jeu-des-fractions,Inventer des problèmes mettant en jeu des fractions,PROVEN_OFFICIAL,SRC-C3-MATHS-NOUVEAU | BO n°16 du 17 avril 2025 — NOR MENE2504620A — arrêté du 10 avril 2025,0,0,NO_CONTENT
MATHS,6E,COMMON,"Nombres, calcul et résolution de problèmes",Les fractions,MATHS.6E.NCRP.multiplier-une-fraction-par-un-nombre-entier,Multiplier une fraction par un nombre entier,PROVEN_OFFICIAL,SRC-C3-MATHS-NOUVEAU | BO n°16 du 17 avril 2025 — NOR MENE2504620A — arrêté du 10 avril 2025,0,0,NO_CONTENT
MATHS,6E,COMMON,"Nombres, calcul et résolution de problèmes",Les fractions,MATHS.6E.NCRP.ordonner-une-liste-de-nombres-ecrits-sous-forme-de-fractions-ou-de-nom,Ordonner une liste de nombres écrits sous forme de fractions ou de nombres mixtes,PROVEN_OFFICIAL,SRC-C3-MATHS-NOUVEAU | BO n°16 du 17 avril 2025 — NOR MENE2504620A — arrêté du 10 avril 2025,0,0,NO_CONTENT
MATHS,6E,COMMON,"Nombres, calcul et résolution de problèmes",Les fractions,MATHS.6E.NCRP.placer-une-fraction-sur-une-demi-droite-graduee-dans-des-cas-simples,Placer une fraction sur une demi-droite graduée dans des cas simples,PROVEN_OFFICIAL,SRC-C3-MATHS-NOUVEAU | BO n°16 du 17 avril 2025 — NOR MENE2504620A — arrêté du 10 avril 2025,0,0,NO_CONTENT
MATHS,6E,COMMON,"Nombres, calcul et résolution de problèmes",Les fractions,MATHS.6E.NCRP.relier-une-fraction-au-resultat-exact-de-la-division-de-son-numerateur,Relier une fraction au résultat exact de la division de son numérateur par son dénominateur,PROVEN_OFFICIAL,SRC-C3-MATHS-NOUVEAU | BO n°16 du 17 avril 2025 — NOR MENE2504620A — arrêté du 10 avril 2025,0,0,NO_CONTENT
MATHS,6E,COMMON,"Nombres, calcul et résolution de problèmes",Les fractions,MATHS.6E.NCRP.resoudre-des-problemes-mettant-en-jeu-des-fractions,Résoudre des problèmes mettant en jeu des fractions,PROVEN_OFFICIAL,SRC-C3-MATHS-NOUVEAU | BO n°16 du 17 avril 2025 — NOR MENE2504620A — arrêté du 10 avril 2025,0,0,NO_CONTENT
MATHS,6E,COMMON,"Nombres, calcul et résolution de problèmes",Les fractions,MATHS.6E.NCRP.savoir-que-la-fraction-a-b-peut-representer-un-nombre-entier-un-nombre,"Savoir que la fraction a b peut représenter un nombre entier, un nombre décimal non entier ou un nombre non décimal",PROVEN_OFFICIAL,SRC-C3-MATHS-NOUVEAU | BO n°16 du 17 avril 2025 — NOR MENE2504620A — arrêté du 10 avril 2025,0,0,NO_CONTENT
MATHS,6E,COMMON,"Nombres, calcul et résolution de problèmes",Les fractions,MATHS.6E.NCRP.utiliser-une-multiplication-pour-appliquer-une-fraction-a-un-nombre-en,Utiliser une multiplication pour appliquer une fraction à un nombre entier,PROVEN_OFFICIAL,SRC-C3-MATHS-NOUVEAU | BO n°16 du 17 avril 2025 — NOR MENE2504620A — arrêté du 10 avril 2025,0,0,NO_CONTENT
MATHS,6E,COMMON,"Nombres, calcul et résolution de problèmes",Les nombres entiers et décimaux,MATHS.6E.NCRP.additionner-et-soustraire-des-nombres-decimaux,Additionner et soustraire des nombres décimaux,PROVEN_OFFICIAL,SRC-C3-MATHS-NOUVEAU | BO n°16 du 17 avril 2025 — NOR MENE2504620A — arrêté du 10 avril 2025,0,0,NO_CONTENT
MATHS,6E,COMMON,"Nombres, calcul et résolution de problèmes",Les nombres entiers et décimaux,MATHS.6E.NCRP.associer-et-utiliser-differentes-ecritures-dun-nombre-decimal-ecriture,"Associer et utiliser différentes écritures d’un nombre décimal : écriture à virgule, fraction, nombre mixte, pourcentage",PROVEN_OFFICIAL,SRC-C3-MATHS-NOUVEAU | BO n°16 du 17 avril 2025 — NOR MENE2504620A — arrêté du 10 avril 2025,0,0,NO_CONTENT
MATHS,6E,COMMON,"Nombres, calcul et résolution de problèmes",Les nombres entiers et décimaux,MATHS.6E.NCRP.calculer-le-produit-de-deux-nombres-decimaux,Calculer le produit de deux nombres décimaux,PROVEN_OFFICIAL,SRC-C3-MATHS-NOUVEAU | BO n°16 du 17 avril 2025 — NOR MENE2504620A — arrêté du 10 avril 2025,0,0,NO_CONTENT
MATHS,6E,COMMON,"Nombres, calcul et résolution de problèmes",Les nombres entiers et décimaux,MATHS.6E.NCRP.comparer-deux-nombres-decimaux,Comparer deux nombres décimaux,PROVEN_OFFICIAL,SRC-C3-MATHS-NOUVEAU | BO n°16 du 17 avril 2025 — NOR MENE2504620A — arrêté du 10 avril 2025,0,0,NO_CONTENT
MATHS,6E,COMMON,"Nombres, calcul et résolution de problèmes",Les nombres entiers et décimaux,MATHS.6E.NCRP.comprendre-le-sens-de-la-multiplication-de-deux-nombres-decimaux,Comprendre le sens de la multiplication de deux nombres décimaux,PROVEN_OFFICIAL,SRC-C3-MATHS-NOUVEAU | BO n°16 du 17 avril 2025 — NOR MENE2504620A — arrêté du 10 avril 2025,0,0,NO_CONTENT
MATHS,6E,COMMON,"Nombres, calcul et résolution de problèmes",Les nombres entiers et décimaux,MATHS.6E.NCRP.connaitre-des-grands-nombres-entiers,Connaître des grands nombres entiers,PROVEN_OFFICIAL,SRC-C3-MATHS-NOUVEAU | BO n°16 du 17 avril 2025 — NOR MENE2504620A — arrêté du 10 avril 2025,0,0,NO_CONTENT
MATHS,6E,COMMON,"Nombres, calcul et résolution de problèmes",Les nombres entiers et décimaux,MATHS.6E.NCRP.connaitre-et-utiliser-la-valeur-des-chiffres-selon-leur-rang-dans-lecr,Connaître et utiliser la valeur des chiffres selon leur rang dans l’écriture d’un nombre,PROVEN_OFFICIAL,SRC-C3-MATHS-NOUVEAU | BO n°16 du 17 avril 2025 — NOR MENE2504620A — arrêté du 10 avril 2025,0,0,NO_CONTENT
MATHS,6E,COMMON,"Nombres, calcul et résolution de problèmes",Les nombres entiers et décimaux,MATHS.6E.NCRP.connaitre-la-definition-dun-pourcentage,Connaître la définition d’un pourcentage,PROVEN_OFFICIAL,SRC-C3-MATHS-NOUVEAU | BO n°16 du 17 avril 2025 — NOR MENE2504620A — arrêté du 10 avril 2025,0,0,NO_CONTENT
MATHS,6E,COMMON,"Nombres, calcul et résolution de problèmes",Les nombres entiers et décimaux,MATHS.6E.NCRP.connaitre-le-lien-avec-la-division-par-10-100-et-par-1-000,"Connaître le lien avec la division par 10, 100 et par 1 000",PROVEN_OFFICIAL,SRC-C3-MATHS-NOUVEAU | BO n°16 du 17 avril 2025 — NOR MENE2504620A — arrêté du 10 avril 2025,0,0,NO_CONTENT
MATHS,6E,COMMON,"Nombres, calcul et résolution de problèmes",Les nombres entiers et décimaux,MATHS.6E.NCRP.connaitre-les-liens-entre-les-unites-de-numeration-unite-dizaine-centa,"Connaître les liens entre les unités de numération unité, dizaine, centaine, millier, dixième, centième, millième",PROVEN_OFFICIAL,SRC-C3-MATHS-NOUVEAU | BO n°16 du 17 avril 2025 — NOR MENE2504620A — arrêté du 10 avril 2025,0,0,NO_CONTENT
MATHS,6E,COMMON,"Nombres, calcul et résolution de problèmes",Les nombres entiers et décimaux,MATHS.6E.NCRP.controler-les-resultats-a-laide-dordres-de-grandeur,Contrôler les résultats à l’aide d’ordres de grandeur,PROVEN_OFFICIAL,SRC-C3-MATHS-NOUVEAU | BO n°16 du 17 avril 2025 — NOR MENE2504620A — arrêté du 10 avril 2025,0,0,NO_CONTENT
MATHS,6E,COMMON,"Nombres, calcul et résolution de problèmes",Les nombres entiers et décimaux,MATHS.6E.NCRP.determiner-ou-connaitre-la-valeur-arrondie-de-certains-nombres-non-dec,Déterminer ou connaître la valeur arrondie de certains nombres non décimaux,PROVEN_OFFICIAL,SRC-C3-MATHS-NOUVEAU | BO n°16 du 17 avril 2025 — NOR MENE2504620A — arrêté du 10 avril 2025,0,0,NO_CONTENT
MATHS,6E,COMMON,"Nombres, calcul et résolution de problèmes",Les nombres entiers et décimaux,MATHS.6E.NCRP.diviser-un-nombre-decimal-par-un-nombre-entier-non-nul-inferieur-a-10,Diviser un nombre décimal par un nombre entier non nul inférieur à 10,PROVEN_OFFICIAL,SRC-C3-MATHS-NOUVEAU | BO n°16 du 17 avril 2025 — NOR MENE2504620A — arrêté du 10 avril 2025,0,0,NO_CONTENT
MATHS,6E,COMMON,"Nombres, calcul et résolution de problèmes",Les nombres entiers et décimaux,MATHS.6E.NCRP.donner-la-valeur-arrondie-a-lunite-au-dixieme-ou-au-centieme-dun-nombr,"Donner la valeur arrondie à l’unité, au dixième ou au centième, d’un nombre décimal",PROVEN_OFFICIAL,SRC-C3-MATHS-NOUVEAU | BO n°16 du 17 avril 2025 — NOR MENE2504620A — arrêté du 10 avril 2025,0,0,NO_CONTENT
MATHS,6E,COMMON,"Nombres, calcul et résolution de problèmes",Les nombres entiers et décimaux,MATHS.6E.NCRP.effectuer-la-division-euclidienne-dun-nombre-entier-par-un-nombre-enti,Effectuer la division euclidienne d’un nombre entier par un nombre entier inférieur à 100,PROVEN_OFFICIAL,SRC-C3-MATHS-NOUVEAU | BO n°16 du 17 avril 2025 — NOR MENE2504620A — arrêté du 10 avril 2025,0,0,NO_CONTENT
MATHS,6E,COMMON,"Nombres, calcul et résolution de problèmes",Les nombres entiers et décimaux,MATHS.6E.NCRP.encadrer-un-nombre-decimal-par-deux-nombres-decimaux-intercaler-un-nom,"Encadrer un nombre décimal par deux nombres décimaux, intercaler un nombre décimal entre deux nombres décimaux",PROVEN_OFFICIAL,SRC-C3-MATHS-NOUVEAU | BO n°16 du 17 avril 2025 — NOR MENE2504620A — arrêté du 10 avril 2025,0,0,NO_CONTENT
MATHS,6E,COMMON,"Nombres, calcul et résolution de problèmes",Les nombres entiers et décimaux,MATHS.6E.NCRP.multiplier-un-nombre-entier-ou-un-nombre-decimal-par-0-1-par-0-01-et-p,"Multiplier un nombre entier ou un nombre décimal par 0,1, par 0,01, et par 0,001",PROVEN_OFFICIAL,SRC-C3-MATHS-NOUVEAU | BO n°16 du 17 avril 2025 — NOR MENE2504620A — arrêté du 10 avril 2025,0,0,NO_CONTENT
MATHS,6E,COMMON,"Nombres, calcul et résolution de problèmes",Les nombres entiers et décimaux,MATHS.6E.NCRP.ordonner-une-liste-de-nombres-decimaux,Ordonner une liste de nombres décimaux,PROVEN_OFFICIAL,SRC-C3-MATHS-NOUVEAU | BO n°16 du 17 avril 2025 — NOR MENE2504620A — arrêté du 10 avril 2025,0,0,NO_CONTENT
MATHS,6E,COMMON,"Nombres, calcul et résolution de problèmes",Les nombres entiers et décimaux,MATHS.6E.NCRP.placer-sur-une-demi-droite-graduee-un-point-dont-labscisse-est-un-nomb,Placer sur une demi-droite graduée un point dont l’abscisse est un nombre décimal,PROVEN_OFFICIAL,SRC-C3-MATHS-NOUVEAU | BO n°16 du 17 avril 2025 — NOR MENE2504620A — arrêté du 10 avril 2025,0,0,NO_CONTENT
MATHS,6E,COMMON,"Nombres, calcul et résolution de problèmes",Les nombres entiers et décimaux,MATHS.6E.NCRP.reconnaitre-un-nombre-decimal,Reconnaître un nombre décimal,PROVEN_OFFICIAL,SRC-C3-MATHS-NOUVEAU | BO n°16 du 17 avril 2025 — NOR MENE2504620A — arrêté du 10 avril 2025,0,0,NO_CONTENT
MATHS,6E,COMMON,"Nombres, calcul et résolution de problèmes",Les nombres entiers et décimaux,MATHS.6E.NCRP.reperer-un-nombre-decimal-sur-une-demi-droite-graduee,Repérer un nombre décimal sur une demi-droite graduée,PROVEN_OFFICIAL,SRC-C3-MATHS-NOUVEAU | BO n°16 du 17 avril 2025 — NOR MENE2504620A — arrêté du 10 avril 2025,0,0,NO_CONTENT
MATHS,6E,COMMON,"Nombres, calcul et résolution de problèmes",Les nombres entiers et décimaux,MATHS.6E.NCRP.resoudre-des-problemes-mettant-en-jeu-des-divisions-decimales,Résoudre des problèmes mettant en jeu des divisions décimales,PROVEN_OFFICIAL,SRC-C3-MATHS-NOUVEAU | BO n°16 du 17 avril 2025 — NOR MENE2504620A — arrêté du 10 avril 2025,0,0,NO_CONTENT
MATHS,6E,COMMON,"Nombres, calcul et résolution de problèmes",Les nombres entiers et décimaux,MATHS.6E.NCRP.resoudre-des-problemes-mettant-en-jeu-des-divisions-euclidiennes,Résoudre des problèmes mettant en jeu des divisions euclidiennes,PROVEN_OFFICIAL,SRC-C3-MATHS-NOUVEAU | BO n°16 du 17 avril 2025 — NOR MENE2504620A — arrêté du 10 avril 2025,0,0,NO_CONTENT
MATHS,6E,COMMON,"Nombres, calcul et résolution de problèmes",Les nombres entiers et décimaux,MATHS.6E.NCRP.resoudre-des-problemes-mettant-en-jeu-des-multiplications-entre-des-no,Résoudre des problèmes mettant en jeu des multiplications entre des nombres décimaux,PROVEN_OFFICIAL,SRC-C3-MATHS-NOUVEAU | BO n°16 du 17 avril 2025 — NOR MENE2504620A — arrêté du 10 avril 2025,0,0,NO_CONTENT
MATHS,6E,COMMON,Organisation et gestion de données et probabilités,Les probabilités,MATHS.6E.OGDP.calculer-des-probabilites-dans-des-situations-simples-dequiprobabilite,Calculer des probabilités dans des situations simples d’équiprobabilité,PROVEN_OFFICIAL,SRC-C3-MATHS-NOUVEAU | BO n°16 du 17 avril 2025 — NOR MENE2504620A — arrêté du 10 avril 2025,0,0,NO_CONTENT
MATHS,6E,COMMON,Organisation et gestion de données et probabilités,Les probabilités,MATHS.6E.OGDP.comparer-des-resultats-dune-experience-aleatoire-repetee-a-une-probabi,Comparer des résultats d’une expérience aléatoire répétée à une probabilité calculée,PROVEN_OFFICIAL,SRC-C3-MATHS-NOUVEAU | BO n°16 du 17 avril 2025 — NOR MENE2504620A — arrêté du 10 avril 2025,0,0,NO_CONTENT
MATHS,6E,COMMON,Organisation et gestion de données et probabilités,Les probabilités,MATHS.6E.OGDP.savoir-que-la-probabilite-dun-evenement-est-un-nombre-compris-entre-0,Savoir que la probabilité d’un évènement est un nombre compris entre 0 et 1,PROVEN_OFFICIAL,SRC-C3-MATHS-NOUVEAU | BO n°16 du 17 avril 2025 — NOR MENE2504620A — arrêté du 10 avril 2025,0,0,NO_CONTENT
MATHS,6E,COMMON,Organisation et gestion de données et probabilités,Organisation et gestion de données,MATHS.6E.OGDP.construire-un-tableau-simple-pour-presenter-des-donnees-observations-c,"Construire un tableau simple pour présenter des données (observations, caractères)",PROVEN_OFFICIAL,SRC-C3-MATHS-NOUVEAU | BO n°16 du 17 avril 2025 — NOR MENE2504620A — arrêté du 10 avril 2025,0,0,NO_CONTENT
MATHS,6E,COMMON,Organisation et gestion de données et probabilités,Organisation et gestion de données,MATHS.6E.OGDP.faire-un-choix-en-filtrant-les-donnees-dun-tableau-selon-un-critere,Faire un choix en filtrant les données d’un tableau selon un critère,PROVEN_OFFICIAL,SRC-C3-MATHS-NOUVEAU | BO n°16 du 17 avril 2025 — NOR MENE2504620A — arrêté du 10 avril 2025,0,0,NO_CONTENT
MATHS,6E,COMMON,Organisation et gestion de données et probabilités,Organisation et gestion de données,MATHS.6E.OGDP.planifier-une-enquete-et-recueillir-des-donnees,Planifier une enquête et recueillir des données,PROVEN_OFFICIAL,SRC-C3-MATHS-NOUVEAU | BO n°16 du 17 avril 2025 — NOR MENE2504620A — arrêté du 10 avril 2025,0,0,NO_CONTENT
MATHS,6E,COMMON,Organisation et gestion de données et probabilités,Organisation et gestion de données,MATHS.6E.OGDP.realiser-des-mesures-et-les-consigner-dans-un-tableau,Réaliser des mesures et les consigner dans un tableau,PROVEN_OFFICIAL,SRC-C3-MATHS-NOUVEAU | BO n°16 du 17 avril 2025 — NOR MENE2504620A — arrêté du 10 avril 2025,0,0,NO_CONTENT
MATHS,6E,COMMON,La proportionnalité,La proportionnalité,MATHS.6E.PROP.connaitre-la-definition-de-la-proportionnalite-entre-deux-grandeurs-et,Connaître la définition de la proportionnalité entre deux grandeurs et la mettre en lien avec des expressions de la vie courante,PROVEN_OFFICIAL,SRC-C3-MATHS-NOUVEAU | BO n°16 du 17 avril 2025 — NOR MENE2504620A — arrêté du 10 avril 2025,0,0,NO_CONTENT
MATHS,6E,COMMON,La proportionnalité,La proportionnalité,MATHS.6E.PROP.identifier-si-une-situation-releve-du-modele-de-la-proportionnalite,Identifier si une situation relève du « modèle » de la proportionnalité,PROVEN_OFFICIAL,SRC-C3-MATHS-NOUVEAU | BO n°16 du 17 avril 2025 — NOR MENE2504620A — arrêté du 10 avril 2025,0,0,NO_CONTENT
MATHS,6E,COMMON,La proportionnalité,La proportionnalité,MATHS.6E.PROP.representer-une-situation-de-proportionnalite-a-laide-dun-tableau-ou-d,Représenter une situation de proportionnalité à l’aide d’un tableau ou de notations symboliques,PROVEN_OFFICIAL,SRC-C3-MATHS-NOUVEAU | BO n°16 du 17 avril 2025 — NOR MENE2504620A — arrêté du 10 avril 2025,0,0,NO_CONTENT
MATHS,6E,COMMON,La proportionnalité,La proportionnalité,MATHS.6E.PROP.resoudre-un-probleme-de-proportionnalite-en-choisissant-une-procedure,"Résoudre un problème de proportionnalité en choisissant une procédure adaptée : propriété de linéarité pour la multiplication ou l’addition, retour à l’unité",PROVEN_OFFICIAL,SRC-C3-MATHS-NOUVEAU | BO n°16 du 17 avril 2025 — NOR MENE2504620A — arrêté du 10 avril 2025,0,0,NO_CONTENT
MATHS,6E,COMMON,La proportionnalité,La proportionnalité,MATHS.6E.PROP.sinitier-a-la-resolution-de-problemes-dechelles,S’initier à la résolution de problèmes d’échelles,PROVEN_OFFICIAL,SRC-C3-MATHS-NOUVEAU | BO n°16 du 17 avril 2025 — NOR MENE2504620A — arrêté du 10 avril 2025,0,0,NO_CONTENT
MATHS,5E,COMMON,Espace et géométrie,Angles,MATHS.5E.EG.caracteriser-le-parallelisme-par-les-angles-angles-alternes-internes-a,"Caractériser le parallélisme par les angles : angles alternes internes, angles correspondants",PROVEN_OFFICIAL,SRC-C4-MATHS-2026 | BO n°10 de 2026 — annexe 2 — NOR MENE2602912A,0,0,NO_CONTENT
MATHS,5E,COMMON,Espace et géométrie,Parallélogrammes,MATHS.5E.EG.connaitre-les-proprietes-caracteristiques,Connaitre les propriétés caractéristiques,PROVEN_OFFICIAL,SRC-C4-MATHS-2026 | BO n°10 de 2026 — annexe 2 — NOR MENE2602912A,0,0,NO_CONTENT
MATHS,5E,COMMON,Espace et géométrie,Parallélogrammes,MATHS.5E.EG.connaitre-les-proprietes-caracteristiques-des-cotes-opposes-et-des-dia,Connaitre les propriétés caractéristiques des côtés opposés et des diagonales,PROVEN_OFFICIAL,SRC-C4-MATHS-2026 | BO n°10 de 2026 — annexe 2 — NOR MENE2602912A,0,0,NO_CONTENT
MATHS,5E,COMMON,Espace et géométrie,Parallélogrammes,MATHS.5E.EG.construire-des-parallelogrammes,Construire des parallélogrammes,PROVEN_OFFICIAL,SRC-C4-MATHS-2026 | BO n°10 de 2026 — annexe 2 — NOR MENE2602912A,0,0,NO_CONTENT
MATHS,5E,COMMON,Espace et géométrie,Parallélogrammes,MATHS.5E.EG.definir-le-parallelogramme,Définir le parallélogramme,PROVEN_OFFICIAL,SRC-C4-MATHS-2026 | BO n°10 de 2026 — annexe 2 — NOR MENE2602912A,0,0,NO_CONTENT
MATHS,5E,COMMON,Espace et géométrie,Parallélogrammes,MATHS.5E.EG.definir-les-parallelogrammes-particuliers-rectangle-losange-carre,"Définir les parallélogrammes particuliers (rectangle, losange, carré)",PROVEN_OFFICIAL,SRC-C4-MATHS-2026 | BO n°10 de 2026 — annexe 2 — NOR MENE2602912A,0,0,NO_CONTENT
MATHS,5E,COMMON,Espace et géométrie,Parallélogrammes,MATHS.5E.EG.resoudre-des-problemes-faisant-appel-a-des-conversions-dunites-de-long,Résoudre des problèmes faisant appel à des conversions d’unités de longueur et d’unités d’aires,PROVEN_OFFICIAL,SRC-C4-MATHS-2026 | BO n°10 de 2026 — annexe 2 — NOR MENE2602912A,0,0,NO_CONTENT
MATHS,5E,COMMON,Espace et géométrie,Parallélogrammes,MATHS.5E.EG.savoir-calculer-laire-dun-parallelogramme-et-de-figures-complexes,Savoir calculer l’aire d’un parallélogramme et de figures complexes,PROVEN_OFFICIAL,SRC-C4-MATHS-2026 | BO n°10 de 2026 — annexe 2 — NOR MENE2602912A,0,0,NO_CONTENT
MATHS,5E,COMMON,Espace et géométrie,Parallélogrammes,MATHS.5E.EG.utiliser-une-propriete-caracteristique-sur-les-diagonales-ou-les-cotes,Utiliser une propriété caractéristique sur les diagonales ou les côtés pour les construire ou donner la nature du quadrilatère,PROVEN_OFFICIAL,SRC-C4-MATHS-2026 | BO n°10 de 2026 — annexe 2 — NOR MENE2602912A,0,0,NO_CONTENT
MATHS,5E,COMMON,Espace et géométrie,Représentation de l’espace,MATHS.5E.EG.calculer-laire-du-disque-le-volume-du-cylindre-de-revolution,"Calculer l’aire du disque, le volume du cylindre de révolution",PROVEN_OFFICIAL,SRC-C4-MATHS-2026 | BO n°10 de 2026 — annexe 2 — NOR MENE2602912A,0,0,NO_CONTENT
MATHS,5E,COMMON,Espace et géométrie,Représentation de l’espace,MATHS.5E.EG.calculer-le-volume-du-cube-du-pave-droit-du-prisme-droit,"Calculer le volume du cube, du pavé droit, du prisme droit",PROVEN_OFFICIAL,SRC-C4-MATHS-2026 | BO n°10 de 2026 — annexe 2 — NOR MENE2602912A,0,0,NO_CONTENT
MATHS,5E,COMMON,Espace et géométrie,Représentation de l’espace,MATHS.5E.EG.connaitre-et-convertir-des-unites-usuelles-volume-et-capacite,Connaitre et convertir des unités usuelles (volume et capacité),PROVEN_OFFICIAL,SRC-C4-MATHS-2026 | BO n°10 de 2026 — annexe 2 — NOR MENE2602912A,0,0,NO_CONTENT
MATHS,5E,COMMON,Espace et géométrie,Représentation de l’espace,MATHS.5E.EG.construire-et-mettre-en-relation-differentes-representations-en-perspe,"Construire et mettre en relation différentes représentations en perspectives cavalières des solides suivants : pavé droit, cube, cylindre de révolution, prisme…",PROVEN_OFFICIAL,SRC-C4-MATHS-2026 | BO n°10 de 2026 — annexe 2 — NOR MENE2602912A,0,0,NO_CONTENT
MATHS,5E,COMMON,Espace et géométrie,Représentation de l’espace,MATHS.5E.EG.savoir-mettre-en-relation-une-representation-en-perspective-cavaliere,"Savoir mettre en relation une représentation en perspective cavalière et un patron d’un pavé, d’un prisme droit ou d’un cylindre de révolution",PROVEN_OFFICIAL,SRC-C4-MATHS-2026 | BO n°10 de 2026 — annexe 2 — NOR MENE2602912A,0,0,NO_CONTENT
MATHS,5E,COMMON,Espace et géométrie,Repérage sur une droite et dans le plan,MATHS.5E.EG.dans-le-plan-muni-dun-repere-orthogonal-lire-les-coordonnees-dun-point,Dans le plan muni d’un repère orthogonal : - lire les coordonnées d’un point donné ; - placer un point de coordonnées données,PROVEN_OFFICIAL,SRC-C4-MATHS-2026 | BO n°10 de 2026 — annexe 2 — NOR MENE2602912A,0,0,NO_CONTENT
MATHS,5E,COMMON,Espace et géométrie,Repérage sur une droite et dans le plan,MATHS.5E.EG.sur-une-droite-graduee-lire-labscisse-dun-point-donne-placer-un-point,Sur une droite graduée : - lire l’abscisse d’un point donné ; - placer un point d’abscisse donnée,PROVEN_OFFICIAL,SRC-C4-MATHS-2026 | BO n°10 de 2026 — annexe 2 — NOR MENE2602912A,0,0,NO_CONTENT
MATHS,5E,COMMON,Espace et géométrie,Transformations,MATHS.5E.EG.connaitre-les-proprietes-du-demi-tour,Connaitre les propriétés du demi-tour,PROVEN_OFFICIAL,SRC-C4-MATHS-2026 | BO n°10 de 2026 — annexe 2 — NOR MENE2602912A,0,0,NO_CONTENT
MATHS,5E,COMMON,Espace et géométrie,Transformations,MATHS.5E.EG.definir-le-demi-tour-ou-symetrie-centrale,"Définir le demi-tour, ou symétrie centrale",PROVEN_OFFICIAL,SRC-C4-MATHS-2026 | BO n°10 de 2026 — annexe 2 — NOR MENE2602912A,0,0,NO_CONTENT
MATHS,5E,COMMON,Espace et géométrie,Triangles,MATHS.5E.EG.calculer-laire-dun-triangle,Calculer l’aire d’un triangle,PROVEN_OFFICIAL,SRC-C4-MATHS-2026 | BO n°10 de 2026 — annexe 2 — NOR MENE2602912A,0,0,NO_CONTENT
MATHS,5E,COMMON,Espace et géométrie,Triangles,MATHS.5E.EG.connaitre-la-somme-des-angles-dun-triangle-et-savoir-la-demontrer,Connaitre la somme des angles d’un triangle et savoir la démontrer,PROVEN_OFFICIAL,SRC-C4-MATHS-2026 | BO n°10 de 2026 — annexe 2 — NOR MENE2602912A,0,0,NO_CONTENT
MATHS,5E,COMMON,Espace et géométrie,Triangles,MATHS.5E.EG.connaitre-les-proprietes-des-mediatrices-et-du-cercle-circonscrit-dans,Connaitre les propriétés des médiatrices et du cercle circonscrit dans le cas de triangles particuliers,PROVEN_OFFICIAL,SRC-C4-MATHS-2026 | BO n°10 de 2026 — annexe 2 — NOR MENE2602912A,0,0,NO_CONTENT
MATHS,5E,COMMON,Espace et géométrie,Triangles,MATHS.5E.EG.construire-des-triangles-a-partir-de-donnees-partielles,Construire des triangles à partir de données partielles,PROVEN_OFFICIAL,SRC-C4-MATHS-2026 | BO n°10 de 2026 — annexe 2 — NOR MENE2602912A,0,0,NO_CONTENT
MATHS,5E,COMMON,Espace et géométrie,Triangles,MATHS.5E.EG.definir-et-tracer-les-hauteurs-dans-un-triangle,Définir et tracer les hauteurs dans un triangle,PROVEN_OFFICIAL,SRC-C4-MATHS-2026 | BO n°10 de 2026 — annexe 2 — NOR MENE2602912A,0,0,NO_CONTENT
MATHS,5E,COMMON,Espace et géométrie,Triangles,MATHS.5E.EG.definir-et-tracer-les-medianes-dans-un-triangle,Définir et tracer les médianes dans un triangle,PROVEN_OFFICIAL,SRC-C4-MATHS-2026 | BO n°10 de 2026 — annexe 2 — NOR MENE2602912A,0,0,NO_CONTENT
MATHS,5E,COMMON,Espace et géométrie,Triangles,MATHS.5E.EG.demontrer-quune-mediane-partage-un-triangle-en-deux-triangles-daires-e,Démontrer qu’une médiane partage un triangle en deux triangles d’aires égales,PROVEN_OFFICIAL,SRC-C4-MATHS-2026 | BO n°10 de 2026 — annexe 2 — NOR MENE2602912A,0,0,NO_CONTENT
MATHS,5E,COMMON,Espace et géométrie,Triangles,MATHS.5E.EG.savoir-que-les-hauteurs-dun-triangle-sont-concourantes,Savoir que les hauteurs d’un triangle sont concourantes,PROVEN_OFFICIAL,SRC-C4-MATHS-2026 | BO n°10 de 2026 — annexe 2 — NOR MENE2602912A,0,0,NO_CONTENT
MATHS,5E,COMMON,Espace et géométrie,Triangles,MATHS.5E.EG.utiliser-ces-proprietes-dans-le-cas-de-triangles-particuliers,Utiliser ces propriétés dans le cas de triangles particuliers,PROVEN_OFFICIAL,SRC-C4-MATHS-2026 | BO n°10 de 2026 — annexe 2 — NOR MENE2602912A,0,0,NO_CONTENT
MATHS,5E,COMMON,La pensée informatique,La pensée informatique,MATHS.5E.INFO.analyser-un-programme-simple-donne-et-modifier-ses-parametres,Analyser un programme simple donné et modifier ses paramètres,PROVEN_OFFICIAL,SRC-C4-MATHS-2026 | BO n°10 de 2026 — annexe 2 — NOR MENE2602912A,0,0,NO_CONTENT
MATHS,5E,COMMON,La pensée informatique,La pensée informatique,MATHS.5E.INFO.calculer-la-valeur-de-formules-a-laide-dune-suite-dinstruction-dans-un,Calculer la valeur de formules à l’aide d’une suite d’instruction dans un langage de programmation par blocs,PROVEN_OFFICIAL,SRC-C4-MATHS-2026 | BO n°10 de 2026 — annexe 2 — NOR MENE2602912A,0,0,NO_CONTENT
MATHS,5E,COMMON,La pensée informatique,La pensée informatique,MATHS.5E.INFO.effectuer-une-boucle-inconditionnelle-simple-permettant-de-repeter-une,Effectuer une boucle inconditionnelle simple permettant de répéter une séquence linéaire d’instructions un nombre précis de fois,PROVEN_OFFICIAL,SRC-C4-MATHS-2026 | BO n°10 de 2026 — annexe 2 — NOR MENE2602912A,0,0,NO_CONTENT
MATHS,5E,COMMON,La pensée informatique,La pensée informatique,MATHS.5E.INFO.identifier-les-entrees-et-sorties-dun-programme,Identifier les entrées et sorties d’un programme,PROVEN_OFFICIAL,SRC-C4-MATHS-2026 | BO n°10 de 2026 — annexe 2 — NOR MENE2602912A,0,0,NO_CONTENT
MATHS,5E,COMMON,La pensée informatique,La pensée informatique,MATHS.5E.INFO.manipuler-des-instructions-simples-et-les-sequencer,Manipuler des instructions simples et les séquencer,PROVEN_OFFICIAL,SRC-C4-MATHS-2026 | BO n°10 de 2026 — annexe 2 — NOR MENE2602912A,0,0,NO_CONTENT
MATHS,5E,COMMON,La pensée informatique,La pensée informatique,MATHS.5E.INFO.prevoir-la-valeur-dune-expression-informatique-avant-son-execution,Prévoir la valeur d’une expression informatique avant son exécution,PROVEN_OFFICIAL,SRC-C4-MATHS-2026 | BO n°10 de 2026 — annexe 2 — NOR MENE2602912A,0,0,NO_CONTENT
MATHS,5E,COMMON,La pensée informatique,La pensée informatique,MATHS.5E.INFO.representer-des-formules-sous-la-forme-dune-expression-informatique-da,Représenter des formules sous la forme d’une expression informatique dans un langage de programmation par blocs,PROVEN_OFFICIAL,SRC-C4-MATHS-2026 | BO n°10 de 2026 — annexe 2 — NOR MENE2602912A,0,0,NO_CONTENT
MATHS,5E,COMMON,Nombres et calculs,Calcul littéral et algébrique,MATHS.5E.NC.calculer-la-valeur-dune-expression-litterale-par-substitution,Calculer la valeur d’une expression littérale par substitution,PROVEN_OFFICIAL,SRC-C4-MATHS-2026 | BO n°10 de 2026 — annexe 2 — NOR MENE2602912A,0,0,NO_CONTENT
MATHS,5E,COMMON,Nombres et calculs,Calcul littéral et algébrique,MATHS.5E.NC.demontrer-une-propriete-generale-par-le-calcul-litteral,Démontrer une propriété générale par le calcul littéral,PROVEN_OFFICIAL,SRC-C4-MATHS-2026 | BO n°10 de 2026 — annexe 2 — NOR MENE2602912A,0,0,NO_CONTENT
MATHS,5E,COMMON,Nombres et calculs,Calcul littéral et algébrique,MATHS.5E.NC.determiner-si-une-expression-litterale-est-une-somme-ou-un-produit,Déterminer si une expression littérale est une somme ou un produit,PROVEN_OFFICIAL,SRC-C4-MATHS-2026 | BO n°10 de 2026 — annexe 2 — NOR MENE2602912A,0,0,NO_CONTENT
MATHS,5E,COMMON,Nombres et calculs,Calcul littéral et algébrique,MATHS.5E.NC.donner-a-la-lettre-le-statut-dinconnue,Donner à la lettre le statut d’inconnue,PROVEN_OFFICIAL,SRC-C4-MATHS-2026 | BO n°10 de 2026 — annexe 2 — NOR MENE2602912A,0,0,NO_CONTENT
MATHS,5E,COMMON,Nombres et calculs,Calcul littéral et algébrique,MATHS.5E.NC.exploiter-les-relations-k-a-b-ka-kb-ou-k-a-b-ka-kb-pour-factoriser-ou,"Exploiter les relations k(a + b) = ka + kb ou k(a – b) = ka – kb pour factoriser, ou développer une expression littérale",PROVEN_OFFICIAL,SRC-C4-MATHS-2026 | BO n°10 de 2026 — annexe 2 — NOR MENE2602912A,0,0,NO_CONTENT
MATHS,5E,COMMON,Nombres et calculs,Calcul littéral et algébrique,MATHS.5E.NC.formuler-des-conjectures-en-sappuyant-sur-un-langage-algorithmique-ou,Formuler des conjectures en s’appuyant sur un langage algorithmique ou un tableur,PROVEN_OFFICIAL,SRC-C4-MATHS-2026 | BO n°10 de 2026 — annexe 2 — NOR MENE2602912A,0,0,NO_CONTENT
MATHS,5E,COMMON,Nombres et calculs,Calcul littéral et algébrique,MATHS.5E.NC.modeliser-des-problemes-relevant-des-operations-a-trous-par-des-equati,Modéliser des problèmes relevant des opérations à trous par des équations du type a𝑥 = c ou 𝑥 + b = c,PROVEN_OFFICIAL,SRC-C4-MATHS-2026 | BO n°10 de 2026 — annexe 2 — NOR MENE2602912A,0,0,NO_CONTENT
MATHS,5E,COMMON,Nombres et calculs,Calcul littéral et algébrique,MATHS.5E.NC.produire-des-formules-double-triple-carre-successeur-predecesseur-aire,"Produire des formules (double, triple, carré, successeur, prédécesseur, aire, périmètre, etc.)",PROVEN_OFFICIAL,SRC-C4-MATHS-2026 | BO n°10 de 2026 — annexe 2 — NOR MENE2602912A,0,0,NO_CONTENT
MATHS,5E,COMMON,Nombres et calculs,Calcul littéral et algébrique,MATHS.5E.NC.reduire-une-expression-litterale-de-la-forme-ax-b-ou-a-et-b-sont-des-n,"Réduire une expression littérale de la forme a𝑥 + b, où a et b sont des nombres décimaux",PROVEN_OFFICIAL,SRC-C4-MATHS-2026 | BO n°10 de 2026 — annexe 2 — NOR MENE2602912A,0,0,NO_CONTENT
MATHS,5E,COMMON,Nombres et calculs,Calcul littéral et algébrique,MATHS.5E.NC.resoudre-des-equations-du-type-ax-c-ou-x-b-c-par-des-methodes-arithmet,Résoudre des équations du type a𝑥 = c ou 𝑥 + b = c par des méthodes arithmétiques s'appuyant sur les opérations inverses,PROVEN_OFFICIAL,SRC-C4-MATHS-2026 | BO n°10 de 2026 — annexe 2 — NOR MENE2602912A,0,0,NO_CONTENT
MATHS,5E,COMMON,Nombres et calculs,Calcul littéral et algébrique,MATHS.5E.NC.tester-si-une-egalite-entre-expressions-algebriques-comportant-une-var,Tester si une égalité entre expressions algébriques comportant une variable est vraie ou fausse,PROVEN_OFFICIAL,SRC-C4-MATHS-2026 | BO n°10 de 2026 — annexe 2 — NOR MENE2602912A,0,0,NO_CONTENT
MATHS,5E,COMMON,Nombres et calculs,Calcul littéral et algébrique,MATHS.5E.NC.utiliser-un-contre-exemple-pour-demontrer-quune-assertion-est-fausse,Utiliser un contre-exemple pour démontrer qu’une assertion est fausse,PROVEN_OFFICIAL,SRC-C4-MATHS-2026 | BO n°10 de 2026 — annexe 2 — NOR MENE2602912A,0,0,NO_CONTENT
MATHS,5E,COMMON,Nombres et calculs,Nombres rationnels,MATHS.5E.NC.additionner-et-soustraire-des-fractions-de-denominateurs-quelconques,Additionner et soustraire des fractions de dénominateurs quelconques,PROVEN_OFFICIAL,SRC-C4-MATHS-2026 | BO n°10 de 2026 — annexe 2 — NOR MENE2602912A,0,0,NO_CONTENT
MATHS,5E,COMMON,Nombres et calculs,Nombres rationnels,MATHS.5E.NC.comparer-des-fractions,Comparer des fractions,PROVEN_OFFICIAL,SRC-C4-MATHS-2026 | BO n°10 de 2026 — annexe 2 — NOR MENE2602912A,0,0,NO_CONTENT
MATHS,5E,COMMON,Nombres et calculs,Nombres rationnels,MATHS.5E.NC.resoudre-des-problemes-avec-des-additions-et-soustractions-de-fraction,Résoudre des problèmes avec des additions et soustractions de fractions,PROVEN_OFFICIAL,SRC-C4-MATHS-2026 | BO n°10 de 2026 — annexe 2 — NOR MENE2602912A,0,0,NO_CONTENT
MATHS,5E,COMMON,Nombres et calculs,Nombres relatifs,MATHS.5E.NC.additionner-deux-nombres-decimaux-relatifs,Additionner deux nombres décimaux relatifs,PROVEN_OFFICIAL,SRC-C4-MATHS-2026 | BO n°10 de 2026 — annexe 2 — NOR MENE2602912A,0,0,NO_CONTENT
MATHS,5E,COMMON,Nombres et calculs,Nombres relatifs,MATHS.5E.NC.additionner-plusieurs-nombres-decimaux-relatifs,Additionner plusieurs nombres décimaux relatifs,PROVEN_OFFICIAL,SRC-C4-MATHS-2026 | BO n°10 de 2026 — annexe 2 — NOR MENE2602912A,0,0,NO_CONTENT
MATHS,5E,COMMON,Nombres et calculs,Nombres relatifs,MATHS.5E.NC.comparer-et-ranger-dans-lordre-croissant-et-decroissant-des-nombres-de,Comparer et ranger dans l’ordre croissant et décroissant des nombres décimaux relatifs,PROVEN_OFFICIAL,SRC-C4-MATHS-2026 | BO n°10 de 2026 — annexe 2 — NOR MENE2602912A,0,0,NO_CONTENT
MATHS,5E,COMMON,Nombres et calculs,Nombres relatifs,MATHS.5E.NC.connaitre-et-justifier-les-situations-dans-lesquelles-des-parentheses,Connaitre et justifier les situations dans lesquelles des parenthèses sont indispensables au sens des écritures,PROVEN_OFFICIAL,SRC-C4-MATHS-2026 | BO n°10 de 2026 — annexe 2 — NOR MENE2602912A,0,0,NO_CONTENT
MATHS,5E,COMMON,Nombres et calculs,Nombres relatifs,MATHS.5E.NC.definir-la-notion-de-nombre-positif-strictement-positif-negatif-strict,"Définir la notion de nombre positif, strictement positif, négatif, strictement négatif",PROVEN_OFFICIAL,SRC-C4-MATHS-2026 | BO n°10 de 2026 — annexe 2 — NOR MENE2602912A,0,0,NO_CONTENT
MATHS,5E,COMMON,Nombres et calculs,Nombres relatifs,MATHS.5E.NC.definir-les-nombres-relatifs,Définir les nombres relatifs,PROVEN_OFFICIAL,SRC-C4-MATHS-2026 | BO n°10 de 2026 — annexe 2 — NOR MENE2602912A,0,0,NO_CONTENT
MATHS,5E,COMMON,Nombres et calculs,Nombres relatifs,MATHS.5E.NC.definir-loppose-et-la-valeur-absolue-dun-nombre,Définir l’opposé et la valeur absolue d’un nombre,PROVEN_OFFICIAL,SRC-C4-MATHS-2026 | BO n°10 de 2026 — annexe 2 — NOR MENE2602912A,0,0,NO_CONTENT
MATHS,5E,COMMON,Nombres et calculs,Nombres relatifs,MATHS.5E.NC.enchainer-additions-et-soustractions-de-decimaux-relatifs,Enchainer additions et soustractions de décimaux relatifs,PROVEN_OFFICIAL,SRC-C4-MATHS-2026 | BO n°10 de 2026 — annexe 2 — NOR MENE2602912A,0,0,NO_CONTENT
MATHS,5E,COMMON,Nombres et calculs,Nombres relatifs,MATHS.5E.NC.lire-labscisse-dun-nombre-relatif-sur-une-droite-graduee-et-placer-un,Lire l’abscisse d’un nombre relatif sur une droite graduée et placer un nombre relatif d’abscisse donnée,PROVEN_OFFICIAL,SRC-C4-MATHS-2026 | BO n°10 de 2026 — annexe 2 — NOR MENE2602912A,0,0,NO_CONTENT
MATHS,5E,COMMON,Nombres et calculs,Nombres relatifs,MATHS.5E.NC.resoudre-des-problemes-mobilisant-addition-et-soustraction-de-nombres,Résoudre des problèmes mobilisant addition et soustraction de nombres décimaux relatifs,PROVEN_OFFICIAL,SRC-C4-MATHS-2026 | BO n°10 de 2026 — annexe 2 — NOR MENE2602912A,0,0,NO_CONTENT
MATHS,5E,COMMON,Nombres et calculs,Nombres relatifs,MATHS.5E.NC.simplifier-lecriture-de-sommes-comportant-des-parentheses,Simplifier l’écriture de sommes comportant des parenthèses,PROVEN_OFFICIAL,SRC-C4-MATHS-2026 | BO n°10 de 2026 — annexe 2 — NOR MENE2602912A,0,0,NO_CONTENT
MATHS,5E,COMMON,Nombres et calculs,Nombres relatifs,MATHS.5E.NC.soustraire-deux-nombres-decimaux-relatifs,Soustraire deux nombres décimaux relatifs,PROVEN_OFFICIAL,SRC-C4-MATHS-2026 | BO n°10 de 2026 — annexe 2 — NOR MENE2602912A,0,0,NO_CONTENT
MATHS,5E,COMMON,Nombres et calculs,Nombres relatifs,MATHS.5E.NC.utiliser-les-nombres-relatifs-pour-representer-des-grandeurs-observabl,"Utiliser les nombres relatifs pour représenter des grandeurs observables qui peuvent prendre des valeurs inférieures à zéro (température, temps, altitude…",PROVEN_OFFICIAL,SRC-C4-MATHS-2026 | BO n°10 de 2026 — annexe 2 — NOR MENE2602912A,0,0,NO_CONTENT
MATHS,5E,COMMON,Nombres et calculs,Opérations,MATHS.5E.NC.additionner-soustraire-multiplier-et-diviser-pour-resoudre-des-problem,"Additionner, soustraire, multiplier et diviser pour résoudre des problèmes et contrôler la vraisemblance de son résultat",PROVEN_OFFICIAL,SRC-C4-MATHS-2026 | BO n°10 de 2026 — annexe 2 — NOR MENE2602912A,0,0,NO_CONTENT
MATHS,5E,COMMON,Nombres et calculs,Opérations,MATHS.5E.NC.connaitre-et-utiliser-la-distributivite-simple-sur-des-exemples-numeri,Connaitre et utiliser la distributivité simple sur des exemples numériques,PROVEN_OFFICIAL,SRC-C4-MATHS-2026 | BO n°10 de 2026 — annexe 2 — NOR MENE2602912A,0,0,NO_CONTENT
MATHS,5E,COMMON,Nombres et calculs,Opérations,MATHS.5E.NC.connaitre-et-utiliser-les-priorites-operatoires,Connaitre et utiliser les priorités opératoires,PROVEN_OFFICIAL,SRC-C4-MATHS-2026 | BO n°10 de 2026 — annexe 2 — NOR MENE2602912A,0,0,NO_CONTENT
MATHS,5E,COMMON,Nombres et calculs,Opérations,MATHS.5E.NC.connaitre-le-sens-et-les-situations-demploi-de-ces-operations,Connaitre le sens et les situations d’emploi de ces opérations,PROVEN_OFFICIAL,SRC-C4-MATHS-2026 | BO n°10 de 2026 — annexe 2 — NOR MENE2602912A,0,0,NO_CONTENT
MATHS,5E,COMMON,Nombres et calculs,Opérations,MATHS.5E.NC.connaitre-les-criteres-de-divisibilite-par-3-et-par-9,Connaitre les critères de divisibilité par 3 et par 9,PROVEN_OFFICIAL,SRC-C4-MATHS-2026 | BO n°10 de 2026 — annexe 2 — NOR MENE2602912A,0,0,NO_CONTENT
MATHS,5E,COMMON,Nombres et calculs,Opérations,MATHS.5E.NC.diviser-par-un-nombre-decimal,Diviser par un nombre décimal,PROVEN_OFFICIAL,SRC-C4-MATHS-2026 | BO n°10 de 2026 — annexe 2 — NOR MENE2602912A,0,0,NO_CONTENT
MATHS,5E,COMMON,Nombres et calculs,Opérations,MATHS.5E.NC.enchainer-des-operations,Enchainer des opérations,PROVEN_OFFICIAL,SRC-C4-MATHS-2026 | BO n°10 de 2026 — annexe 2 — NOR MENE2602912A,0,0,NO_CONTENT
MATHS,5E,COMMON,Nombres et calculs,Opérations,MATHS.5E.NC.mobiliser-un-algorithme-dans-le-cadre-du-calcul-numerique,Mobiliser un algorithme dans le cadre du calcul numérique,PROVEN_OFFICIAL,SRC-C4-MATHS-2026 | BO n°10 de 2026 — annexe 2 — NOR MENE2602912A,0,0,NO_CONTENT
MATHS,5E,COMMON,Nombres et calculs,Opérations,MATHS.5E.NC.nommer-un-calcul-distinguer-sommes-et-produits-termes-et-facteurs,"Nommer un calcul, distinguer sommes et produits, termes et facteurs",PROVEN_OFFICIAL,SRC-C4-MATHS-2026 | BO n°10 de 2026 — annexe 2 — NOR MENE2602912A,0,0,NO_CONTENT
MATHS,5E,COMMON,Nombres et calculs,Opérations,MATHS.5E.NC.traduire-un-probleme-une-succession-donnee-doperations-un-programme-de,"Traduire un problème, une succession donnée d’opérations, un programme de calcul, en une seule expression, en faisant appel ou non à des parenthèses",PROVEN_OFFICIAL,SRC-C4-MATHS-2026 | BO n°10 de 2026 — annexe 2 — NOR MENE2602912A,0,0,NO_CONTENT
MATHS,5E,COMMON,Nombres et calculs,Opérations,MATHS.5E.NC.utiliser-les-notions-de-multiples-et-diviseurs,Utiliser les notions de multiples et diviseurs,PROVEN_OFFICIAL,SRC-C4-MATHS-2026 | BO n°10 de 2026 — annexe 2 — NOR MENE2602912A,0,0,NO_CONTENT
MATHS,5E,COMMON,Nombres et calculs,Puissances,MATHS.5E.NC.calculer-la-valeur-dune-expression-litterale-contenant-une-puissance-s,Calculer la valeur d’une expression littérale contenant une puissance simple,PROVEN_OFFICIAL,SRC-C4-MATHS-2026 | BO n°10 de 2026 — annexe 2 — NOR MENE2602912A,0,0,NO_CONTENT
MATHS,5E,COMMON,Nombres et calculs,Puissances,MATHS.5E.NC.calculer-la-valeur-numerique-dexpressions-contenant-des-puissances-sim,"Calculer la valeur numérique d’expressions contenant des puissances simples, additions, soustractions et produits",PROVEN_OFFICIAL,SRC-C4-MATHS-2026 | BO n°10 de 2026 — annexe 2 — NOR MENE2602912A,0,0,NO_CONTENT
MATHS,5E,COMMON,Nombres et calculs,Puissances,MATHS.5E.NC.connaitre-le-cube-de-10,Connaitre le cube de 10,PROVEN_OFFICIAL,SRC-C4-MATHS-2026 | BO n°10 de 2026 — annexe 2 — NOR MENE2602912A,0,0,NO_CONTENT
MATHS,5E,COMMON,Nombres et calculs,Puissances,MATHS.5E.NC.connaitre-les-carres-des-entiers-de-0-a-12,Connaitre les carrés des entiers de 0 à 12,PROVEN_OFFICIAL,SRC-C4-MATHS-2026 | BO n°10 de 2026 — annexe 2 — NOR MENE2602912A,0,0,NO_CONTENT
MATHS,5E,COMMON,Nombres et calculs,Puissances,MATHS.5E.NC.decouvrir-la-notion-de-puissance-dun-nombre-et-sa-notation-dans-le-cas,Découvrir la notion de puissance d’un nombre et sa notation dans le cas du carré et du cube,PROVEN_OFFICIAL,SRC-C4-MATHS-2026 | BO n°10 de 2026 — annexe 2 — NOR MENE2602912A,0,0,NO_CONTENT
MATHS,5E,COMMON,Nombres et calculs,Puissances,MATHS.5E.NC.savoir-ecrire-un-nombre-sous-la-forme-dune-puissance-2-ou-3,Savoir écrire un nombre sous la forme d’une puissance 2 ou 3,PROVEN_OFFICIAL,SRC-C4-MATHS-2026 | BO n°10 de 2026 — annexe 2 — NOR MENE2602912A,0,0,NO_CONTENT
MATHS,5E,COMMON,Organisation et gestion de données et probabilités,Probabilités,MATHS.5E.OGDP.aborder-les-questions-relatives-au-hasard-a-partir-de-problemes-simple,Aborder les questions relatives au hasard à partir de problèmes simples,PROVEN_OFFICIAL,SRC-C4-MATHS-2026 | BO n°10 de 2026 — annexe 2 — NOR MENE2602912A,0,0,NO_CONTENT
MATHS,5E,COMMON,Organisation et gestion de données et probabilités,Probabilités,MATHS.5E.OGDP.attribuer-des-probabilites-dans-des-cas-simples-equiprobabilite,Attribuer des probabilités dans des cas simples (équiprobabilité),PROVEN_OFFICIAL,SRC-C4-MATHS-2026 | BO n°10 de 2026 — annexe 2 — NOR MENE2602912A,0,0,NO_CONTENT
MATHS,5E,COMMON,Organisation et gestion de données et probabilités,Probabilités,MATHS.5E.OGDP.enregistrer-les-resultats-observes-dans-un-tableau-deffectifs-et-de-fr,Enregistrer les résultats observés dans un tableau d’effectifs et de fréquences,PROVEN_OFFICIAL,SRC-C4-MATHS-2026 | BO n°10 de 2026 — annexe 2 — NOR MENE2602912A,0,0,NO_CONTENT
MATHS,5E,COMMON,Organisation et gestion de données et probabilités,Probabilités,MATHS.5E.OGDP.repeter-materiellement-une-experience-aleatoire-simple,Répéter matériellement une expérience aléatoire simple,PROVEN_OFFICIAL,SRC-C4-MATHS-2026 | BO n°10 de 2026 — annexe 2 — NOR MENE2602912A,0,0,NO_CONTENT
MATHS,5E,COMMON,Organisation et gestion de données et probabilités,Probabilités,MATHS.5E.OGDP.utiliser-le-vocabulaire-des-probabilites-dans-des-contextes-concrets-e,"Utiliser le vocabulaire des probabilités dans des contextes concrets : expérience aléatoire, issue, évènement",PROVEN_OFFICIAL,SRC-C4-MATHS-2026 | BO n°10 de 2026 — annexe 2 — NOR MENE2602912A,0,0,NO_CONTENT
MATHS,5E,COMMON,Organisation et gestion de données et probabilités,Statistiques,MATHS.5E.OGDP.calculer-des-effectifs-et-des-frequences-exprimees-sous-forme-decimale,"Calculer des effectifs et des fréquences (exprimées sous forme décimale, fractionnaire ou de pourcentage)",PROVEN_OFFICIAL,SRC-C4-MATHS-2026 | BO n°10 de 2026 — annexe 2 — NOR MENE2602912A,0,0,NO_CONTENT
MATHS,5E,COMMON,Organisation et gestion de données et probabilités,Statistiques,MATHS.5E.OGDP.calculer-et-interpreter-la-moyenne-simple-dune-serie-de-donnees,Calculer et interpréter la moyenne simple d’une série de données,PROVEN_OFFICIAL,SRC-C4-MATHS-2026 | BO n°10 de 2026 — annexe 2 — NOR MENE2602912A,0,0,NO_CONTENT
MATHS,5E,COMMON,Organisation et gestion de données et probabilités,Statistiques,MATHS.5E.OGDP.choisir-une-representation-adaptee-a-ce-quil-convient-de-mettre-en-ava,Choisir une représentation adaptée à ce qu’il convient de mettre en avant,PROVEN_OFFICIAL,SRC-C4-MATHS-2026 | BO n°10 de 2026 — annexe 2 — NOR MENE2602912A,0,0,NO_CONTENT
MATHS,5E,COMMON,Organisation et gestion de données et probabilités,Statistiques,MATHS.5E.OGDP.lire-et-interpreter-des-informations-presentees-sous-forme-de-tableaux,"Lire et interpréter des informations présentées sous forme de tableaux, de diagrammes et de graphiques",PROVEN_OFFICIAL,SRC-C4-MATHS-2026 | BO n°10 de 2026 — annexe 2 — NOR MENE2602912A,0,0,NO_CONTENT
MATHS,5E,COMMON,Organisation et gestion de données et probabilités,Statistiques,MATHS.5E.OGDP.recueillir-et-organiser-des-donnees,Recueillir et organiser des données,PROVEN_OFFICIAL,SRC-C4-MATHS-2026 | BO n°10 de 2026 — annexe 2 — NOR MENE2602912A,0,0,NO_CONTENT
MATHS,5E,COMMON,Organisation et gestion de données et probabilités,Statistiques,MATHS.5E.OGDP.representer-sur-papier-ou-a-laide-dun-tableur-grapheur-des-donnees-sou,"Représenter, sur papier ou à l’aide d’un tableur-grapheur, des données sous la forme d’un tableau, d’un diagramme (diagramme en barres, diagramme circulaire)…",PROVEN_OFFICIAL,SRC-C4-MATHS-2026 | BO n°10 de 2026 — annexe 2 — NOR MENE2602912A,0,0,NO_CONTENT
MATHS,5E,COMMON,"Proportionnalité, fonctions",Fonctions,MATHS.5E.PROPF.caracteriser-graphiquement-la-proportionnalite,Caractériser graphiquement la proportionnalité,PROVEN_OFFICIAL,SRC-C4-MATHS-2026 | BO n°10 de 2026 — annexe 2 — NOR MENE2602912A,0,0,NO_CONTENT
MATHS,5E,COMMON,"Proportionnalité, fonctions",Fonctions,MATHS.5E.PROPF.introduire-lexpression-en-fonction-de-dans-des-contextes-concrets-ou-m,Introduire l’expression : « en fonction de » dans des contextes concrets ou mathématiques,PROVEN_OFFICIAL,SRC-C4-MATHS-2026 | BO n°10 de 2026 — annexe 2 — NOR MENE2602912A,0,0,NO_CONTENT
MATHS,5E,COMMON,"Proportionnalité, fonctions",Fonctions,MATHS.5E.PROPF.lire-et-interpreter-un-graphique-cartesien-donne-par-une-courbe-ou-un,Lire et interpréter un graphique cartésien donné par une courbe ou un nuage de points,PROVEN_OFFICIAL,SRC-C4-MATHS-2026 | BO n°10 de 2026 — annexe 2 — NOR MENE2602912A,0,0,NO_CONTENT
MATHS,5E,COMMON,"Proportionnalité, fonctions",Fonctions,MATHS.5E.PROPF.lire-et-interpreter-un-tableau-de-valeurs,Lire et interpréter un tableau de valeurs,PROVEN_OFFICIAL,SRC-C4-MATHS-2026 | BO n°10 de 2026 — annexe 2 — NOR MENE2602912A,0,0,NO_CONTENT
MATHS,5E,COMMON,"Proportionnalité, fonctions",Fonctions,MATHS.5E.PROPF.placer-dans-un-repere-orthogonal-donne-des-points-correspondant-a-un-t,Placer dans un repère orthogonal donné des points correspondant à un tableau de valeurs,PROVEN_OFFICIAL,SRC-C4-MATHS-2026 | BO n°10 de 2026 — annexe 2 — NOR MENE2602912A,0,0,NO_CONTENT
MATHS,5E,COMMON,"Proportionnalité, fonctions",Fonctions,MATHS.5E.PROPF.produire-un-tableau-de-valeurs,Produire un tableau de valeurs,PROVEN_OFFICIAL,SRC-C4-MATHS-2026 | BO n°10 de 2026 — annexe 2 — NOR MENE2602912A,0,0,NO_CONTENT
MATHS,5E,COMMON,"Proportionnalité, fonctions",Fonctions,MATHS.5E.PROPF.produire-une-formule-simple-representant-la-dependance-de-deux-grandeu,Produire une formule simple représentant la dépendance de deux grandeurs,PROVEN_OFFICIAL,SRC-C4-MATHS-2026 | BO n°10 de 2026 — annexe 2 — NOR MENE2602912A,0,0,NO_CONTENT
MATHS,5E,COMMON,"Proportionnalité, fonctions",Fonctions,MATHS.5E.PROPF.traduire-la-relation-de-dependance-entre-deux-grandeurs-par-un-tableau,Traduire la relation de dépendance entre deux grandeurs par un tableau de valeurs à partir d’une formule,PROVEN_OFFICIAL,SRC-C4-MATHS-2026 | BO n°10 de 2026 — annexe 2 — NOR MENE2602912A,0,0,NO_CONTENT
MATHS,5E,COMMON,"Proportionnalité, fonctions",Proportionnalité,MATHS.5E.PROPF.calculer-appliquer-des-proportions-des-pourcentages,"Calculer, appliquer des proportions, des pourcentages",PROVEN_OFFICIAL,SRC-C4-MATHS-2026 | BO n°10 de 2026 — annexe 2 — NOR MENE2602912A,0,0,NO_CONTENT
MATHS,5E,COMMON,"Proportionnalité, fonctions",Proportionnalité,MATHS.5E.PROPF.identifier-des-situations-de-proportionnalite-dans-des-contextes-concr,"Identifier des situations de proportionnalité dans des contextes concrets (prix, recettes, distances, échelles)",PROVEN_OFFICIAL,SRC-C4-MATHS-2026 | BO n°10 de 2026 — annexe 2 — NOR MENE2602912A,0,0,NO_CONTENT
MATHS,5E,COMMON,"Proportionnalité, fonctions",Proportionnalité,MATHS.5E.PROPF.reconnaitre-graphiquement-quun-nuage-de-points-est-ou-nest-pas-associe,Reconnaitre graphiquement qu’un nuage de points est ou n’est pas associé à une situation de proportionnalité entre données discrètes,PROVEN_OFFICIAL,SRC-C4-MATHS-2026 | BO n°10 de 2026 — annexe 2 — NOR MENE2602912A,0,0,NO_CONTENT
MATHS,5E,COMMON,"Proportionnalité, fonctions",Proportionnalité,MATHS.5E.PROPF.reconnaitre-une-situation-de-proportionnalite-a-partir-dun-tableau-ou,Reconnaitre une situation de proportionnalité à partir d’un tableau ou d’un graphique,PROVEN_OFFICIAL,SRC-C4-MATHS-2026 | BO n°10 de 2026 — annexe 2 — NOR MENE2602912A,0,0,NO_CONTENT
MATHS,5E,COMMON,"Proportionnalité, fonctions",Proportionnalité,MATHS.5E.PROPF.representer-une-situation-de-proportionnalite-par-un-tableau-ou-un-gra,Représenter une situation de proportionnalité par un tableau ou un graphique,PROVEN_OFFICIAL,SRC-C4-MATHS-2026 | BO n°10 de 2026 — annexe 2 — NOR MENE2602912A,0,0,NO_CONTENT
MATHS,5E,COMMON,"Proportionnalité, fonctions",Proportionnalité,MATHS.5E.PROPF.utiliser-des-proportions-des-pourcentages,"Utiliser des proportions, des pourcentages",PROVEN_OFFICIAL,SRC-C4-MATHS-2026 | BO n°10 de 2026 — annexe 2 — NOR MENE2602912A,0,0,NO_CONTENT
MATHS,5E,COMMON,"Proportionnalité, fonctions",Proportionnalité,MATHS.5E.PROPF.utiliser-un-coefficient-de-proportionnalite-dans-des-contextes-concret,"Utiliser un coefficient de proportionnalité dans des contextes concrets (prix unitaire, vitesse moyenne, échelle, etc.)",PROVEN_OFFICIAL,SRC-C4-MATHS-2026 | BO n°10 de 2026 — annexe 2 — NOR MENE2602912A,0,0,NO_CONTENT
MATHS,4E,COMMON,Espace et géométrie,Géométrie plane — Figures et configurations,MATHS.4E.EG.la-definition-du-cosinus-dun-angle-dun-triangle-rectangle-decoule-grac,"La définition du cosinus d’un angle d’un triangle rectangle découle, grâce au théorème de Thalès, de l’indépendance du rapport des longueurs le définissant",PROVEN_OFFICIAL,SRC-C4-REPERES-MATHS-2019 | Éduscol — repères annuels de progression (2019),0,0,NO_CONTENT
MATHS,4E,COMMON,Espace et géométrie,Géométrie plane — Figures et configurations,MATHS.4E.EG.le-theoreme-de-thales-et-sa-reciproque-dans-la-configuration-des-trian,"Le théorème de Thalès et sa réciproque dans la configuration des triangles emboîtés sont énoncés et utilisés, ainsi que le théorème de Pythagore (plusieurs…",PROVEN_OFFICIAL,SRC-C4-REPERES-MATHS-2019 | Éduscol — repères annuels de progression (2019),0,0,NO_CONTENT
MATHS,4E,COMMON,Espace et géométrie,Géométrie plane — Figures et configurations,MATHS.4E.EG.les-cas-degalite-des-triangles-sont-presentes-et-utilises-pour-resoudr,Les cas d’égalité des triangles sont présentés et utilisés pour résoudre des problèmes. Le lien est fait avec la construction d’un triangle de mesures données…,PROVEN_OFFICIAL,SRC-C4-REPERES-MATHS-2019 | Éduscol — repères annuels de progression (2019),0,0,NO_CONTENT
MATHS,4E,COMMON,Espace et géométrie,Représenter l’espace,MATHS.4E.EG.le-reperage-se-fait-dans-un-pave-droit-abscisse-ordonnee-altitude,"Le repérage se fait dans un pavé droit (abscisse, ordonnée, altitude)",PROVEN_OFFICIAL,SRC-C4-REPERES-MATHS-2019 | Éduscol — repères annuels de progression (2019),0,0,NO_CONTENT
MATHS,4E,COMMON,Espace et géométrie,Représenter l’espace,MATHS.4E.EG.les-eleves-produisent-et-mettent-en-relation-une-representation-en-per,Les élèves produisent et mettent en relation une représentation en perspective cavalière et un patron d’une pyramide ou d’un cône,PROVEN_OFFICIAL,SRC-C4-REPERES-MATHS-2019 | Éduscol — repères annuels de progression (2019),0,0,NO_CONTENT
MATHS,4E,COMMON,Espace et géométrie,Transformations,MATHS.4E.EG.les-eleves-sont-amenes-a-transformer-a-la-main-ou-a-laide-dun-logiciel,Les élèves sont amenés à transformer (à la main ou à l’aide d’un logiciel) une figure par translation. Ils identifient des translations dans des frises ou des…,PROVEN_OFFICIAL,SRC-C4-REPERES-MATHS-2019 | Éduscol — repères annuels de progression (2019),0,0,NO_CONTENT
MATHS,4E,COMMON,Grandeurs et mesures,Calculs sur des grandeurs mesurables,MATHS.4E.GM.des-grandeurs-produits-par-exemple-trafic-energie-et-des-grandeurs-quo,"Des grandeurs produits (par exemple trafic, énergie) et des grandeurs quotients (par exemple vitesse, débit, concentration, masse volumique) sont introduites à…",PROVEN_OFFICIAL,SRC-C4-REPERES-MATHS-2019 | Éduscol — repères annuels de progression (2019),0,0,NO_CONTENT
MATHS,4E,COMMON,Grandeurs et mesures,Calculs sur des grandeurs mesurables,MATHS.4E.GM.le-lexique-des-formules-setend-au-volume-des-pyramides-et-du-cone-le-l,Le lexique des formules s’étend au volume des pyramides et du cône. Le lien est fait entre le volume d’une pyramide (respectivement d’un cône) et celui du…,PROVEN_OFFICIAL,SRC-C4-REPERES-MATHS-2019 | Éduscol — repères annuels de progression (2019),0,0,NO_CONTENT
MATHS,4E,COMMON,Grandeurs et mesures,Calculs sur des grandeurs mesurables,MATHS.4E.GM.les-conversions-dunites-sont-travaillees,Les conversions d’unités sont travaillées,PROVEN_OFFICIAL,SRC-C4-REPERES-MATHS-2019 | Éduscol — repères annuels de progression (2019),0,0,NO_CONTENT
MATHS,4E,COMMON,Grandeurs et mesures,Calculs sur des grandeurs mesurables,MATHS.4E.GM.les-eleves-sont-sensibilises-au-controle-de-la-coherence-des-resultats,Les élèves sont sensibilisés au contrôle de la cohérence des résultats du point de vue des unités des grandeurs composées,PROVEN_OFFICIAL,SRC-C4-REPERES-MATHS-2019 | Éduscol — repères annuels de progression (2019),0,0,NO_CONTENT
MATHS,4E,COMMON,Grandeurs et mesures,Effet des transformations sur des grandeurs géométriques,MATHS.4E.GM.les-eleves-connaissent-et-utilisent-leffet-dun-agrandissement-ou-dune,"Les élèves connaissent et utilisent l’effet d’un agrandissement ou d’une réduction sur les longueurs, les aires et les volumes. Ils le travaillent en lien avec…",PROVEN_OFFICIAL,SRC-C4-REPERES-MATHS-2019 | Éduscol — repères annuels de progression (2019),0,0,NO_CONTENT
MATHS,4E,COMMON,Nombres et calculs,Calcul littéral — Distributivité,MATHS.4E.NC.la-propriete-de-distributivite-simple-est-formalisee-et-est-utilisee-p,"La propriété de distributivité simple est formalisée et est utilisée pour développer un produit, factoriser une somme, réduire une expression littérale",PROVEN_OFFICIAL,SRC-C4-REPERES-MATHS-2019 | Éduscol — repères annuels de progression (2019),0,0,NO_CONTENT
MATHS,4E,COMMON,Nombres et calculs,Calcul littéral — Distributivité,MATHS.4E.NC.la-structure-dune-expression-litterale-somme-ou-produit-est-etudiee,La structure d’une expression littérale (somme ou produit) est étudiée,PROVEN_OFFICIAL,SRC-C4-REPERES-MATHS-2019 | Éduscol — repères annuels de progression (2019),0,0,NO_CONTENT
MATHS,4E,COMMON,Nombres et calculs,Calcul littéral — Expressions littérales,MATHS.4E.NC.la-notion-de-solution-dune-equation-est-formalisee,La notion de solution d’une équation est formalisée,PROVEN_OFFICIAL,SRC-C4-REPERES-MATHS-2019 | Éduscol — repères annuels de progression (2019),0,0,NO_CONTENT
MATHS,4E,COMMON,Nombres et calculs,Calcul littéral — Expressions littérales,MATHS.4E.NC.le-travail-sur-les-formules-est-poursuivi-parallelement-a-la-presentat,"Le travail sur les formules est poursuivi, parallèlement à la présentation de la notion d’identité (égalité vraie pour toute valeur des indéterminées)",PROVEN_OFFICIAL,SRC-C4-REPERES-MATHS-2019 | Éduscol — repères annuels de progression (2019),0,0,NO_CONTENT
MATHS,4E,COMMON,Nombres et calculs,Calcul littéral — Équations,MATHS.4E.NC.les-equations-sont-travaillees-tout-au-long-de-lannee-par-un-choix-pro,Les équations sont travaillées tout au long de l’année par un choix progressif des coefficients de l’équation,PROVEN_OFFICIAL,SRC-C4-REPERES-MATHS-2019 | Éduscol — repères annuels de progression (2019),0,0,NO_CONTENT
MATHS,4E,COMMON,Nombres et calculs,Calcul littéral — Équations,MATHS.4E.NC.les-notions-dinconnue-et-de-solution-dune-equation-sont-abordees-elles,Les notions d’inconnue et de solution d’une équation sont abordées. Elles permettent d’aborder la mise en équation d’un problème et la résolution algébrique…,PROVEN_OFFICIAL,SRC-C4-REPERES-MATHS-2019 | Éduscol — repères annuels de progression (2019),0,0,NO_CONTENT
MATHS,4E,COMMON,Nombres et calculs,"Divisibilité, nombres premiers",MATHS.4E.NC.les-eleves-determinent-la-liste-des-nombres-premiers-inferieurs-ou-ega,"Les élèves déterminent la liste des nombres premiers inférieurs ou égaux à 100 et l’utilisent pour décomposer des nombres en facteurs premiers, reconnaître et…",PROVEN_OFFICIAL,SRC-C4-REPERES-MATHS-2019 | Éduscol — repères annuels de progression (2019),0,0,NO_CONTENT
MATHS,4E,COMMON,Nombres et calculs,"Fractions, nombres rationnels",MATHS.4E.NC.la-notion-dinverse-est-introduite-les-operations-entre-fractions-sont,"La notion d’inverse est introduite, les opérations entre fractions sont étendues à la multiplication et la division",PROVEN_OFFICIAL,SRC-C4-REPERES-MATHS-2019 | Éduscol — repères annuels de progression (2019),0,0,NO_CONTENT
MATHS,4E,COMMON,Nombres et calculs,"Fractions, nombres rationnels",MATHS.4E.NC.le-quotient-de-deux-nombres-decimaux-peut-ne-pas-etre-un-nombre-decima,Le quotient de deux nombres décimaux peut ne pas être un nombre décimal,PROVEN_OFFICIAL,SRC-C4-REPERES-MATHS-2019 | Éduscol — repères annuels de progression (2019),0,0,NO_CONTENT
MATHS,4E,COMMON,Nombres et calculs,"Fractions, nombres rationnels",MATHS.4E.NC.le-recours-au-calcul-litteral-vient-completer-pour-tout-ou-partie-des,Le recours au calcul littéral vient compléter pour tout ou partie des élèves l’utilisation d’exemples à valeurs génériques,PROVEN_OFFICIAL,SRC-C4-REPERES-MATHS-2019 | Éduscol — repères annuels de progression (2019),0,0,NO_CONTENT
MATHS,4E,COMMON,Nombres et calculs,"Fractions, nombres rationnels",MATHS.4E.NC.les-eleves-sont-conduits-a-comparer-des-nombres-rationnels-a-en-utilis,"Les élèves sont conduits à comparer des nombres rationnels, à en utiliser différentes représentations et à passer de l’une à l’autre",PROVEN_OFFICIAL,SRC-C4-REPERES-MATHS-2019 | Éduscol — repères annuels de progression (2019),0,0,NO_CONTENT
MATHS,4E,COMMON,Nombres et calculs,"Fractions, nombres rationnels",MATHS.4E.NC.un-nombre-rationnel-est-defini-comme-quotient-dun-entier-relatif-par-u,"Un nombre rationnel est défini comme quotient d’un entier relatif par un entier relatif non nul, ce qui renvoie à la notion de fraction",PROVEN_OFFICIAL,SRC-C4-REPERES-MATHS-2019 | Éduscol — repères annuels de progression (2019),0,0,NO_CONTENT
MATHS,4E,COMMON,Nombres et calculs,"Fractions, nombres rationnels",MATHS.4E.NC.une-ou-plusieurs-demonstrations-de-calculs-fractionnaires-sont-present,Une ou plusieurs démonstrations de calculs fractionnaires sont présentées,PROVEN_OFFICIAL,SRC-C4-REPERES-MATHS-2019 | Éduscol — repères annuels de progression (2019),0,0,NO_CONTENT
MATHS,4E,COMMON,Nombres et calculs,Nombres décimaux relatifs,MATHS.4E.NC.le-produit-et-le-quotient-de-decimaux-relatifs-sont-abordes,Le produit et le quotient de décimaux relatifs sont abordés,PROVEN_OFFICIAL,SRC-C4-REPERES-MATHS-2019 | Éduscol — repères annuels de progression (2019),0,0,NO_CONTENT
MATHS,4E,COMMON,Nombres et calculs,Puissances,MATHS.4E.NC.les-puissances-de-10-sont-dabord-introduites-avec-des-exposants-positi,"Les puissances de 10 sont d’abord introduites avec des exposants positifs, puis négatifs, afin de définir les préfixes de nano à giga et la notation…",PROVEN_OFFICIAL,SRC-C4-REPERES-MATHS-2019 | Éduscol — repères annuels de progression (2019),0,0,NO_CONTENT
MATHS,4E,COMMON,Nombres et calculs,Puissances,MATHS.4E.NC.les-puissances-de-base-quelconque-dexposants-positifs-sont-introduites,Les puissances de base quelconque d’exposants positifs sont introduites pour simplifier l’écriture de produits,PROVEN_OFFICIAL,SRC-C4-REPERES-MATHS-2019 | Éduscol — repères annuels de progression (2019),0,0,NO_CONTENT
MATHS,4E,COMMON,Nombres et calculs,Racine carrée,MATHS.4E.NC.la-racine-carree-est-introduite-en-lien-avec-des-situations-geometriqu,"La racine carrée est introduite, en lien avec des situations géométriques (théorème de Pythagore, agrandissement des aires) et à l’appui de la connaissance des…",PROVEN_OFFICIAL,SRC-C4-REPERES-MATHS-2019 | Éduscol — repères annuels de progression (2019),0,0,NO_CONTENT
MATHS,4E,COMMON,"Organisation et gestion de données, fonctions",Fonctions,MATHS.4E.OGDF.la-dependance-de-deux-grandeurs-est-traduite-par-un-tableau-de-valeurs,"La dépendance de deux grandeurs est traduite par un tableau de valeurs, une formule, un graphique",PROVEN_OFFICIAL,SRC-C4-REPERES-MATHS-2019 | Éduscol — repères annuels de progression (2019),0,0,NO_CONTENT
MATHS,4E,COMMON,"Organisation et gestion de données, fonctions",Fonctions,MATHS.4E.OGDF.les-representations-graphiques-permettent-de-determiner-des-images-et,"Les représentations graphiques permettent de déterminer des images et des antécédents, qui sont interprétés en fonction du contexte",PROVEN_OFFICIAL,SRC-C4-REPERES-MATHS-2019 | Éduscol — repères annuels de progression (2019),0,0,NO_CONTENT
MATHS,4E,COMMON,"Organisation et gestion de données, fonctions",Probabilités,MATHS.4E.OGDF.les-calculs-de-probabilites-concernent-des-situations-simples-mais-ne,"Les calculs de probabilités concernent des situations simples, mais ne relevant pas nécessairement du modèle équiprobable. Le lien est fait entre les…",PROVEN_OFFICIAL,SRC-C4-REPERES-MATHS-2019 | Éduscol — repères annuels de progression (2019),0,0,NO_CONTENT
MATHS,4E,COMMON,"Organisation et gestion de données, fonctions",Proportionnalité,MATHS.4E.OGDF.le-calcul-dune-quatrieme-proportionnelle-est-systematise-et-les-points,"Le calcul d’une quatrième proportionnelle est systématisé et les points de vue se diversifient avec l’utilisation de représentations graphiques, du calcul…",PROVEN_OFFICIAL,SRC-C4-REPERES-MATHS-2019 | Éduscol — repères annuels de progression (2019),0,0,NO_CONTENT
MATHS,4E,COMMON,"Organisation et gestion de données, fonctions",Statistiques,MATHS.4E.OGDF.le-travail-sur-les-representations-graphiques-le-calcul-en-particulier,"Le travail sur les représentations graphiques, le calcul, en particulier celui des effectifs et des fréquences, et l’interprétation des indicateurs de position…",PROVEN_OFFICIAL,SRC-C4-REPERES-MATHS-2019 | Éduscol — repères annuels de progression (2019),0,0,NO_CONTENT
MATHS,4E,COMMON,"Organisation et gestion de données, fonctions",Statistiques,MATHS.4E.OGDF.un-nouvel-indicateur-de-position-est-introduit-la-mediane,Un nouvel indicateur de position est introduit : la médiane,PROVEN_OFFICIAL,SRC-C4-REPERES-MATHS-2019 | Éduscol — repères annuels de progression (2019),0,0,NO_CONTENT
MATHS,3E,COMMON,Espace et géométrie,Géométrie plane — Figures et configurations,MATHS.3E.EG.deux-triangles-semblables-peuvent-etre-definis-par-la-proportionnalite,Deux triangles semblables peuvent être définis par la proportionnalité des mesures de leurs côtés,PROVEN_OFFICIAL,SRC-C4-REPERES-MATHS-2019 | Éduscol — repères annuels de progression (2019),0,0,NO_CONTENT
MATHS,3E,COMMON,Espace et géométrie,Géométrie plane — Figures et configurations,MATHS.3E.EG.le-theoreme-de-thales-et-sa-reciproque-dans-la-configuration-du-papill,"Le théorème de Thalès et sa réciproque dans la configuration du papillon sont énoncés et utilisés (démonstration possible, utilisant une symétrie centrale pour…",PROVEN_OFFICIAL,SRC-C4-REPERES-MATHS-2019 | Éduscol — repères annuels de progression (2019),0,0,NO_CONTENT
MATHS,3E,COMMON,Espace et géométrie,Géométrie plane — Figures et configurations,MATHS.3E.EG.les-lignes-trigonometriques-cosinus-sinus-tangente-dans-le-triangle-re,"Les lignes trigonométriques (cosinus, sinus, tangente) dans le triangle rectangle sont utilisées pour calculer des longueurs ou des angles",PROVEN_OFFICIAL,SRC-C4-REPERES-MATHS-2019 | Éduscol — repères annuels de progression (2019),0,0,NO_CONTENT
MATHS,3E,COMMON,Espace et géométrie,Géométrie plane — Figures et configurations,MATHS.3E.EG.une-caracterisation-angulaire-de-cette-definition-peut-etre-donnee-et,Une caractérisation angulaire de cette définition peut être donnée et démontrée à partir d’un cas d’égalité des triangles et d’une caractérisation angulaire du…,PROVEN_OFFICIAL,SRC-C4-REPERES-MATHS-2019 | Éduscol — repères annuels de progression (2019),0,0,NO_CONTENT
MATHS,3E,COMMON,Espace et géométrie,Géométrie plane — Figures et configurations,MATHS.3E.EG.une-definition-et-une-caracterisation-des-triangles-semblables-sont-do,Une définition et une caractérisation des triangles semblables sont données,PROVEN_OFFICIAL,SRC-C4-REPERES-MATHS-2019 | Éduscol — repères annuels de progression (2019),0,0,NO_CONTENT
MATHS,3E,COMMON,Espace et géométrie,Représenter l’espace,MATHS.3E.EG.le-reperage-setend-a-la-sphere-latitude-longitude,"Le repérage s’étend à la sphère (latitude, longitude)",PROVEN_OFFICIAL,SRC-C4-REPERES-MATHS-2019 | Éduscol — repères annuels de progression (2019),0,0,NO_CONTENT
MATHS,3E,COMMON,Espace et géométrie,Représenter l’espace,MATHS.3E.EG.les-eleves-produisent-et-mettent-en-relation-differentes-representatio,"Les élèves produisent et mettent en relation différentes représentations des solides étudiés (patrons, représentation en perspective cavalière, vues de face…",PROVEN_OFFICIAL,SRC-C4-REPERES-MATHS-2019 | Éduscol — repères annuels de progression (2019),0,0,NO_CONTENT
MATHS,3E,COMMON,Espace et géométrie,Représenter l’espace,MATHS.3E.EG.un-logiciel-de-geometrie-est-utilise-pour-visualiser-des-solides-et-le,Un logiciel de géométrie est utilisé pour visualiser des solides et leurs sections planes,PROVEN_OFFICIAL,SRC-C4-REPERES-MATHS-2019 | Éduscol — repères annuels de progression (2019),0,0,NO_CONTENT
MATHS,3E,COMMON,Espace et géométrie,Transformations,MATHS.3E.EG.les-eleves-identifient-des-transformations-dans-des-frises-des-pavages,"Les élèves identifient des transformations dans des frises, des pavages, des rosaces",PROVEN_OFFICIAL,SRC-C4-REPERES-MATHS-2019 | Éduscol — repères annuels de progression (2019),0,0,NO_CONTENT
MATHS,3E,COMMON,Espace et géométrie,Transformations,MATHS.3E.EG.les-eleves-transforment-a-la-main-ou-a-laide-dun-logiciel-une-figure-p,Les élèves transforment (à la main ou à l’aide d’un logiciel) une figure par rotation et par homothétie (de rapport positif ou négatif). Le lien est fait entre…,PROVEN_OFFICIAL,SRC-C4-REPERES-MATHS-2019 | Éduscol — repères annuels de progression (2019),0,0,NO_CONTENT
MATHS,3E,COMMON,Espace et géométrie,Transformations,MATHS.3E.EG.pour-faire-le-lien-entre-les-transformations-et-les-configurations-du,"Pour faire le lien entre les transformations et les configurations du programme, il est possible d’identifier (à la main ou à l’aide d’un logiciel de…",PROVEN_OFFICIAL,SRC-C4-REPERES-MATHS-2019 | Éduscol — repères annuels de progression (2019),0,0,NO_CONTENT
MATHS,3E,COMMON,Grandeurs et mesures,Calculs sur des grandeurs mesurables,MATHS.3E.GM.la-formule-donnant-le-volume-dune-boule-est-utilisee,La formule donnant le volume d’une boule est utilisée,PROVEN_OFFICIAL,SRC-C4-REPERES-MATHS-2019 | Éduscol — repères annuels de progression (2019),0,0,NO_CONTENT
MATHS,3E,COMMON,Grandeurs et mesures,Calculs sur des grandeurs mesurables,MATHS.3E.GM.le-travail-sur-les-grandeurs-mesurables-et-les-unites-est-poursuivi,Le travail sur les grandeurs mesurables et les unités est poursuivi,PROVEN_OFFICIAL,SRC-C4-REPERES-MATHS-2019 | Éduscol — repères annuels de progression (2019),0,0,NO_CONTENT
MATHS,3E,COMMON,Grandeurs et mesures,Effet des transformations sur des grandeurs géométriques,MATHS.3E.GM.les-eleves-connaissent-et-utilisent-leffet-des-transformations-au-prog,"Les élèves connaissent et utilisent l’effet des transformations au programme (symétries, translations, rotations, homothéties) sur les longueurs, les angles…",PROVEN_OFFICIAL,SRC-C4-REPERES-MATHS-2019 | Éduscol — repères annuels de progression (2019),0,0,NO_CONTENT
MATHS,3E,COMMON,Nombres et calculs,Calcul littéral — Distributivité,MATHS.3E.NC.la-double-distributivite-est-abordee-le-lien-est-fait-avec-la-simple-d,La double distributivité est abordée. Le lien est fait avec la simple distributivité,PROVEN_OFFICIAL,SRC-C4-REPERES-MATHS-2019 | Éduscol — repères annuels de progression (2019),0,0,NO_CONTENT
MATHS,3E,COMMON,Nombres et calculs,Calcul littéral — Expressions littérales,MATHS.3E.NC.le-travail-sur-les-expressions-litterales-est-consolide-avec-des-trans,"Le travail sur les expressions littérales est consolidé avec des transformations d’expressions, des programmes de calcul, des mises en équations, des fonctions…",PROVEN_OFFICIAL,SRC-C4-REPERES-MATHS-2019 | Éduscol — repères annuels de progression (2019),0,0,NO_CONTENT
MATHS,3E,COMMON,Nombres et calculs,Calcul littéral — Équations,MATHS.3E.NC.la-factorisation-dune-expression-du-type-a2-b2-permet-de-resoudre-des,La factorisation d’une expression du type a2 - b2 permet de résoudre des équations produits se ramenant au premier degré (notamment des équations du type x2 =…,PROVEN_OFFICIAL,SRC-C4-REPERES-MATHS-2019 | Éduscol — repères annuels de progression (2019),0,0,NO_CONTENT
MATHS,3E,COMMON,Nombres et calculs,"Divisibilité, nombres premiers",MATHS.3E.NC.la-notion-de-fraction-irreductible-est-introduite,La notion de fraction irréductible est introduite,PROVEN_OFFICIAL,SRC-C4-REPERES-MATHS-2019 | Éduscol — repères annuels de progression (2019),0,0,NO_CONTENT
MATHS,3E,COMMON,Nombres et calculs,"Divisibilité, nombres premiers",MATHS.3E.NC.lutilisation-dun-tableur-dun-logiciel-de-programmation-ou-dune-calcula,"L’utilisation d’un tableur, d’un logiciel de programmation ou d’une calculatrice permet d’étendre la procédure de décomposition en facteurs premiers",PROVEN_OFFICIAL,SRC-C4-REPERES-MATHS-2019 | Éduscol — repères annuels de progression (2019),0,0,NO_CONTENT
MATHS,3E,COMMON,Nombres et calculs,"Fractions, nombres rationnels",MATHS.3E.NC.la-notion-de-fraction-irreductible-est-abordee-en-lien-avec-celles-de,"La notion de fraction irréductible est abordée, en lien avec celles de multiple et de diviseur qui sont travaillées tout au long du cycle",PROVEN_OFFICIAL,SRC-C4-REPERES-MATHS-2019 | Éduscol — repères annuels de progression (2019),0,0,NO_CONTENT
MATHS,3E,COMMON,Nombres et calculs,Nombres décimaux relatifs,MATHS.3E.NC.le-travail-est-consolide-notamment-lors-des-resolutions-de-problemes,Le travail est consolidé notamment lors des résolutions de problèmes,PROVEN_OFFICIAL,SRC-C4-REPERES-MATHS-2019 | Éduscol — repères annuels de progression (2019),0,0,NO_CONTENT
MATHS,3E,COMMON,Nombres et calculs,Puissances,MATHS.3E.NC.les-puissances-de-base-quelconque-dexposants-negatifs-sont-introduites,Les puissances de base quelconque d’exposants négatifs sont introduites et utilisées pour simplifier des quotients,PROVEN_OFFICIAL,SRC-C4-REPERES-MATHS-2019 | Éduscol — repères annuels de progression (2019),0,0,NO_CONTENT
MATHS,3E,COMMON,Nombres et calculs,Racine carrée,MATHS.3E.NC.la-racine-carree-est-utilisee-dans-le-cadre-de-la-resolution-de-proble,La racine carrée est utilisée dans le cadre de la résolution de problèmes,PROVEN_OFFICIAL,SRC-C4-REPERES-MATHS-2019 | Éduscol — repères annuels de progression (2019),0,0,NO_CONTENT
MATHS,3E,COMMON,"Organisation et gestion de données, fonctions",Fonctions,MATHS.3E.OGDF.les-fonctions-affines-et-lineaires-sont-presentees-par-leurs-expressio,Les fonctions affines et linéaires sont présentées par leurs expressions algébriques et leurs représentations graphiques,PROVEN_OFFICIAL,SRC-C4-REPERES-MATHS-2019 | Éduscol — repères annuels de progression (2019),0,0,NO_CONTENT
MATHS,3E,COMMON,"Organisation et gestion de données, fonctions",Fonctions,MATHS.3E.OGDF.les-fonctions-sont-utilisees-pour-modeliser-des-phenomenes-continus-et,Les fonctions sont utilisées pour modéliser des phénomènes continus et résoudre des problèmes,PROVEN_OFFICIAL,SRC-C4-REPERES-MATHS-2019 | Éduscol — repères annuels de progression (2019),0,0,NO_CONTENT
MATHS,3E,COMMON,"Organisation et gestion de données, fonctions",Fonctions,MATHS.3E.OGDF.les-notions-de-variable-de-fonction-dantecedent-dimage-sont-formalisee,"Les notions de variable, de fonction, d’antécédent, d’image sont formalisées et les notations fonctionnelles sont utilisées",PROVEN_OFFICIAL,SRC-C4-REPERES-MATHS-2019 | Éduscol — repères annuels de progression (2019),0,0,NO_CONTENT
MATHS,3E,COMMON,"Organisation et gestion de données, fonctions",Fonctions,MATHS.3E.OGDF.un-travail-est-mene-sur-le-passage-dun-mode-de-representation-dune-fon,"Un travail est mené sur le passage d’un mode de représentation d’une fonction (graphique, symbolique, tableau de valeurs) à un autre",PROVEN_OFFICIAL,SRC-C4-REPERES-MATHS-2019 | Éduscol — repères annuels de progression (2019),0,0,NO_CONTENT
MATHS,3E,COMMON,"Organisation et gestion de données, fonctions",Probabilités,MATHS.3E.OGDF.dans-des-cas-tres-simples-il-est-cependant-possible-dintroduire-des-ex,"Dans des cas très simples, il est cependant possible d’introduire des expériences à deux épreuves",PROVEN_OFFICIAL,SRC-C4-REPERES-MATHS-2019 | Éduscol — repères annuels de progression (2019),0,0,NO_CONTENT
MATHS,3E,COMMON,"Organisation et gestion de données, fonctions",Probabilités,MATHS.3E.OGDF.le-constat-de-la-stabilisation-des-frequences-sappuie-sur-la-simulatio,Le constat de la stabilisation des fréquences s’appuie sur la simulation d’expériences aléatoires à une épreuve à l’aide d’un tableur ou d’un logiciel de…,PROVEN_OFFICIAL,SRC-C4-REPERES-MATHS-2019 | Éduscol — repères annuels de progression (2019),0,0,NO_CONTENT
MATHS,3E,COMMON,"Organisation et gestion de données, fonctions",Probabilités,MATHS.3E.OGDF.les-calculs-de-probabilites-a-partir-de-denombrements-sappliquent-a-de,"Les calculs de probabilités, à partir de dénombrements, s’appliquent à des contextes simples faisant prioritairement intervenir une seule épreuve",PROVEN_OFFICIAL,SRC-C4-REPERES-MATHS-2019 | Éduscol — repères annuels de progression (2019),0,0,NO_CONTENT
MATHS,3E,COMMON,"Organisation et gestion de données, fonctions",Probabilités,MATHS.3E.OGDF.les-denombrements-sappuient-alors-uniquement-sur-des-tableaux-a-double,"Les dénombrements s’appuient alors uniquement sur des tableaux à double entrée, la notion d’arbre ne figurant pas au programme",PROVEN_OFFICIAL,SRC-C4-REPERES-MATHS-2019 | Éduscol — repères annuels de progression (2019),0,0,NO_CONTENT
MATHS,3E,COMMON,"Organisation et gestion de données, fonctions",Probabilités,MATHS.3E.OGDF.les-eleves-simulent-une-experience-aleatoire-a-laide-dun-tableur-ou-du,Les élèves simulent une expérience aléatoire à l’aide d’un tableur ou d’un logiciel de programmation,PROVEN_OFFICIAL,SRC-C4-REPERES-MATHS-2019 | Éduscol — repères annuels de progression (2019),0,0,NO_CONTENT
MATHS,3E,COMMON,"Organisation et gestion de données, fonctions",Proportionnalité,MATHS.3E.OGDF.le-champ-des-problemes-de-geometrie-relevant-de-la-proportionnalite-es,"Le champ des problèmes de géométrie relevant de la proportionnalité est élargi (homothéties, triangles semblables, configurations de Thalès)",PROVEN_OFFICIAL,SRC-C4-REPERES-MATHS-2019 | Éduscol — repères annuels de progression (2019),0,0,NO_CONTENT
MATHS,3E,COMMON,"Organisation et gestion de données, fonctions",Proportionnalité,MATHS.3E.OGDF.le-lien-est-fait-entre-taux-devolution-et-coefficient-multiplicateur-a,"Le lien est fait entre taux d’évolution et coefficient multiplicateur, ainsi qu’entre la proportionnalité et les fonctions linéaires",PROVEN_OFFICIAL,SRC-C4-REPERES-MATHS-2019 | Éduscol — repères annuels de progression (2019),0,0,NO_CONTENT
MATHS,3E,COMMON,"Organisation et gestion de données, fonctions",Statistiques,MATHS.3E.OGDF.le-travail-sur-les-representations-graphiques-le-calcul-en-particulier,"Le travail sur les représentations graphiques, le calcul, en particulier celui des effectifs et des fréquences, et l’interprétation des indicateurs de position…",PROVEN_OFFICIAL,SRC-C4-REPERES-MATHS-2019 | Éduscol — repères annuels de progression (2019),0,0,NO_CONTENT
MATHS,3E,COMMON,"Organisation et gestion de données, fonctions",Statistiques,MATHS.3E.OGDF.un-indicateur-de-dispersion-est-introduit-letendue,Un indicateur de dispersion est introduit : l’étendue,PROVEN_OFFICIAL,SRC-C4-REPERES-MATHS-2019 | Éduscol — repères annuels de progression (2019),0,0,NO_CONTENT
MATHS,3E,COMMON,"Organisation et gestion de données, fonctions",Statistiques,MATHS.3E.OGDF.un-nouveau-type-de-diagramme-est-introduit-les-histogrammes-pour-des-c,Un nouveau type de diagramme est introduit : les histogrammes pour des classes de même amplitude,PROVEN_OFFICIAL,SRC-C4-REPERES-MATHS-2019 | Éduscol — repères annuels de progression (2019),0,0,NO_CONTENT
MATHS,2NDE,COMMON,Algorithmique et programmation,Notion de fonction,MATHS.2NDE.ALGO.ecrire-des-fonctions-renvoyant-le-resultat-numerique-dune-experience-a,"Écrire des fonctions renvoyant le résultat numérique d’une expérience aléatoire, d’une répétition d’expériences aléatoires indépendantes",PROVEN_OFFICIAL,SRC-2NDE-MATHS-2026 | BO n°14 de 2026 — annexe,0,0,NO_CONTENT
MATHS,2NDE,COMMON,Algorithmique et programmation,Notion de fonction,MATHS.2NDE.ALGO.ecrire-des-fonctions-simples-lire-comprendre-modifier-completer-des-fo,"Écrire des fonctions simples ; lire, comprendre, modifier, compléter des fonctions plus complexes. Appeler une fonction",PROVEN_OFFICIAL,SRC-2NDE-MATHS-2026 | BO n°14 de 2026 — annexe,0,0,NO_CONTENT
MATHS,2NDE,COMMON,Algorithmique et programmation,Notion de fonction,MATHS.2NDE.ALGO.fonction-renvoyant-un-nombre-aleatoire-serie-statistique-obtenue-par-l,Fonction renvoyant un nombre aléatoire. Série statistique obtenue par la répétition de l’appel d’une telle fonction,PROVEN_OFFICIAL,SRC-2NDE-MATHS-2026 | BO n°14 de 2026 — annexe,0,0,NO_CONTENT
MATHS,2NDE,COMMON,Algorithmique et programmation,Notion de fonction,MATHS.2NDE.ALGO.fonctions-a-un-ou-plusieurs-arguments,Fonctions à un ou plusieurs arguments,PROVEN_OFFICIAL,SRC-2NDE-MATHS-2026 | BO n°14 de 2026 — annexe,0,0,NO_CONTENT
MATHS,2NDE,COMMON,Algorithmique et programmation,Notion de fonction,MATHS.2NDE.ALGO.lire-et-comprendre-une-fonction-renvoyant-une-moyenne-un-ecart-type-au,"Lire et comprendre une fonction renvoyant une moyenne, un écart type. Aucune connaissance sur les listes n’est exigée",PROVEN_OFFICIAL,SRC-2NDE-MATHS-2026 | BO n°14 de 2026 — annexe,0,0,NO_CONTENT
MATHS,2NDE,COMMON,Algorithmique et programmation,Variables et instructions élémentaires,MATHS.2NDE.ALGO.affectation-notee-en-langage-naturel,Affectation (notée ← en langage naturel),PROVEN_OFFICIAL,SRC-2NDE-MATHS-2026 | BO n°14 de 2026 — annexe,0,0,NO_CONTENT
MATHS,2NDE,COMMON,Algorithmique et programmation,Variables et instructions élémentaires,MATHS.2NDE.ALGO.boucle-bornee-for-boucle-non-bornee-while,"Boucle bornée (for), boucle non bornée (while)",PROVEN_OFFICIAL,SRC-2NDE-MATHS-2026 | BO n°14 de 2026 — annexe,0,0,NO_CONTENT
MATHS,2NDE,COMMON,Algorithmique et programmation,Variables et instructions élémentaires,MATHS.2NDE.ALGO.choisir-ou-determiner-le-type-dune-variable-entier-flottant-ou-chaine,"Choisir ou déterminer le type d’une variable (entier, flottant ou chaine de caractères)",PROVEN_OFFICIAL,SRC-2NDE-MATHS-2026 | BO n°14 de 2026 — annexe,0,0,NO_CONTENT
MATHS,2NDE,COMMON,Algorithmique et programmation,Variables et instructions élémentaires,MATHS.2NDE.ALGO.concevoir-et-ecrire-une-instruction-daffectation-une-sequence-dinstruc,"Concevoir et écrire une instruction d’affectation, une séquence d’instructions, une instruction conditionnelle",PROVEN_OFFICIAL,SRC-2NDE-MATHS-2026 | BO n°14 de 2026 — annexe,0,0,NO_CONTENT
MATHS,2NDE,COMMON,Algorithmique et programmation,Variables et instructions élémentaires,MATHS.2NDE.ALGO.dans-des-cas-plus-complexes-lire-comprendre-modifier-ou-completer-un-a,"Dans des cas plus complexes : lire, comprendre, modifier ou compléter un algorithme ou un programme",PROVEN_OFFICIAL,SRC-2NDE-MATHS-2026 | BO n°14 de 2026 — annexe,0,0,NO_CONTENT
MATHS,2NDE,COMMON,Algorithmique et programmation,Variables et instructions élémentaires,MATHS.2NDE.ALGO.ecrire-une-formule-permettant-un-calcul-combinant-des-variables,Écrire une formule permettant un calcul combinant des variables,PROVEN_OFFICIAL,SRC-2NDE-MATHS-2026 | BO n°14 de 2026 — annexe,0,0,NO_CONTENT
MATHS,2NDE,COMMON,Algorithmique et programmation,Variables et instructions élémentaires,MATHS.2NDE.ALGO.instruction-conditionnelle,Instruction conditionnelle,PROVEN_OFFICIAL,SRC-2NDE-MATHS-2026 | BO n°14 de 2026 — annexe,0,0,NO_CONTENT
MATHS,2NDE,COMMON,Algorithmique et programmation,Variables et instructions élémentaires,MATHS.2NDE.ALGO.programmer-dans-des-cas-simples-une-boucle-bornee-une-boucle-non-borne,"Programmer, dans des cas simples, une boucle bornée, une boucle non bornée",PROVEN_OFFICIAL,SRC-2NDE-MATHS-2026 | BO n°14 de 2026 — annexe,0,0,NO_CONTENT
MATHS,2NDE,COMMON,Algorithmique et programmation,Variables et instructions élémentaires,MATHS.2NDE.ALGO.sequence-dinstructions,Séquence d’instructions,PROVEN_OFFICIAL,SRC-2NDE-MATHS-2026 | BO n°14 de 2026 — annexe,0,0,NO_CONTENT
MATHS,2NDE,COMMON,Algorithmique et programmation,Variables et instructions élémentaires,MATHS.2NDE.ALGO.variables-informatiques-de-type-entier-booleen-flottant-chaine-de-cara,"Variables informatiques de type entier, booléen, flottant, chaine de caractères",PROVEN_OFFICIAL,SRC-2NDE-MATHS-2026 | BO n°14 de 2026 — annexe,0,0,NO_CONTENT
MATHS,2NDE,COMMON,Automatismes,Automatismes,MATHS.2NDE.AUTO.application-simple-du-theoreme-de-pythagore-du-theoreme-de-thales,"Application simple du théorème de Pythagore, du théorème de Thalès …",PROVEN_OFFICIAL,SRC-2NDE-MATHS-2026 | BO n°14 de 2026 — annexe,0,0,NO_CONTENT
MATHS,2NDE,COMMON,Automatismes,Automatismes,MATHS.2NDE.AUTO.calculer-appliquer-exprimer-une-proportion-sous-differentes-formes-dec,"Calculer, appliquer, exprimer une proportion sous différentes formes (décimale, fractionnaire, pourcentage)",PROVEN_OFFICIAL,SRC-2NDE-MATHS-2026 | BO n°14 de 2026 — annexe,0,0,NO_CONTENT
MATHS,2NDE,COMMON,Automatismes,Automatismes,MATHS.2NDE.AUTO.calculer-des-perimetres-polygone-et-cercle-aires-rectangle-triangle-et,"Calculer des périmètres (polygone et cercle), aires (rectangle, triangle et disque) et des volumes (pavé droit, prisme, cylindre, pyramide, cône et boule)",PROVEN_OFFICIAL,SRC-2NDE-MATHS-2026 | BO n°14 de 2026 — annexe,0,0,NO_CONTENT
MATHS,2NDE,COMMON,Automatismes,Automatismes,MATHS.2NDE.AUTO.calculer-et-interpreter-des-indicateurs-statistiques-moyenne-mediane-q,"Calculer et interpréter des indicateurs statistiques (moyenne, médiane, quartiles) pour une série statistique (selon la façon dont elle est présentée : données…",PROVEN_OFFICIAL,SRC-2NDE-MATHS-2026 | BO n°14 de 2026 — annexe,0,0,NO_CONTENT
MATHS,2NDE,COMMON,Automatismes,Automatismes,MATHS.2NDE.AUTO.calculer-la-probabilite-dun-evenement-comme-somme-des-probabilites-des,Calculer la probabilité d’un évènement comme somme des probabilités des issues qui le composent,PROVEN_OFFICIAL,SRC-2NDE-MATHS-2026 | BO n°14 de 2026 — annexe,0,0,NO_CONTENT
MATHS,2NDE,COMMON,Automatismes,Automatismes,MATHS.2NDE.AUTO.comparer-des-distributions-a-laide-de-boites-a-moustaches,Comparer des distributions à l’aide de boites à moustaches,PROVEN_OFFICIAL,SRC-2NDE-MATHS-2026 | BO n°14 de 2026 — annexe,0,0,NO_CONTENT
MATHS,2NDE,COMMON,Automatismes,Automatismes,MATHS.2NDE.AUTO.comparer-deux-nombres-directement-ou-par-calcul-de-leur-difference-sil,"Comparer deux nombres directement ou par calcul : • de leur différence ; • s’ils sont strictement positifs, de leur quotient",PROVEN_OFFICIAL,SRC-2NDE-MATHS-2026 | BO n°14 de 2026 — annexe,0,0,NO_CONTENT
MATHS,2NDE,COMMON,Automatismes,Automatismes,MATHS.2NDE.AUTO.connaitre-et-utiliser-les-lignes-trigonometriques-dans-le-triangle-rec,"Connaitre et utiliser les lignes trigonométriques dans le triangle rectangle : cosinus, sinus, tangente",PROVEN_OFFICIAL,SRC-2NDE-MATHS-2026 | BO n°14 de 2026 — annexe,0,0,NO_CONTENT
MATHS,2NDE,COMMON,Automatismes,Automatismes,MATHS.2NDE.AUTO.dans-le-plan-muni-dun-repere-orthogonal-lire-les-coordonnees-dun-point,"Dans le plan muni d’un repère orthogonal, lire les coordonnées d’un point donné, placer un point de coordonnées données",PROVEN_OFFICIAL,SRC-2NDE-MATHS-2026 | BO n°14 de 2026 — annexe,0,0,NO_CONTENT
MATHS,2NDE,COMMON,Automatismes,Automatismes,MATHS.2NDE.AUTO.determiner-graphiquement-des-images-et-des-antecedents,Déterminer graphiquement des images et des antécédents,PROVEN_OFFICIAL,SRC-2NDE-MATHS-2026 | BO n°14 de 2026 — annexe,0,0,NO_CONTENT
MATHS,2NDE,COMMON,Automatismes,Automatismes,MATHS.2NDE.AUTO.developper-factoriser-reduire-une-expression-algebrique-simple-identit,"Développer, factoriser, réduire une expression algébrique simple : • identités (factorisation et développement) : (a + b)², (a – b)², (a + b)(a – b) ; •…",PROVEN_OFFICIAL,SRC-2NDE-MATHS-2026 | BO n°14 de 2026 — annexe,0,0,NO_CONTENT
MATHS,2NDE,COMMON,Automatismes,Automatismes,MATHS.2NDE.AUTO.effectuer-des-conversions-dunites-longueurs-aires-volumes-contenances,"Effectuer des conversions d’unités : longueurs, aires, volumes, contenances, durées, vitesses, masses",PROVEN_OFFICIAL,SRC-2NDE-MATHS-2026 | BO n°14 de 2026 — annexe,0,0,NO_CONTENT
MATHS,2NDE,COMMON,Automatismes,Automatismes,MATHS.2NDE.AUTO.effectuer-des-operations-et-des-comparaisons-entre-des-fractions-simpl,Effectuer des opérations et des comparaisons entre des fractions simples,PROVEN_OFFICIAL,SRC-2NDE-MATHS-2026 | BO n°14 de 2026 — annexe,0,0,NO_CONTENT
MATHS,2NDE,COMMON,Automatismes,Automatismes,MATHS.2NDE.AUTO.effectuer-des-operations-sur-les-puissances,Effectuer des opérations sur les puissances,PROVEN_OFFICIAL,SRC-2NDE-MATHS-2026 | BO n°14 de 2026 — annexe,0,0,NO_CONTENT
MATHS,2NDE,COMMON,Automatismes,Automatismes,MATHS.2NDE.AUTO.effectuer-un-calcul-litteral-elementaire-expressions-additives-a-b-a-b,"Effectuer un calcul littéral élémentaire : • expressions additives : – (a + b) = –a – b, – (a – b) = b – a",PROVEN_OFFICIAL,SRC-2NDE-MATHS-2026 | BO n°14 de 2026 — annexe,0,0,NO_CONTENT
MATHS,2NDE,COMMON,Automatismes,Automatismes,MATHS.2NDE.AUTO.effectuer-une-application-numerique-dune-formule-notamment-pour-les-fo,Effectuer une application numérique d’une formule (notamment pour les formules utilisées dans les autres disciplines),PROVEN_OFFICIAL,SRC-2NDE-MATHS-2026 | BO n°14 de 2026 — annexe,0,0,NO_CONTENT
MATHS,2NDE,COMMON,Automatismes,Automatismes,MATHS.2NDE.AUTO.estimer-un-ordre-de-grandeur,Estimer un ordre de grandeur,PROVEN_OFFICIAL,SRC-2NDE-MATHS-2026 | BO n°14 de 2026 — annexe,0,0,NO_CONTENT
MATHS,2NDE,COMMON,Automatismes,Automatismes,MATHS.2NDE.AUTO.exploiter-une-equation-de-courbe-appartenance-dun-point-calcul-de-coor,"Exploiter une équation de courbe (appartenance d’un point, calcul de coordonnées)",PROVEN_OFFICIAL,SRC-2NDE-MATHS-2026 | BO n°14 de 2026 — annexe,0,0,NO_CONTENT
MATHS,2NDE,COMMON,Automatismes,Automatismes,MATHS.2NDE.AUTO.isoler-une-variable-dans-une-egalite-qui-en-comporte-plusieurs-sur-des,"Isoler une variable dans une égalité qui en comporte plusieurs, sur des exemples internes aux mathématiques ou issus des autres disciplines",PROVEN_OFFICIAL,SRC-2NDE-MATHS-2026 | BO n°14 de 2026 — annexe,0,0,NO_CONTENT
MATHS,2NDE,COMMON,Automatismes,Automatismes,MATHS.2NDE.AUTO.lire-et-commenter-des-graphiques-usuels-diagramme-en-barres-diagramme,"Lire et commenter des graphiques usuels : • diagramme en barres ; • diagramme circulaire, semi-circulaire ; • courbe, nuage de points (diagramme cartésien)",PROVEN_OFFICIAL,SRC-2NDE-MATHS-2026 | BO n°14 de 2026 — annexe,0,0,NO_CONTENT
MATHS,2NDE,COMMON,Automatismes,Automatismes,MATHS.2NDE.AUTO.passer-dune-ecriture-dun-nombre-a-une-autre-decimale-fractionnaire-pou,"Passer d’une écriture d’un nombre à une autre (décimale, fractionnaire, pourcentage)",PROVEN_OFFICIAL,SRC-2NDE-MATHS-2026 | BO n°14 de 2026 — annexe,0,0,NO_CONTENT
MATHS,2NDE,COMMON,Automatismes,Automatismes,MATHS.2NDE.AUTO.passer-dune-formulation-additive-augmenter-de-5-respectivement-diminue,"Passer d’une formulation additive (« augmenter de 5 % », respectivement « diminuer de 5 % ») à une formulation multiplicative (« multiplier par 1,05 »…",PROVEN_OFFICIAL,SRC-2NDE-MATHS-2026 | BO n°14 de 2026 — annexe,0,0,NO_CONTENT
MATHS,2NDE,COMMON,Automatismes,Automatismes,MATHS.2NDE.AUTO.reconnaitre-lexpression-dune-fonction-lineaire-dune-fonction-affine-sa,"Reconnaitre l’expression d’une fonction linéaire, d’une fonction affine, savoir que leur représentation graphique est une droite",PROVEN_OFFICIAL,SRC-2NDE-MATHS-2026 | BO n°14 de 2026 — annexe,0,0,NO_CONTENT
MATHS,2NDE,COMMON,Automatismes,Automatismes,MATHS.2NDE.AUTO.resoudre-une-equation-du-type-x2-a-ax-b-cx-d-ou-a-x-b-ou-une-inequatio,"Résoudre une équation du type : 𝑥² = a, a𝑥 + b = c𝑥 + d ou a 𝑥 = b ou une inéquation du premier degré",PROVEN_OFFICIAL,SRC-2NDE-MATHS-2026 | BO n°14 de 2026 — annexe,0,0,NO_CONTENT
MATHS,2NDE,COMMON,Automatismes,Automatismes,MATHS.2NDE.AUTO.sassurer-de-la-vraisemblance-de-la-coherence-dun-resultat,"S’assurer de la vraisemblance, de la cohérence d’un résultat",PROVEN_OFFICIAL,SRC-2NDE-MATHS-2026 | BO n°14 de 2026 — annexe,0,0,NO_CONTENT
MATHS,2NDE,COMMON,Automatismes,Automatismes,MATHS.2NDE.AUTO.savoir-calculer-la-probabilite-de-levenement-contraire,Savoir calculer la probabilité de l’évènement contraire,PROVEN_OFFICIAL,SRC-2NDE-MATHS-2026 | BO n°14 de 2026 — annexe,0,0,NO_CONTENT
MATHS,2NDE,COMMON,Automatismes,Automatismes,MATHS.2NDE.AUTO.savoir-quune-probabilite-est-un-nombre-entre-0-et-1,Savoir qu’une probabilité est un nombre entre 0 et 1,PROVEN_OFFICIAL,SRC-2NDE-MATHS-2026 | BO n°14 de 2026 — annexe,0,0,NO_CONTENT
MATHS,2NDE,COMMON,Automatismes,Automatismes,MATHS.2NDE.AUTO.sur-une-droite-graduee-reperer-ou-placer-un-point-dont-labscisse-est-u,"Sur une droite graduée, repérer ou placer un point dont l’abscisse est un nombre relatif",PROVEN_OFFICIAL,SRC-2NDE-MATHS-2026 | BO n°14 de 2026 — annexe,0,0,NO_CONTENT
MATHS,2NDE,COMMON,Automatismes,Automatismes,MATHS.2NDE.AUTO.utiliser-la-relation-p-a-card-a-card-dans-le-cas-de-lequiprobabilite,Utiliser la relation P(A) = Card(A) Card(Ω) dans le cas de l’équiprobabilité,PROVEN_OFFICIAL,SRC-2NDE-MATHS-2026 | BO n°14 de 2026 — annexe,0,0,NO_CONTENT
MATHS,2NDE,COMMON,Automatismes,Automatismes,MATHS.2NDE.AUTO.utiliser-une-proportion-pour-calculer-une-partie-connaissant-le-tout-o,"Utiliser une proportion pour calculer une partie connaissant le tout, ou le tout connaissant une partie",PROVEN_OFFICIAL,SRC-2NDE-MATHS-2026 | BO n°14 de 2026 — annexe,0,0,NO_CONTENT
MATHS,2NDE,COMMON,Fonctions,Représentation algébrique et graphique des fonctions,MATHS.2NDE.FON.courbe-representative-la-courbe-dequation-y-x-est-lensemble-des-points,"Courbe représentative : la courbe d’équation 𝑦 = ƒ (𝑥) est l’ensemble des points du plan dont les coordonnées (𝑥, 𝑦) vérifient 𝑦 = ƒ (𝑥)",PROVEN_OFFICIAL,SRC-2NDE-MATHS-2026 | BO n°14 de 2026 — annexe,0,0,NO_CONTENT
MATHS,2NDE,COMMON,Fonctions,Représentation algébrique et graphique des fonctions,MATHS.2NDE.FON.exploiter-lequation-y-x-dune-courbe-appartenance-calcul-de-coordonnees,"Exploiter l’équation 𝑦 = ƒ (𝑥) d’une courbe : appartenance, calcul de coordonnées",PROVEN_OFFICIAL,SRC-2NDE-MATHS-2026 | BO n°14 de 2026 — annexe,0,0,NO_CONTENT
MATHS,2NDE,COMMON,Fonctions,Représentation algébrique et graphique des fonctions,MATHS.2NDE.FON.fonction-a-valeurs-reelles-definie-sur-un-intervalle-ou-une-reunion-fi,Fonction à valeurs réelles définie sur un intervalle ou une réunion finie d’intervalles de ℝ,PROVEN_OFFICIAL,SRC-2NDE-MATHS-2026 | BO n°14 de 2026 — annexe,0,0,NO_CONTENT
MATHS,2NDE,COMMON,Fonctions,Représentation algébrique et graphique des fonctions,MATHS.2NDE.FON.fonctions-valeur-absolue-carre-inverse-definitions-et-courbes-represen,"Fonctions valeur absolue, carré, inverse : définitions et courbes représentatives",PROVEN_OFFICIAL,SRC-2NDE-MATHS-2026 | BO n°14 de 2026 — annexe,0,0,NO_CONTENT
MATHS,2NDE,COMMON,Fonctions,Représentation algébrique et graphique des fonctions,MATHS.2NDE.FON.modeliser-par-des-fonctions-des-situations-issues-des-mathematiques-de,"Modéliser par des fonctions des situations issues des mathématiques, des autres disciplines ou de la vie courante ou citoyenne",PROVEN_OFFICIAL,SRC-2NDE-MATHS-2026 | BO n°14 de 2026 — annexe,0,0,NO_CONTENT
MATHS,2NDE,COMMON,Fonctions,Représentation algébrique et graphique des fonctions,MATHS.2NDE.FON.pour-les-fonctions-affines-valeur-absolue-carre-inverse-racine-carree,"Pour les fonctions affines, valeur absolue, carré, inverse, racine carrée et cube, résoudre graphiquement ou algébriquement une équation ou une inéquation du…",PROVEN_OFFICIAL,SRC-2NDE-MATHS-2026 | BO n°14 de 2026 — annexe,0,0,NO_CONTENT
MATHS,2NDE,COMMON,Fonctions,Représentation algébrique et graphique des fonctions,MATHS.2NDE.FON.recherche-de-domaine-detude-ensemble-de-definition,Recherche de domaine d’étude (ensemble de définition),PROVEN_OFFICIAL,SRC-2NDE-MATHS-2026 | BO n°14 de 2026 — annexe,0,0,NO_CONTENT
MATHS,2NDE,COMMON,Fonctions,Représentation algébrique et graphique des fonctions,MATHS.2NDE.FON.resoudre-graphiquement-ou-a-laide-dun-outil-numerique-une-equation-ou,"Résoudre, graphiquement ou à l’aide d’un outil numérique, une équation ou inéquation du type ƒ (𝑥) = g (𝑥), ƒ (𝑥) < g (𝑥)",PROVEN_OFFICIAL,SRC-2NDE-MATHS-2026 | BO n°14 de 2026 — annexe,0,0,NO_CONTENT
MATHS,2NDE,COMMON,Fonctions,Représentation algébrique et graphique des fonctions,MATHS.2NDE.FON.resoudre-une-equation-ou-une-inequation-de-la-forme-x-0-x-0-a-laide-du,"Résoudre une équation ou une inéquation de la forme ƒ (𝑥) = 0, ƒ (𝑥) > 0 à l’aide d’un tableau de signes, lorsque ƒ est un produit ou un quotient",PROVEN_OFFICIAL,SRC-2NDE-MATHS-2026 | BO n°14 de 2026 — annexe,0,0,NO_CONTENT
MATHS,2NDE,COMMON,Fonctions,Représentation algébrique et graphique des fonctions,MATHS.2NDE.FON.resoudre-une-equation-ou-une-inequation-du-type-x-k-x-k-en-choisissant,"Résoudre une équation ou une inéquation du type ƒ (𝑥) = k, ƒ (𝑥) < k, en choisissant une méthode adaptée : graphique, algébrique, logicielle",PROVEN_OFFICIAL,SRC-2NDE-MATHS-2026 | BO n°14 de 2026 — annexe,0,0,NO_CONTENT
MATHS,2NDE,COMMON,Fonctions,Représentation algébrique et graphique des fonctions,MATHS.2NDE.FON.signe-dune-fonction-affine-et-des-fonctions-de-reference,Signe d’une fonction affine et des fonctions de référence,PROVEN_OFFICIAL,SRC-2NDE-MATHS-2026 | BO n°14 de 2026 — annexe,0,0,NO_CONTENT
MATHS,2NDE,COMMON,Fonctions,Représentation algébrique et graphique des fonctions,MATHS.2NDE.FON.tableau-de-signes-pour-une-fonction-produit-ou-quotient,Tableau de signes pour une fonction produit ou quotient,PROVEN_OFFICIAL,SRC-2NDE-MATHS-2026 | BO n°14 de 2026 — annexe,0,0,NO_CONTENT
MATHS,2NDE,COMMON,Fonctions,Variations et extrémums d’une fonction,MATHS.2NDE.FON.croissance-decroissance-monotonie-dune-fonction-definie-sur-un-interva,"Croissance, décroissance, monotonie d’une fonction définie sur un intervalle. Tableau de variations",PROVEN_OFFICIAL,SRC-2NDE-MATHS-2026 | BO n°14 de 2026 — annexe,0,0,NO_CONTENT
MATHS,2NDE,COMMON,Fonctions,Variations et extrémums d’une fonction,MATHS.2NDE.FON.determiner-graphiquement-les-extremums-dune-fonction-sur-un-intervalle,Déterminer graphiquement les extrémums d’une fonction sur un intervalle,PROVEN_OFFICIAL,SRC-2NDE-MATHS-2026 | BO n°14 de 2026 — annexe,0,0,NO_CONTENT
MATHS,2NDE,COMMON,Fonctions,Variations et extrémums d’une fonction,MATHS.2NDE.FON.exploiter-un-logiciel-de-geometrie-dynamique-ou-de-calcul-formel-la-ca,"Exploiter un logiciel de géométrie dynamique ou de calcul formel, la calculatrice ou Python pour décrire les variations d’une fonction donnée par une formule",PROVEN_OFFICIAL,SRC-2NDE-MATHS-2026 | BO n°14 de 2026 — annexe,0,0,NO_CONTENT
MATHS,2NDE,COMMON,Fonctions,Variations et extrémums d’une fonction,MATHS.2NDE.FON.fonctions-valeur-absolue-carre-signe-et-variations,"Fonctions valeur absolue, carré : signe et variations",PROVEN_OFFICIAL,SRC-2NDE-MATHS-2026 | BO n°14 de 2026 — annexe,0,0,NO_CONTENT
MATHS,2NDE,COMMON,Fonctions,Variations et extrémums d’une fonction,MATHS.2NDE.FON.maximum-minimum-dune-fonction-sur-un-intervalle,"Maximum, minimum d’une fonction sur un intervalle",PROVEN_OFFICIAL,SRC-2NDE-MATHS-2026 | BO n°14 de 2026 — annexe,0,0,NO_CONTENT
MATHS,2NDE,COMMON,Fonctions,Variations et extrémums d’une fonction,MATHS.2NDE.FON.position-relative-des-courbes-dequation-y-x-y-x2-pour-x-0,"Position relative des courbes d’équation 𝑦 = 𝑥, 𝑦 = 𝑥², pour 𝑥 ⩾ 0",PROVEN_OFFICIAL,SRC-2NDE-MATHS-2026 | BO n°14 de 2026 — annexe,0,0,NO_CONTENT
MATHS,2NDE,COMMON,Fonctions,Variations et extrémums d’une fonction,MATHS.2NDE.FON.pour-deux-nombres-a-et-b-donnes-et-une-fonction-de-reference-comparer,"Pour deux nombres a et b donnés et une fonction de référence ƒ, comparer ƒ (a) et ƒ (b) numériquement ou graphiquement",PROVEN_OFFICIAL,SRC-2NDE-MATHS-2026 | BO n°14 de 2026 — annexe,0,0,NO_CONTENT
MATHS,2NDE,COMMON,Fonctions,Variations et extrémums d’une fonction,MATHS.2NDE.FON.pour-une-fonction-affine-donnee-par-x-mx-p-interpretation-de-m-comme-t,"Pour une fonction affine donnée par ƒ (𝑥) = m𝑥 + p, interprétation de m comme taux d’accroissement et de p comme ordonnée à l’origine",PROVEN_OFFICIAL,SRC-2NDE-MATHS-2026 | BO n°14 de 2026 — annexe,0,0,NO_CONTENT
MATHS,2NDE,COMMON,Fonctions,Variations et extrémums d’une fonction,MATHS.2NDE.FON.pour-une-fonction-affine-relier-sens-de-variation-signe-de-la-fonction,"Pour une fonction affine, relier sens de variation, signe de la fonction et droite représentative",PROVEN_OFFICIAL,SRC-2NDE-MATHS-2026 | BO n°14 de 2026 — annexe,0,0,NO_CONTENT
MATHS,2NDE,COMMON,Fonctions,Variations et extrémums d’une fonction,MATHS.2NDE.FON.relier-les-courbes-representatives-de-la-fonction-racine-carree-et-de,Relier les courbes représentatives de la fonction racine carrée et de la fonction carré sur ℝ+,PROVEN_OFFICIAL,SRC-2NDE-MATHS-2026 | BO n°14 de 2026 — annexe,0,0,NO_CONTENT
MATHS,2NDE,COMMON,Fonctions,Variations et extrémums d’une fonction,MATHS.2NDE.FON.relier-representation-graphique-et-tableau-de-variations,Relier représentation graphique et tableau de variations,PROVEN_OFFICIAL,SRC-2NDE-MATHS-2026 | BO n°14 de 2026 — annexe,0,0,NO_CONTENT
MATHS,2NDE,COMMON,Fonctions,Variations et extrémums d’une fonction,MATHS.2NDE.FON.traiter-de-problemes-doptimisation,Traiter de problèmes d’optimisation,PROVEN_OFFICIAL,SRC-2NDE-MATHS-2026 | BO n°14 de 2026 — annexe,0,0,NO_CONTENT
MATHS,2NDE,COMMON,Fonctions,Variations et extrémums d’une fonction,MATHS.2NDE.FON.variations-des-fonctions-affines,Variations des fonctions affines,PROVEN_OFFICIAL,SRC-2NDE-MATHS-2026 | BO n°14 de 2026 — annexe,0,0,NO_CONTENT
MATHS,2NDE,COMMON,Fonctions,Variations et extrémums d’une fonction,MATHS.2NDE.FON.variations-des-fonctions-carre-inverse,"Variations des fonctions carré, inverse",PROVEN_OFFICIAL,SRC-2NDE-MATHS-2026 | BO n°14 de 2026 — annexe,0,0,NO_CONTENT
MATHS,2NDE,COMMON,Fonctions,Variations et extrémums d’une fonction,MATHS.2NDE.FON.variations-dune-fonction-affine-selon-le-signe-du-coefficient-directeu,Variations d’une fonction affine selon le signe du coefficient directeur,PROVEN_OFFICIAL,SRC-2NDE-MATHS-2026 | BO n°14 de 2026 — annexe,0,0,NO_CONTENT
MATHS,2NDE,COMMON,Géométrie,Droites du plan,MATHS.2NDE.GEO.determiner-la-pente-ou-un-vecteur-directeur-dune-droite-donnee-par-une,Déterminer la pente ou un vecteur directeur d’une droite donnée par une équation ou une représentation graphique,PROVEN_OFFICIAL,SRC-2NDE-MATHS-2026 | BO n°14 de 2026 — annexe,0,0,NO_CONTENT
MATHS,2NDE,COMMON,Géométrie,Droites du plan,MATHS.2NDE.GEO.determiner-le-point-dintersection-de-deux-droites-secantes-donnees-par,Déterminer le point d’intersection de deux droites sécantes données par leur équation réduite,PROVEN_OFFICIAL,SRC-2NDE-MATHS-2026 | BO n°14 de 2026 — annexe,0,0,NO_CONTENT
MATHS,2NDE,COMMON,Géométrie,Droites du plan,MATHS.2NDE.GEO.determiner-si-deux-droites-sont-paralleles-ou-secantes,Déterminer si deux droites sont parallèles ou sécantes,PROVEN_OFFICIAL,SRC-2NDE-MATHS-2026 | BO n°14 de 2026 — annexe,0,0,NO_CONTENT
MATHS,2NDE,COMMON,Géométrie,Droites du plan,MATHS.2NDE.GEO.determiner-une-equation-de-droite-a-partir-de-deux-points-un-point-et,"Déterminer une équation de droite à partir de deux points, un point et un vecteur directeur ou un point et la pente",PROVEN_OFFICIAL,SRC-2NDE-MATHS-2026 | BO n°14 de 2026 — annexe,0,0,NO_CONTENT
MATHS,2NDE,COMMON,Géométrie,Droites du plan,MATHS.2NDE.GEO.en-utilisant-le-determinant-etablir-la-forme-generale-dune-equation-de,"En utilisant le déterminant, établir la forme générale d’une équation de droite",PROVEN_OFFICIAL,SRC-2NDE-MATHS-2026 | BO n°14 de 2026 — annexe,0,0,NO_CONTENT
MATHS,2NDE,COMMON,Géométrie,Droites du plan,MATHS.2NDE.GEO.ensemble-des-points-equidistants-dun-point-et-de-laxe-des-abscisses,Ensemble des points équidistants d’un point et de l’axe des abscisses,PROVEN_OFFICIAL,SRC-2NDE-MATHS-2026 | BO n°14 de 2026 — annexe,0,0,NO_CONTENT
MATHS,2NDE,COMMON,Géométrie,Droites du plan,MATHS.2NDE.GEO.equation-de-droite-equation-cartesienne-equation-reduite,"Équation de droite : équation cartésienne, équation réduite",PROVEN_OFFICIAL,SRC-2NDE-MATHS-2026 | BO n°14 de 2026 — annexe,0,0,NO_CONTENT
MATHS,2NDE,COMMON,Géométrie,Droites du plan,MATHS.2NDE.GEO.etablir-que-trois-points-sont-alignes-ou-non,Établir que trois points sont alignés ou non,PROVEN_OFFICIAL,SRC-2NDE-MATHS-2026 | BO n°14 de 2026 — annexe,0,0,NO_CONTENT
MATHS,2NDE,COMMON,Géométrie,Droites du plan,MATHS.2NDE.GEO.pente-ou-coefficient-directeur-dune-droite-non-parallele-a-laxe-des-or,Pente (ou coefficient directeur) d’une droite non parallèle à l’axe des ordonnées,PROVEN_OFFICIAL,SRC-2NDE-MATHS-2026 | BO n°14 de 2026 — annexe,0,0,NO_CONTENT
MATHS,2NDE,COMMON,Géométrie,Droites du plan,MATHS.2NDE.GEO.representation-sur-des-exemples-de-parties-du-plan-decrites-par-des-in,"Représentation, sur des exemples, de parties du plan décrites par des inégalités sur les coordonnées",PROVEN_OFFICIAL,SRC-2NDE-MATHS-2026 | BO n°14 de 2026 — annexe,0,0,NO_CONTENT
MATHS,2NDE,COMMON,Géométrie,Droites du plan,MATHS.2NDE.GEO.tracer-une-droite-connaissant-son-equation-cartesienne-ou-reduite,Tracer une droite connaissant son équation cartésienne ou réduite,PROVEN_OFFICIAL,SRC-2NDE-MATHS-2026 | BO n°14 de 2026 — annexe,0,0,NO_CONTENT
MATHS,2NDE,COMMON,Géométrie,Droites du plan,MATHS.2NDE.GEO.vecteur-directeur-dune-droite,Vecteur directeur d’une droite,PROVEN_OFFICIAL,SRC-2NDE-MATHS-2026 | BO n°14 de 2026 — annexe,0,0,NO_CONTENT
MATHS,2NDE,COMMON,Géométrie,Vecteurs et problèmes de géométrie,MATHS.2NDE.GEO.barycentre-de-deux-ou-trois-points,Barycentre de deux ou trois points,PROVEN_OFFICIAL,SRC-2NDE-MATHS-2026 | BO n°14 de 2026 — annexe,0,0,NO_CONTENT
MATHS,2NDE,COMMON,Géométrie,Vecteurs et problèmes de géométrie,MATHS.2NDE.GEO.base-orthonormee-coordonnees-dun-vecteur-expression-de-la-norme-dun-ve,Base orthonormée. Coordonnées d’un vecteur. Expression de la norme d’un vecteur,PROVEN_OFFICIAL,SRC-2NDE-MATHS-2026 | BO n°14 de 2026 — annexe,0,0,NO_CONTENT
MATHS,2NDE,COMMON,Géométrie,Vecteurs et problèmes de géométrie,MATHS.2NDE.GEO.calculer-la-distance-entre-deux-points-calculer-les-coordonnees-du-mil,Calculer la distance entre deux points. Calculer les coordonnées du milieu d’un segment,PROVEN_OFFICIAL,SRC-2NDE-MATHS-2026 | BO n°14 de 2026 — annexe,0,0,NO_CONTENT
MATHS,2NDE,COMMON,Géométrie,Vecteurs et problèmes de géométrie,MATHS.2NDE.GEO.calculer-les-coordonnees-dune-somme-de-vecteurs-dun-produit-dun-vecteu,"Calculer les coordonnées d’une somme de vecteurs, d’un produit d’un vecteur par un nombre réel",PROVEN_OFFICIAL,SRC-2NDE-MATHS-2026 | BO n°14 de 2026 — annexe,0,0,NO_CONTENT
MATHS,2NDE,COMMON,Géométrie,Vecteurs et problèmes de géométrie,MATHS.2NDE.GEO.caracterisation-vectorielle-du-milieu-dun-segment,Caractérisation vectorielle du milieu d’un segment …,PROVEN_OFFICIAL,SRC-2NDE-MATHS-2026 | BO n°14 de 2026 — annexe,0,0,NO_CONTENT
MATHS,2NDE,COMMON,Géométrie,Vecteurs et problèmes de géométrie,MATHS.2NDE.GEO.caracterisations-de-la-colinearite-de-deux-vecteurs-non-nuls-nullite-d,Caractérisations de la colinéarité de deux vecteurs non nuls : nullité du déterminant ; proportionnalité des coordonnées,PROVEN_OFFICIAL,SRC-2NDE-MATHS-2026 | BO n°14 de 2026 — annexe,0,0,NO_CONTENT
MATHS,2NDE,COMMON,Géométrie,Vecteurs et problèmes de géométrie,MATHS.2NDE.GEO.caracteriser-alignement-et-parallelisme-par-la-colinearite-de-vecteurs,Caractériser alignement et parallélisme par la colinéarité de vecteurs,PROVEN_OFFICIAL,SRC-2NDE-MATHS-2026 | BO n°14 de 2026 — annexe,0,0,NO_CONTENT
MATHS,2NDE,COMMON,Géométrie,Vecteurs et problèmes de géométrie,MATHS.2NDE.GEO.demontrer-que-le-point-de-concours-des-mediatrices-est-le-centre-du-ce,Démontrer que le point de concours des médiatrices est le centre du cercle circonscrit,PROVEN_OFFICIAL,SRC-2NDE-MATHS-2026 | BO n°14 de 2026 — annexe,0,0,NO_CONTENT
MATHS,2NDE,COMMON,Géométrie,Vecteurs et problèmes de géométrie,MATHS.2NDE.GEO.demontrer-que-les-hauteurs-dun-triangle-sont-concourantes,Démontrer que les hauteurs d’un triangle sont concourantes,PROVEN_OFFICIAL,SRC-2NDE-MATHS-2026 | BO n°14 de 2026 — annexe,0,0,NO_CONTENT
MATHS,2NDE,COMMON,Géométrie,Vecteurs et problèmes de géométrie,MATHS.2NDE.GEO.demontrer-que-lisobarycentre-de-trois-points-non-alignes-est-lintersec,Démontrer que l’isobarycentre de trois points non alignés est l’intersection des médianes,PROVEN_OFFICIAL,SRC-2NDE-MATHS-2026 | BO n°14 de 2026 — annexe,0,0,NO_CONTENT
MATHS,2NDE,COMMON,Géométrie,Vecteurs et problèmes de géométrie,MATHS.2NDE.GEO.determinant-de-deux-vecteurs-dans-une-base-orthonormee-critere-de-coli,"Déterminant de deux vecteurs dans une base orthonormée, critère de colinéarité. Application à l’alignement, au parallélisme",PROVEN_OFFICIAL,SRC-2NDE-MATHS-2026 | BO n°14 de 2026 — annexe,0,0,NO_CONTENT
MATHS,2NDE,COMMON,Géométrie,Vecteurs et problèmes de géométrie,MATHS.2NDE.GEO.egalite-de-deux-vecteurs-notation-u-vecteur-nul,Égalité de deux vecteurs. Notation 𝑢⃗ . Vecteur nul,PROVEN_OFFICIAL,SRC-2NDE-MATHS-2026 | BO n°14 de 2026 — annexe,0,0,NO_CONTENT
MATHS,2NDE,COMMON,Géométrie,Vecteurs et problèmes de géométrie,MATHS.2NDE.GEO.expression-de-laire-dun-triangle-1-2-ab-sin-c,Expression de l’aire d’un triangle : 1 2 ab sin C,PROVEN_OFFICIAL,SRC-2NDE-MATHS-2026 | BO n°14 de 2026 — annexe,0,0,NO_CONTENT
MATHS,2NDE,COMMON,Géométrie,Vecteurs et problèmes de géométrie,MATHS.2NDE.GEO.expression-des-coordonnees-de-ab-en-fonction-de-celles-de-a-et-de-b,Expression des coordonnées de AB⃗⃗⃗⃗⃗ en fonction de celles de A et de B,PROVEN_OFFICIAL,SRC-2NDE-MATHS-2026 | BO n°14 de 2026 — annexe,0,0,NO_CONTENT
MATHS,2NDE,COMMON,Géométrie,Vecteurs et problèmes de géométrie,MATHS.2NDE.GEO.formule-permettant-le-calcul-des-coordonnees-du-milieu-dun-segment,Formule permettant le calcul des coordonnées du milieu d’un segment,PROVEN_OFFICIAL,SRC-2NDE-MATHS-2026 | BO n°14 de 2026 — annexe,0,0,NO_CONTENT
MATHS,2NDE,COMMON,Géométrie,Vecteurs et problèmes de géométrie,MATHS.2NDE.GEO.produit-dun-vecteur-par-un-nombre-reel-colinearite-de-deux-vecteurs,Produit d’un vecteur par un nombre réel. Colinéarité de deux vecteurs,PROVEN_OFFICIAL,SRC-2NDE-MATHS-2026 | BO n°14 de 2026 — annexe,0,0,NO_CONTENT
MATHS,2NDE,COMMON,Géométrie,Vecteurs et problèmes de géométrie,MATHS.2NDE.GEO.representants-dun-vecteur,Représentants d’un vecteur,PROVEN_OFFICIAL,SRC-2NDE-MATHS-2026 | BO n°14 de 2026 — annexe,0,0,NO_CONTENT
MATHS,2NDE,COMMON,Géométrie,Vecteurs et problèmes de géométrie,MATHS.2NDE.GEO.representation-dun-vecteur-comme-combinaison-de-deux-vecteurs-non-coli,Représentation d’un vecteur comme combinaison de deux vecteurs non colinéaires,PROVEN_OFFICIAL,SRC-2NDE-MATHS-2026 | BO n°14 de 2026 — annexe,0,0,NO_CONTENT
MATHS,2NDE,COMMON,Géométrie,Vecteurs et problèmes de géométrie,MATHS.2NDE.GEO.representer-la-somme-de-deux-vecteurs-a-partir-de-representants-de-mem,Représenter la somme de deux vecteurs à partir de représentants de même origine,PROVEN_OFFICIAL,SRC-2NDE-MATHS-2026 | BO n°14 de 2026 — annexe,0,0,NO_CONTENT
MATHS,2NDE,COMMON,Géométrie,Vecteurs et problèmes de géométrie,MATHS.2NDE.GEO.representer-un-vecteur-dont-on-connait-les-coordonnees-lire-les-coordo,Représenter un vecteur dont on connait les coordonnées. Lire les coordonnées d’un vecteur,PROVEN_OFFICIAL,SRC-2NDE-MATHS-2026 | BO n°14 de 2026 — annexe,0,0,NO_CONTENT
MATHS,2NDE,COMMON,Géométrie,Vecteurs et problèmes de géométrie,MATHS.2NDE.GEO.resoudre-des-problemes-avec-des-methodes-diverses-methodes-vectorielle,"Résoudre des problèmes avec des méthodes diverses (méthodes vectorielles, repérées ou non, méthodes géométriques)",PROVEN_OFFICIAL,SRC-2NDE-MATHS-2026 | BO n°14 de 2026 — annexe,0,0,NO_CONTENT
MATHS,2NDE,COMMON,Géométrie,Vecteurs et problèmes de géométrie,MATHS.2NDE.GEO.resoudre-des-problemes-en-utilisant-la-representation-la-plus-adaptee,Résoudre des problèmes en utilisant la représentation la plus adaptée des vecteurs,PROVEN_OFFICIAL,SRC-2NDE-MATHS-2026 | BO n°14 de 2026 — annexe,0,0,NO_CONTENT
MATHS,2NDE,COMMON,"Nombres et calculs, algèbre",Algèbre,MATHS.2NDE.NCA.choisir-la-forme-la-plus-adaptee-factorisee-developpee-reduite-dune-ex,"Choisir la forme la plus adaptée (factorisée, développée réduite) d’une expression en vue de la résolution d’un problème",PROVEN_OFFICIAL,SRC-2NDE-MATHS-2026 | BO n°14 de 2026 — annexe,0,0,NO_CONTENT
MATHS,2NDE,COMMON,"Nombres et calculs, algèbre",Algèbre,MATHS.2NDE.NCA.comparaison-additive-par-difference-comparaison-multiplicative-par-rap,"Comparaison additive (par différence), comparaison multiplicative (par rapport, pour deux nombres strictement positifs)",PROVEN_OFFICIAL,SRC-2NDE-MATHS-2026 | BO n°14 de 2026 — annexe,0,0,NO_CONTENT
MATHS,2NDE,COMMON,"Nombres et calculs, algèbre",Algèbre,MATHS.2NDE.NCA.comparer-deux-quantites-en-utilisant-leur-difference-ou-leur-rapport-r,"Comparer deux quantités en utilisant leur différence, ou leur rapport (ratio) dans le cas de quantités positives. Interpréter, selon le contexte, cette…",PROVEN_OFFICIAL,SRC-2NDE-MATHS-2026 | BO n°14 de 2026 — annexe,0,0,NO_CONTENT
MATHS,2NDE,COMMON,"Nombres et calculs, algèbre",Algèbre,MATHS.2NDE.NCA.developpement-de-a-b-3,Développement de (a + b)³,PROVEN_OFFICIAL,SRC-2NDE-MATHS-2026 | BO n°14 de 2026 — annexe,0,0,NO_CONTENT
MATHS,2NDE,COMMON,"Nombres et calculs, algèbre",Algèbre,MATHS.2NDE.NCA.developpement-de-a-b-c-2,Développement de (a + b + c)²,PROVEN_OFFICIAL,SRC-2NDE-MATHS-2026 | BO n°14 de 2026 — annexe,0,0,NO_CONTENT
MATHS,2NDE,COMMON,"Nombres et calculs, algèbre",Algèbre,MATHS.2NDE.NCA.donner-lensemble-des-solutions-dune-equation-du-premier-degre-du-type,"Donner l’ensemble des solutions d’une équation du premier degré du type a𝑥 = b, a + 𝑥 = b, a𝑥 + b = c𝑥 + d, d’une inéquation du premier degré du type a ⩾ b, a…",PROVEN_OFFICIAL,SRC-2NDE-MATHS-2026 | BO n°14 de 2026 — annexe,0,0,NO_CONTENT
MATHS,2NDE,COMMON,"Nombres et calculs, algèbre",Algèbre,MATHS.2NDE.NCA.effectuer-des-calculs-numeriques-ou-litteraux-mettant-en-jeu-des-puiss,"Effectuer des calculs numériques ou littéraux mettant en jeu des puissances, des racines carrées, des écritures fractionnaires",PROVEN_OFFICIAL,SRC-2NDE-MATHS-2026 | BO n°14 de 2026 — annexe,0,0,NO_CONTENT
MATHS,2NDE,COMMON,"Nombres et calculs, algèbre",Algèbre,MATHS.2NDE.NCA.en-liaison-avec-la-section-fonctions-etude-du-signe-des-expressions-de,"En liaison avec la section « Fonctions », étude du signe des expressions de la forme A(𝑥)B(𝑥) et A(𝑥) B(𝑥)",PROVEN_OFFICIAL,SRC-2NDE-MATHS-2026 | BO n°14 de 2026 — annexe,0,0,NO_CONTENT
MATHS,2NDE,COMMON,"Nombres et calculs, algèbre",Algèbre,MATHS.2NDE.NCA.ensemble-des-solutions-des-equations-du-type-ax-b-0-et-des-inequations,"Ensemble des solutions des équations du type a𝑥 + b = 0, et des inéquations de la forme a𝑥 + b > 0",PROVEN_OFFICIAL,SRC-2NDE-MATHS-2026 | BO n°14 de 2026 — annexe,0,0,NO_CONTENT
MATHS,2NDE,COMMON,"Nombres et calculs, algèbre",Algèbre,MATHS.2NDE.NCA.equation-a-x-b-x-k-equation-quotient-en-lien-avec-lensemble-de-definit,Équation A(𝑥) B(𝑥) = k (équation quotient) en lien avec l’ensemble de définition d’une expression,PROVEN_OFFICIAL,SRC-2NDE-MATHS-2026 | BO n°14 de 2026 — annexe,0,0,NO_CONTENT
MATHS,2NDE,COMMON,"Nombres et calculs, algèbre",Algèbre,MATHS.2NDE.NCA.equation-de-la-forme-a-x-b-x-0-equation-produit-nul,Équation de la forme A(𝑥)B(𝑥) = 0 (équation produit nul),PROVEN_OFFICIAL,SRC-2NDE-MATHS-2026 | BO n°14 de 2026 — annexe,0,0,NO_CONTENT
MATHS,2NDE,COMMON,"Nombres et calculs, algèbre",Algèbre,MATHS.2NDE.NCA.exemples-simples-de-calcul-sur-des-expressions-algebriques-en-particul,"Exemples simples de calcul sur des expressions algébriques, en particulier sur des expressions fractionnaires",PROVEN_OFFICIAL,SRC-2NDE-MATHS-2026 | BO n°14 de 2026 — annexe,0,0,NO_CONTENT
MATHS,2NDE,COMMON,"Nombres et calculs, algèbre",Algèbre,MATHS.2NDE.NCA.inegalite-entre-moyennes-geometrique-et-arithmetique-de-deux-reels-str,Inégalité entre moyennes géométrique et arithmétique de deux réels strictement positifs,PROVEN_OFFICIAL,SRC-2NDE-MATHS-2026 | BO n°14 de 2026 — annexe,0,0,NO_CONTENT
MATHS,2NDE,COMMON,"Nombres et calculs, algèbre",Algèbre,MATHS.2NDE.NCA.modeliser-un-probleme-par-une-inequation,Modéliser un problème par une inéquation,PROVEN_OFFICIAL,SRC-2NDE-MATHS-2026 | BO n°14 de 2026 — annexe,0,0,NO_CONTENT
MATHS,2NDE,COMMON,"Nombres et calculs, algèbre",Algèbre,MATHS.2NDE.NCA.quels-que-soient-les-reels-positifs-a-et-b-on-a-ab-a-b,"Quels que soient les réels positifs a et b, on a √ab = √a √b",PROVEN_OFFICIAL,SRC-2NDE-MATHS-2026 | BO n°14 de 2026 — annexe,0,0,NO_CONTENT
MATHS,2NDE,COMMON,"Nombres et calculs, algèbre",Algèbre,MATHS.2NDE.NCA.regles-de-calcul-sur-les-puissances-entieres-relatives-sur-les-racines,"Règles de calcul sur les puissances entières relatives, sur les racines carrées. Relation √a2 = |a|",PROVEN_OFFICIAL,SRC-2NDE-MATHS-2026 | BO n°14 de 2026 — annexe,0,0,NO_CONTENT
MATHS,2NDE,COMMON,"Nombres et calculs, algèbre",Algèbre,MATHS.2NDE.NCA.somme-dinegalites-produit-dune-inegalite-par-un-reel-positif-negatif-e,"Somme d’inégalités. Produit d’une inégalité par un réel positif, négatif, en liaison avec le sens de variation d’une fonction affine",PROVEN_OFFICIAL,SRC-2NDE-MATHS-2026 | BO n°14 de 2026 — annexe,0,0,NO_CONTENT
MATHS,2NDE,COMMON,"Nombres et calculs, algèbre",Algèbre,MATHS.2NDE.NCA.sur-des-cas-simples-de-relations-entre-variables-par-exemple-u-ri-d-vt,"Sur des cas simples de relations entre variables (par exemple U = RI, d =vt, S = πr², V = abc, V = πr²h, exprimer une variable en fonction des autres. Cas…",PROVEN_OFFICIAL,SRC-2NDE-MATHS-2026 | BO n°14 de 2026 — annexe,0,0,NO_CONTENT
MATHS,2NDE,COMMON,"Nombres et calculs, algèbre",Arithmétique,MATHS.2NDE.NCA.definition-des-notions-de-multiple-de-diviseur-de-nombre-pair-de-nombr,"Définition des notions de multiple, de diviseur, de nombre pair, de nombre impair : a est multiple de b s’il existe un entier k tel que a = kb",PROVEN_OFFICIAL,SRC-2NDE-MATHS-2026 | BO n°14 de 2026 — annexe,0,0,NO_CONTENT
MATHS,2NDE,COMMON,"Nombres et calculs, algèbre",Arithmétique,MATHS.2NDE.NCA.le-carre-dun-nombre-impair-est-impair,Le carré d’un nombre impair est impair,PROVEN_OFFICIAL,SRC-2NDE-MATHS-2026 | BO n°14 de 2026 — annexe,0,0,NO_CONTENT
MATHS,2NDE,COMMON,"Nombres et calculs, algèbre",Arithmétique,MATHS.2NDE.NCA.modeliser-et-resoudre-des-problemes-mobilisant-les-notions-de-multiple,"Modéliser et résoudre des problèmes mobilisant les notions de multiple, de diviseur, de nombre pair, de nombre impair",PROVEN_OFFICIAL,SRC-2NDE-MATHS-2026 | BO n°14 de 2026 — annexe,0,0,NO_CONTENT
MATHS,2NDE,COMMON,"Nombres et calculs, algèbre",Arithmétique,MATHS.2NDE.NCA.notations-n-et-z,Notations ℕ et ℤ,PROVEN_OFFICIAL,SRC-2NDE-MATHS-2026 | BO n°14 de 2026 — annexe,0,0,NO_CONTENT
MATHS,2NDE,COMMON,"Nombres et calculs, algèbre",Arithmétique,MATHS.2NDE.NCA.pour-une-valeur-numerique-de-a-la-somme-de-deux-multiples-de-a-est-mul,"Pour une valeur numérique de a, la somme de deux multiples de a est multiple de a",PROVEN_OFFICIAL,SRC-2NDE-MATHS-2026 | BO n°14 de 2026 — annexe,0,0,NO_CONTENT
MATHS,2NDE,COMMON,"Nombres et calculs, algèbre",Arithmétique,MATHS.2NDE.NCA.presenter-les-fractions-sous-forme-irreductible,Présenter les fractions sous forme irréductible,PROVEN_OFFICIAL,SRC-2NDE-MATHS-2026 | BO n°14 de 2026 — annexe,0,0,NO_CONTENT
MATHS,2NDE,COMMON,"Nombres et calculs, algèbre",Nombres réels,MATHS.2NDE.NCA.dans-le-cadre-de-la-resolution-de-problemes-arrondir-en-donnant-le-nom,"Dans le cadre de la résolution de problèmes, arrondir en donnant le nombre de chiffres significatifs adapté à la situation étudiée",PROVEN_OFFICIAL,SRC-2NDE-MATHS-2026 | BO n°14 de 2026 — annexe,0,0,NO_CONTENT
MATHS,2NDE,COMMON,"Nombres et calculs, algèbre",Nombres réels,MATHS.2NDE.NCA.developpement-decimal-illimite-dun-nombre-reel,Développement décimal illimité d’un nombre réel,PROVEN_OFFICIAL,SRC-2NDE-MATHS-2026 | BO n°14 de 2026 — annexe,0,0,NO_CONTENT
MATHS,2NDE,COMMON,"Nombres et calculs, algèbre",Nombres réels,MATHS.2NDE.NCA.donner-un-encadrement-damplitude-donnee-dun-nombre-reel-par-des-decima,"Donner un encadrement, d’amplitude donnée, d’un nombre réel par des décimaux",PROVEN_OFFICIAL,SRC-2NDE-MATHS-2026 | BO n°14 de 2026 — annexe,0,0,NO_CONTENT
MATHS,2NDE,COMMON,"Nombres et calculs, algèbre",Nombres réels,MATHS.2NDE.NCA.ensemble-d-des-nombres-decimaux-encadrement-decimal-dun-nombre-reel-a,Ensemble 𝔻 des nombres décimaux. Encadrement décimal d’un nombre réel à 10–𝑛 près,PROVEN_OFFICIAL,SRC-2NDE-MATHS-2026 | BO n°14 de 2026 — annexe,0,0,NO_CONTENT
MATHS,2NDE,COMMON,"Nombres et calculs, algèbre",Nombres réels,MATHS.2NDE.NCA.ensemble-q-des-nombres-rationnels-nombres-irrationnels-exemples-fourni,"Ensemble ℚ des nombres rationnels. Nombres irrationnels ; exemples fournis par la géométrie, par exemple √2 et π",PROVEN_OFFICIAL,SRC-2NDE-MATHS-2026 | BO n°14 de 2026 — annexe,0,0,NO_CONTENT
MATHS,2NDE,COMMON,"Nombres et calculs, algèbre",Nombres réels,MATHS.2NDE.NCA.ensemble-r-des-nombres-reels-droite-numerique,"Ensemble ℝ des nombres réels, droite numérique",PROVEN_OFFICIAL,SRC-2NDE-MATHS-2026 | BO n°14 de 2026 — annexe,0,0,NO_CONTENT
MATHS,2NDE,COMMON,"Nombres et calculs, algèbre",Nombres réels,MATHS.2NDE.NCA.inequation-du-type-x-a-r-representation-graphique-des-solutions-interv,"Inéquation du type |𝑥 – a| ⩽ r. Représentation graphique des solutions, intervalle [a – r, a + r]",PROVEN_OFFICIAL,SRC-2NDE-MATHS-2026 | BO n°14 de 2026 — annexe,0,0,NO_CONTENT
MATHS,2NDE,COMMON,"Nombres et calculs, algèbre",Nombres réels,MATHS.2NDE.NCA.intervalles-de-r-representation-graphique-notations-du-type-a-a-a-b-et,"Intervalles de ℝ. Représentation graphique, notations du type [a, +∞[, ] –∞, a], [a, b], etc",PROVEN_OFFICIAL,SRC-2NDE-MATHS-2026 | BO n°14 de 2026 — annexe,0,0,NO_CONTENT
MATHS,2NDE,COMMON,"Nombres et calculs, algèbre",Nombres réels,MATHS.2NDE.NCA.le-nombre-rationnel-1-3-nest-pas-decimal,Le nombre rationnel 1 3 n’est pas décimal,PROVEN_OFFICIAL,SRC-2NDE-MATHS-2026 | BO n°14 de 2026 — annexe,0,0,NO_CONTENT
MATHS,2NDE,COMMON,"Nombres et calculs, algèbre",Nombres réels,MATHS.2NDE.NCA.le-nombre-reel-2-est-irrationnel,Le nombre réel √2 est irrationnel,PROVEN_OFFICIAL,SRC-2NDE-MATHS-2026 | BO n°14 de 2026 — annexe,0,0,NO_CONTENT
MATHS,2NDE,COMMON,"Nombres et calculs, algèbre",Nombres réels,MATHS.2NDE.NCA.lire-labscisse-dun-nombre-reel-sur-une-droite-graduee-et-placer-un-nom,Lire l’abscisse d’un nombre réel sur une droite graduée et placer un nombre réel d’abscisse donnée,PROVEN_OFFICIAL,SRC-2NDE-MATHS-2026 | BO n°14 de 2026 — annexe,0,0,NO_CONTENT
MATHS,2NDE,COMMON,"Nombres et calculs, algèbre",Nombres réels,MATHS.2NDE.NCA.notation-en-valeur-absolue-a-pour-la-distance-de-a-a-0-distance-entre,Notation en valeur absolue |a| pour la distance de a à 0. Distance entre deux nombres réels,PROVEN_OFFICIAL,SRC-2NDE-MATHS-2026 | BO n°14 de 2026 — annexe,0,0,NO_CONTENT
MATHS,2NDE,COMMON,"Nombres et calculs, algèbre",Nombres réels,MATHS.2NDE.NCA.observation-sur-des-exemples-de-la-periodicite-du-developpement-decima,"Observation, sur des exemples, de la périodicité du développement décimal de nombres rationnels",PROVEN_OFFICIAL,SRC-2NDE-MATHS-2026 | BO n°14 de 2026 — annexe,0,0,NO_CONTENT
MATHS,2NDE,COMMON,"Nombres et calculs, algèbre",Nombres réels,MATHS.2NDE.NCA.representer-un-intervalle-de-la-droite-numerique-determiner-si-un-nomb,Représenter un intervalle de la droite numérique. Déterminer si un nombre réel appartient à un intervalle donné,PROVEN_OFFICIAL,SRC-2NDE-MATHS-2026 | BO n°14 de 2026 — annexe,0,0,NO_CONTENT
MATHS,2NDE,COMMON,Statistiques et probabilités,Croisement de deux variables qualitatives,MATHS.2NDE.SP.calculer-des-frequences-conditionnelles-et-des-frequences-marginales,Calculer des fréquences conditionnelles et des fréquences marginales,PROVEN_OFFICIAL,SRC-2NDE-MATHS-2026 | BO n°14 de 2026 — annexe,0,0,NO_CONTENT
MATHS,2NDE,COMMON,Statistiques et probabilités,Croisement de deux variables qualitatives,MATHS.2NDE.SP.completer-un-tableau-croise-par-des-raisonnements-sur-les-effectifs-ou,Compléter un tableau croisé par des raisonnements sur les effectifs ou en utilisant des fréquences conditionnelles,PROVEN_OFFICIAL,SRC-2NDE-MATHS-2026 | BO n°14 de 2026 — annexe,0,0,NO_CONTENT
MATHS,2NDE,COMMON,Statistiques et probabilités,Croisement de deux variables qualitatives,MATHS.2NDE.SP.frequence-conditionnelle-frequence-marginale,"Fréquence conditionnelle, fréquence marginale",PROVEN_OFFICIAL,SRC-2NDE-MATHS-2026 | BO n°14 de 2026 — annexe,0,0,NO_CONTENT
MATHS,2NDE,COMMON,Statistiques et probabilités,Croisement de deux variables qualitatives,MATHS.2NDE.SP.tableau-croise-deffectifs,Tableau croisé d’effectifs,PROVEN_OFFICIAL,SRC-2NDE-MATHS-2026 | BO n°14 de 2026 — annexe,0,0,NO_CONTENT
MATHS,2NDE,COMMON,Statistiques et probabilités,Information chiffrée et statistique descriptive,MATHS.2NDE.SP.calcul-de-la-moyenne-a-partir-de-la-moyenne-et-des-effectifs-de-chaque,Calcul de la moyenne à partir de la moyenne et des effectifs de chaque classe (moyenne pondérée) ; cas particulier où la répartition est uniforme dans chaque…,PROVEN_OFFICIAL,SRC-2NDE-MATHS-2026 | BO n°14 de 2026 — annexe,0,0,NO_CONTENT
MATHS,2NDE,COMMON,Statistiques et probabilités,Information chiffrée et statistique descriptive,MATHS.2NDE.SP.calculer-le-taux-devolution-global-a-partir-des-taux-devolution-succes,Calculer le taux d’évolution global à partir des taux d’évolution successifs. Calculer un taux d’évolution réciproque,PROVEN_OFFICIAL,SRC-2NDE-MATHS-2026 | BO n°14 de 2026 — annexe,0,0,NO_CONTENT
MATHS,2NDE,COMMON,Statistiques et probabilités,Information chiffrée et statistique descriptive,MATHS.2NDE.SP.decrire-les-differences-entre-deux-series-statistiques-en-sappuyant-su,"Décrire les différences entre deux séries statistiques, en s’appuyant sur des indicateurs ou couples d’indicateurs …",PROVEN_OFFICIAL,SRC-2NDE-MATHS-2026 | BO n°14 de 2026 — annexe,0,0,NO_CONTENT
MATHS,2NDE,COMMON,Statistiques et probabilités,Information chiffrée et statistique descriptive,MATHS.2NDE.SP.determination-de-la-classe-mediane-a-partir-des-effectifs-des-classes,Détermination de la classe médiane à partir des effectifs des classes ; estimation de la médiane dans le cas de répartition uniforme dans la classe médiane,PROVEN_OFFICIAL,SRC-2NDE-MATHS-2026 | BO n°14 de 2026 — annexe,0,0,NO_CONTENT
MATHS,2NDE,COMMON,Statistiques et probabilités,Information chiffrée et statistique descriptive,MATHS.2NDE.SP.ensembles-de-reference-inclus-les-uns-dans-les-autres-pourcentage-de-p,Ensembles de référence inclus les uns dans les autres : pourcentage de pourcentage,PROVEN_OFFICIAL,SRC-2NDE-MATHS-2026 | BO n°14 de 2026 — annexe,0,0,NO_CONTENT
MATHS,2NDE,COMMON,Statistiques et probabilités,Information chiffrée et statistique descriptive,MATHS.2NDE.SP.evolution-variation-absolue-variation-additive-v2-v1-coefficient-multi,"Évolution : variation absolue (variation additive) V2 – V1, coefficient multiplicateur (variation multiplicative)",PROVEN_OFFICIAL,SRC-2NDE-MATHS-2026 | BO n°14 de 2026 — annexe,0,0,NO_CONTENT
MATHS,2NDE,COMMON,Statistiques et probabilités,Information chiffrée et statistique descriptive,MATHS.2NDE.SP.evolutions-successives-evolution-reciproque-relation-sur-les-coefficie,"Évolutions successives, évolution réciproque : relation sur les coefficients multiplicateurs (produit, inverse)",PROVEN_OFFICIAL,SRC-2NDE-MATHS-2026 | BO n°14 de 2026 — annexe,0,0,NO_CONTENT
MATHS,2NDE,COMMON,Statistiques et probabilités,Information chiffrée et statistique descriptive,MATHS.2NDE.SP.exploiter-la-relation-entre-deux-valeurs-successives-et-leur-taux-devo,Exploiter la relation entre deux valeurs successives et leur taux d’évolution,PROVEN_OFFICIAL,SRC-2NDE-MATHS-2026 | BO n°14 de 2026 — annexe,0,0,NO_CONTENT
MATHS,2NDE,COMMON,Statistiques et probabilités,Information chiffrée et statistique descriptive,MATHS.2NDE.SP.exploiter-la-relation-entre-effectifs-proportions-et-pourcentages,"Exploiter la relation entre effectifs, proportions et pourcentages",PROVEN_OFFICIAL,SRC-2NDE-MATHS-2026 | BO n°14 de 2026 — annexe,0,0,NO_CONTENT
MATHS,2NDE,COMMON,Statistiques et probabilités,Information chiffrée et statistique descriptive,MATHS.2NDE.SP.indicateurs-de-dispersion-ecart-type,Indicateurs de dispersion : écart type,PROVEN_OFFICIAL,SRC-2NDE-MATHS-2026 | BO n°14 de 2026 — annexe,0,0,NO_CONTENT
MATHS,2NDE,COMMON,Statistiques et probabilités,Information chiffrée et statistique descriptive,MATHS.2NDE.SP.influence-sur-la-moyenne-la-mediane-de-lajout-ou-de-la-suppression-dun,"Influence sur la moyenne, la médiane de l’ajout ou de la suppression d’une valeur dans la série",PROVEN_OFFICIAL,SRC-2NDE-MATHS-2026 | BO n°14 de 2026 — annexe,0,0,NO_CONTENT
MATHS,2NDE,COMMON,Statistiques et probabilités,Information chiffrée et statistique descriptive,MATHS.2NDE.SP.linearite-de-la-moyenne,Linéarité de la moyenne,PROVEN_OFFICIAL,SRC-2NDE-MATHS-2026 | BO n°14 de 2026 — annexe,0,0,NO_CONTENT
MATHS,2NDE,COMMON,Statistiques et probabilités,Information chiffrée et statistique descriptive,MATHS.2NDE.SP.pour-une-serie-statistique-regroupee-en-classes-calculer-la-moyenne-a,Pour une série statistique regroupée en classes : • calculer la moyenne à partir de la moyenne et des effectifs de chaque classe (moyenne pondérée) ; cas…,PROVEN_OFFICIAL,SRC-2NDE-MATHS-2026 | BO n°14 de 2026 — annexe,0,0,NO_CONTENT
MATHS,2NDE,COMMON,Statistiques et probabilités,Information chiffrée et statistique descriptive,MATHS.2NDE.SP.representation-graphique-histogramme-polygone-des-frequences-cumulees,"Représentation graphique : histogramme, polygone des fréquences cumulées",PROVEN_OFFICIAL,SRC-2NDE-MATHS-2026 | BO n°14 de 2026 — annexe,0,0,NO_CONTENT
MATHS,2NDE,COMMON,Statistiques et probabilités,Information chiffrée et statistique descriptive,MATHS.2NDE.SP.traiter-des-situations-simples-mettant-en-jeu-des-pourcentages-de-pour,Traiter des situations simples mettant en jeu des pourcentages de pourcentages,PROVEN_OFFICIAL,SRC-2NDE-MATHS-2026 | BO n°14 de 2026 — annexe,0,0,NO_CONTENT
MATHS,2NDE,COMMON,Statistiques et probabilités,Probabilités,MATHS.2NDE.SP.arbres-de-probabilite-application-au-calcul-de-probabilites,"Arbres de probabilité, application au calcul de probabilités",PROVEN_OFFICIAL,SRC-2NDE-MATHS-2026 | BO n°14 de 2026 — annexe,0,0,NO_CONTENT
MATHS,2NDE,COMMON,Statistiques et probabilités,Probabilités,MATHS.2NDE.SP.calculer-des-probabilites-conditionnelles-lorsque-les-evenements-sont,Calculer des probabilités conditionnelles lorsque les évènements sont présentés sous forme de tableau croisé d’effectifs (tirage au sort avec équiprobabilité…,PROVEN_OFFICIAL,SRC-2NDE-MATHS-2026 | BO n°14 de 2026 — annexe,0,0,NO_CONTENT
MATHS,2NDE,COMMON,Statistiques et probabilités,Probabilités,MATHS.2NDE.SP.construire-un-arbre-pondere-ou-un-tableau-en-lien-avec-une-situation-d,Construire un arbre pondéré ou un tableau en lien avec une situation donnée. Passer du registre de la langue naturelle au registre symbolique et inversement,PROVEN_OFFICIAL,SRC-2NDE-MATHS-2026 | BO n°14 de 2026 — annexe,0,0,NO_CONTENT
MATHS,2NDE,COMMON,Statistiques et probabilités,Probabilités,MATHS.2NDE.SP.distinguer-en-situation-pa-b-et-pb-a-par-exemple-dans-des-situations-d,"Distinguer en situation PA(B) et PB(A), par exemple dans des situations de type « faux positifs",PROVEN_OFFICIAL,SRC-2NDE-MATHS-2026 | BO n°14 de 2026 — annexe,0,0,NO_CONTENT
MATHS,2NDE,COMMON,Statistiques et probabilités,Probabilités,MATHS.2NDE.SP.faire-le-lien-entre-la-definition-des-probabilites-conditionnelles-et,Faire le lien entre la définition des probabilités conditionnelles et la multiplication des probabilités des branches du chemin correspondant,PROVEN_OFFICIAL,SRC-2NDE-MATHS-2026 | BO n°14 de 2026 — annexe,0,0,NO_CONTENT
MATHS,2NDE,COMMON,Statistiques et probabilités,Probabilités,MATHS.2NDE.SP.interpreter-les-ponderations-de-chaque-branche-dun-arbre-en-termes-de,"Interpréter les pondérations de chaque branche d’un arbre en termes de probabilités, et notamment de probabilités conditionnelles",PROVEN_OFFICIAL,SRC-2NDE-MATHS-2026 | BO n°14 de 2026 — annexe,0,0,NO_CONTENT
MATHS,2NDE,COMMON,Statistiques et probabilités,Probabilités,MATHS.2NDE.SP.observer-la-loi-des-grands-nombres-a-laide-dune-simulation-sur-python,Observer la loi des grands nombres à l’aide d’une simulation sur Python ou tableur,PROVEN_OFFICIAL,SRC-2NDE-MATHS-2026 | BO n°14 de 2026 — annexe,0,0,NO_CONTENT
MATHS,2NDE,COMMON,Statistiques et probabilités,Probabilités,MATHS.2NDE.SP.probabilite-conditionnelle-dun-evenement-b-sachant-un-evenement-a-de-p,Probabilité conditionnelle d’un évènement B sachant un évènement A de probabilité non nulle. Notation PA(B),PROVEN_OFFICIAL,SRC-2NDE-MATHS-2026 | BO n°14 de 2026 — annexe,0,0,NO_CONTENT
MATHS,2NDE,COMMON,Statistiques et probabilités,Probabilités,MATHS.2NDE.SP.version-vulgarisee-de-la-loi-des-grands-nombres-lorsque-n-est-grand-sa,"Version vulgarisée de la loi des grands nombres : « Lorsque n est grand, sauf exception, la fréquence observée est proche de la probabilité. »",PROVEN_OFFICIAL,SRC-2NDE-MATHS-2026 | BO n°14 de 2026 — annexe,0,0,NO_CONTENT
MATHS,1RE,MATHS_SPECIFIQUES_1RE,Analyse de l'information chiffrée,Analyse de l'information chiffrée,MATHS.1RE.EAIC.determiner-et-utiliser-un-ajustement-affine-pour-interpoler-ou-extrapo,Déterminer et utiliser un ajustement affine pour interpoler ou extrapoler des valeurs inconnues,PROVEN_OFFICIAL,SRC-1RE-MATHS-ES-2026 | BO n°14 de 2026 — annexe,0,0,NO_CONTENT
MATHS,1RE,MATHS_SPECIFIQUES_1RE,Analyse de l'information chiffrée,Analyse de l'information chiffrée,MATHS.1RE.EAIC.savoir-calculer-les-coordonnees-dun-point-moyen,Savoir calculer les coordonnées d’un point moyen,PROVEN_OFFICIAL,SRC-1RE-MATHS-ES-2026 | BO n°14 de 2026 — annexe,0,0,NO_CONTENT
MATHS,1RE,MATHS_SPECIFIQUES_1RE,Analyse de l'information chiffrée,Analyse de l'information chiffrée,MATHS.1RE.EAIC.utiliser-un-tableur-pour-representer-des-donnees-sous-forme-de-tableau,Utiliser un tableur pour représenter des données sous forme de tableau ou de diagramme,PROVEN_OFFICIAL,SRC-1RE-MATHS-ES-2026 | BO n°14 de 2026 — annexe,0,0,NO_CONTENT
MATHS,1RE,MATHS_SPECIFIQUES_1RE,Phénomènes aléatoires,Phénomènes aléatoires,MATHS.1RE.EALEA.calculer-des-probabilites-conditionnelles-a-l-aide-d-un-tableau-croise,Calculer des probabilités conditionnelles à l'aide d'un tableau croisé d'effectifs ou d'un arbre pondéré,PROVEN_OFFICIAL,SRC-1RE-MATHS-ES-2026 | BO n°14 de 2026 — annexe,0,0,NO_CONTENT
MATHS,1RE,MATHS_SPECIFIQUES_1RE,Phénomènes aléatoires,Phénomènes aléatoires,MATHS.1RE.EALEA.representer-par-un-arbre-de-probabilites-la-repetition-de-n-epreuves-a,Représenter par un arbre de probabilités la répétition de n épreuves aléatoires identiques et indépendantes de Bernoulli avec n ⩽ 4 afin de calculer des…,PROVEN_OFFICIAL,SRC-1RE-MATHS-ES-2026 | BO n°14 de 2026 — annexe,0,0,NO_CONTENT
MATHS,1RE,MATHS_SPECIFIQUES_1RE,Phénomènes aléatoires,Phénomènes aléatoires,MATHS.1RE.EALEA.savoir-utiliser-ou-justifier-lindependance-de-deux-evenements,Savoir utiliser ou justifier l’indépendance de deux évènements,PROVEN_OFFICIAL,SRC-1RE-MATHS-ES-2026 | BO n°14 de 2026 — annexe,0,0,NO_CONTENT
MATHS,1RE,MATHS_SPECIFIQUES_1RE,Automatismes,Automatismes,MATHS.1RE.EAUTO.appliquer-un-taux-devolution-pour-calculer-une-valeur-finale-ou-initia,Appliquer un taux d’évolution pour calculer une valeur finale ou initiale,PROVEN_OFFICIAL,SRC-1RE-MATHS-ES-2026 | BO n°14 de 2026 — annexe,0,0,NO_CONTENT
MATHS,1RE,MATHS_SPECIFIQUES_1RE,Automatismes,Automatismes,MATHS.1RE.EAUTO.calculer-des-probabilites-conditionnelles-lorsque-les-evenements-sont,Calculer des probabilités conditionnelles lorsque les évènements sont présentés sous forme de tableau croisé d’effectifs ou d’arbres pondérés,PROVEN_OFFICIAL,SRC-1RE-MATHS-ES-2026 | BO n°14 de 2026 — annexe,0,0,NO_CONTENT
MATHS,1RE,MATHS_SPECIFIQUES_1RE,Automatismes,Automatismes,MATHS.1RE.EAUTO.calculer-et-interpreter-des-indicateurs-statistiques-pour-une-serie-st,Calculer et interpréter des indicateurs statistiques pour une série statistique,PROVEN_OFFICIAL,SRC-1RE-MATHS-ES-2026 | BO n°14 de 2026 — annexe,0,0,NO_CONTENT
MATHS,1RE,MATHS_SPECIFIQUES_1RE,Automatismes,Automatismes,MATHS.1RE.EAUTO.calculer-le-taux-devolution-equivalent-a-plusieurs-evolutions-successi,Calculer le taux d’évolution équivalent à plusieurs évolutions successives,PROVEN_OFFICIAL,SRC-1RE-MATHS-ES-2026 | BO n°14 de 2026 — annexe,0,0,NO_CONTENT
MATHS,1RE,MATHS_SPECIFIQUES_1RE,Automatismes,Automatismes,MATHS.1RE.EAUTO.calculer-un-taux-devolution-lexprimer-en-pourcentage,"Calculer un taux d’évolution, l’exprimer en pourcentage",PROVEN_OFFICIAL,SRC-1RE-MATHS-ES-2026 | BO n°14 de 2026 — annexe,0,0,NO_CONTENT
MATHS,1RE,MATHS_SPECIFIQUES_1RE,Automatismes,Automatismes,MATHS.1RE.EAUTO.calculer-un-taux-devolution-reciproque,Calculer un taux d’évolution réciproque,PROVEN_OFFICIAL,SRC-1RE-MATHS-ES-2026 | BO n°14 de 2026 — annexe,0,0,NO_CONTENT
MATHS,1RE,MATHS_SPECIFIQUES_1RE,Automatismes,Automatismes,MATHS.1RE.EAUTO.determiner-graphiquement-le-signe-dune-fonction-ou-son-tableau-de-vari,Déterminer graphiquement le signe d’une fonction ou son tableau de variations,PROVEN_OFFICIAL,SRC-1RE-MATHS-ES-2026 | BO n°14 de 2026 — annexe,0,0,NO_CONTENT
MATHS,1RE,MATHS_SPECIFIQUES_1RE,Automatismes,Automatismes,MATHS.1RE.EAUTO.determiner-le-coefficient-directeur-dune-droite-a-partir-des-coordonne,Déterminer le coefficient directeur d’une droite à partir des coordonnées de deux de ses points,PROVEN_OFFICIAL,SRC-1RE-MATHS-ES-2026 | BO n°14 de 2026 — annexe,0,0,NO_CONTENT
MATHS,1RE,MATHS_SPECIFIQUES_1RE,Automatismes,Automatismes,MATHS.1RE.EAUTO.determiner-le-signe-dune-expression-du-premier-degre-dune-expression-f,"Déterminer le signe d’une expression du premier degré, d’une expression factorisée du second degré",PROVEN_OFFICIAL,SRC-1RE-MATHS-ES-2026 | BO n°14 de 2026 — annexe,0,0,NO_CONTENT
MATHS,1RE,MATHS_SPECIFIQUES_1RE,Automatismes,Automatismes,MATHS.1RE.EAUTO.determiner-les-solutions-dune-equation-produit-nul,Déterminer les solutions d’une équation produit nul,PROVEN_OFFICIAL,SRC-1RE-MATHS-ES-2026 | BO n°14 de 2026 — annexe,0,0,NO_CONTENT
MATHS,1RE,MATHS_SPECIFIQUES_1RE,Automatismes,Automatismes,MATHS.1RE.EAUTO.developper-factoriser-reduire-une-expression-algebrique-simple,"Développer, factoriser, réduire une expression algébrique simple",PROVEN_OFFICIAL,SRC-1RE-MATHS-ES-2026 | BO n°14 de 2026 — annexe,0,0,NO_CONTENT
MATHS,1RE,MATHS_SPECIFIQUES_1RE,Automatismes,Automatismes,MATHS.1RE.EAUTO.distinguer-p-a-b-pa-b-pb-a,"Distinguer P(A ∩ B), PA (B), PB (A)",PROVEN_OFFICIAL,SRC-1RE-MATHS-ES-2026 | BO n°14 de 2026 — annexe,0,0,NO_CONTENT
MATHS,1RE,MATHS_SPECIFIQUES_1RE,Automatismes,Automatismes,MATHS.1RE.EAUTO.lire-graphiquement-lequation-reduite-dune-droite,Lire graphiquement l’équation réduite d’une droite,PROVEN_OFFICIAL,SRC-1RE-MATHS-ES-2026 | BO n°14 de 2026 — annexe,0,0,NO_CONTENT
MATHS,1RE,MATHS_SPECIFIQUES_1RE,Automatismes,Automatismes,MATHS.1RE.EAUTO.lire-un-graphique-un-histogramme-un-diagramme-en-barres-ou-circulaire,"Lire un graphique, un histogramme, un diagramme en barres ou circulaire, un diagramme en boite ou toute autre représentation (repérer l’origine du repère, les…",PROVEN_OFFICIAL,SRC-1RE-MATHS-ES-2026 | BO n°14 de 2026 — annexe,0,0,NO_CONTENT
MATHS,1RE,MATHS_SPECIFIQUES_1RE,Automatismes,Automatismes,MATHS.1RE.EAUTO.passer-du-graphique-aux-donnees-et-vice-versa,Passer du graphique aux données et vice-versa,PROVEN_OFFICIAL,SRC-1RE-MATHS-ES-2026 | BO n°14 de 2026 — annexe,0,0,NO_CONTENT
MATHS,1RE,MATHS_SPECIFIQUES_1RE,Automatismes,Automatismes,MATHS.1RE.EAUTO.resoudre-graphiquement-une-equation-une-inequation-du-type-x-k-x-k-etc,"Résoudre graphiquement une équation, une inéquation du type : ƒ (𝑥) = k, ƒ (𝑥) < k, etc",PROVEN_OFFICIAL,SRC-1RE-MATHS-ES-2026 | BO n°14 de 2026 — annexe,0,0,NO_CONTENT
MATHS,1RE,MATHS_SPECIFIQUES_1RE,Automatismes,Automatismes,MATHS.1RE.EAUTO.tracer-une-droite-donnee-par-son-equation-reduite-ou-par-un-point-et-s,Tracer une droite donnée par son équation réduite ou par un point et son coefficient directeur,PROVEN_OFFICIAL,SRC-1RE-MATHS-ES-2026 | BO n°14 de 2026 — annexe,0,0,NO_CONTENT
MATHS,1RE,MATHS_SPECIFIQUES_1RE,"Phénomènes d'évolution, modélisation par des fonctions",Modélisation quadratique,MATHS.1RE.EEVOL.associer-une-parabole-a-une-expression-algebrique-de-degre-2-pour-les,"Associer une parabole à une expression algébrique de degré 2, pour les fonctions de la forme : 𝑥 ↦ a𝑥², 𝑥 ↦ a𝑥² + c, 𝑥 ↦ a (𝑥 – 𝑥1) (𝑥 – 𝑥2)",PROVEN_OFFICIAL,SRC-1RE-MATHS-ES-2026 | BO n°14 de 2026 — annexe,0,0,NO_CONTENT
MATHS,1RE,MATHS_SPECIFIQUES_1RE,"Phénomènes d'évolution, modélisation par des fonctions",Modélisation quadratique,MATHS.1RE.EEVOL.determiner-des-elements-caracteristiques-de-la-fonction-x-ax2-bx-c-auc,Déterminer des éléments caractéristiques de la fonction 𝑥 ↦ a𝑥² + b𝑥 + c. Aucune formule n’est attendue. On déterminera l’axe de symétrie par exemple en…,PROVEN_OFFICIAL,SRC-1RE-MATHS-ES-2026 | BO n°14 de 2026 — annexe,0,0,NO_CONTENT
MATHS,1RE,MATHS_SPECIFIQUES_1RE,"Phénomènes d'évolution, modélisation par des fonctions",Modélisation quadratique,MATHS.1RE.EEVOL.elements-caracteristiques-de-la-courbe-allure-de-la-courbe-axe-de-syme,"Éléments caractéristiques de la courbe : allure de la courbe, axe de symétrie, coordonnées du sommet en lien avec la symétrie, tableau de variation de la…",PROVEN_OFFICIAL,SRC-1RE-MATHS-ES-2026 | BO n°14 de 2026 — annexe,0,0,NO_CONTENT
MATHS,1RE,MATHS_SPECIFIQUES_1RE,"Phénomènes d'évolution, modélisation par des fonctions",Modélisation quadratique,MATHS.1RE.EEVOL.racines-et-signe-dun-polynome-de-degre-2-donne-sous-forme-factorisee-l,Racines et signe d’un polynôme de degré 2 donné sous forme factorisée (le calcul des racines à l’aide du discriminant ne figure pas au programme),PROVEN_OFFICIAL,SRC-1RE-MATHS-ES-2026 | BO n°14 de 2026 — annexe,0,0,NO_CONTENT
MATHS,1RE,MATHS_SPECIFIQUES_1RE,"Phénomènes d'évolution, modélisation par des fonctions",Modélisation quadratique,MATHS.1RE.EEVOL.utiliser-la-forme-factorisee-en-produit-de-facteurs-du-premier-degre-d,Utiliser la forme factorisée (en produit de facteurs du premier degré) d’un polynôme de degré 2 pour trouver ses racines et étudier son signe,PROVEN_OFFICIAL,SRC-1RE-MATHS-ES-2026 | BO n°14 de 2026 — annexe,0,0,NO_CONTENT
MATHS,1RE,MATHS_SPECIFIQUES_1RE,"Phénomènes d'évolution, modélisation par des fonctions",Variation exponentielle,MATHS.1RE.EEVOL.calculer-un-taux-d-evolution-moyen,Calculer un taux d'évolution moyen,PROVEN_OFFICIAL,SRC-1RE-MATHS-ES-2026 | BO n°14 de 2026 — annexe,0,0,NO_CONTENT
MATHS,1RE,MATHS_SPECIFIQUES_1RE,"Phénomènes d'évolution, modélisation par des fonctions",Variation exponentielle,MATHS.1RE.EEVOL.calculer-un-terme-de-rang-donne-d-une-suite-geometrique-definie-par-un,Calculer un terme de rang donné d'une suite géométrique définie par une relation fonctionnelle ou une relation de récurrence,PROVEN_OFFICIAL,SRC-1RE-MATHS-ES-2026 | BO n°14 de 2026 — annexe,0,0,NO_CONTENT
MATHS,1RE,MATHS_SPECIFIQUES_1RE,"Phénomènes d'évolution, modélisation par des fonctions",Variation exponentielle,MATHS.1RE.EEVOL.estimer-les-ordres-de-grandeur-dune-quantite-en-croissance-ou-decroiss,Estimer les ordres de grandeur d’une quantité en croissance ou décroissance exponentielle,PROVEN_OFFICIAL,SRC-1RE-MATHS-ES-2026 | BO n°14 de 2026 — annexe,0,0,NO_CONTENT
MATHS,1RE,MATHS_SPECIFIQUES_1RE,"Phénomènes d'évolution, modélisation par des fonctions",Variation exponentielle,MATHS.1RE.EEVOL.realiser-et-exploiter-la-representation-graphique-des-termes-d-une-sui-2,Réaliser et exploiter la représentation graphique des termes d'une suite géométrique ou d'une fonction exponentielle (2),PROVEN_OFFICIAL,SRC-1RE-MATHS-ES-2026 | BO n°14 de 2026 — annexe,0,0,NO_CONTENT
MATHS,1RE,MATHS_SPECIFIQUES_1RE,"Phénomènes d'évolution, modélisation par des fonctions",Variation exponentielle,MATHS.1RE.EEVOL.reconnaitre-un-phenomene-discret-ou-continu-de-croissance-ou-decroissa,Reconnaitre un phénomène discret ou continu de croissance ou décroissance exponentielle et savoir le modéliser,PROVEN_OFFICIAL,SRC-1RE-MATHS-ES-2026 | BO n°14 de 2026 — annexe,0,0,NO_CONTENT
MATHS,1RE,MATHS_SPECIFIQUES_1RE,"Phénomènes d'évolution, modélisation par des fonctions",Variation exponentielle,MATHS.1RE.EEVOL.resoudre-un-probleme-de-seuil-dans-le-cas-d-une-croissance-ou-decroiss,"Résoudre un problème de seuil dans le cas d'une croissance ou décroissance exponentielle par le calcul, à l'aide d'une représentation graphique ou en utilisant…",PROVEN_OFFICIAL,SRC-1RE-MATHS-ES-2026 | BO n°14 de 2026 — annexe,0,0,NO_CONTENT
MATHS,1RE,MATHS_SPECIFIQUES_1RE,"Phénomènes d'évolution, modélisation par des fonctions",Variation linéaire,MATHS.1RE.EEVOL.calculer-un-terme-de-rang-donne-d-une-suite-arithmetique-definie-par-u,Calculer un terme de rang donné d'une suite arithmétique définie par une relation fonctionnelle ou une relation de récurrence,PROVEN_OFFICIAL,SRC-1RE-MATHS-ES-2026 | BO n°14 de 2026 — annexe,0,0,NO_CONTENT
MATHS,1RE,MATHS_SPECIFIQUES_1RE,"Phénomènes d'évolution, modélisation par des fonctions",Variation linéaire,MATHS.1RE.EEVOL.realiser-et-exploiter-la-representation-graphique-des-termes-d-une-sui,Réaliser et exploiter la représentation graphique des termes d'une suite arithmétique ou d'une fonction affine,PROVEN_OFFICIAL,SRC-1RE-MATHS-ES-2026 | BO n°14 de 2026 — annexe,0,0,NO_CONTENT
MATHS,1RE,MATHS_SPECIFIQUES_1RE,"Phénomènes d'évolution, modélisation par des fonctions",Variation linéaire,MATHS.1RE.EEVOL.reconnaitre-un-phenomene-discret-ou-continu-de-croissance-lineaire-et,Reconnaitre un phénomène discret ou continu de croissance linéaire et savoir le modéliser,PROVEN_OFFICIAL,SRC-1RE-MATHS-ES-2026 | BO n°14 de 2026 — annexe,0,0,NO_CONTENT
MATHS,1RE,MATHS_SPECIFIQUES_1RE,"Phénomènes d'évolution, modélisation par des fonctions",Variation linéaire,MATHS.1RE.EEVOL.resoudre-un-probleme-de-seuil-dans-le-cas-d-une-croissance-lineaire,Résoudre un problème de seuil dans le cas d'une croissance linéaire,PROVEN_OFFICIAL,SRC-1RE-MATHS-ES-2026 | BO n°14 de 2026 — annexe,0,0,NO_CONTENT
MATHS,1RE,SPECIALITE,Algèbre,"Suites numériques, modèles discrets",MATHS.1RE.ALG.calcul-de-1-2-n,Calcul de 1 + 2 + … + 𝑛,PROVEN_OFFICIAL,SRC-1RE-MATHS-SPE-2026 | BO n°14 de 2026 — annexe,0,0,NO_CONTENT
MATHS,1RE,SPECIALITE,Algèbre,"Suites numériques, modèles discrets",MATHS.1RE.ALG.calcul-de-1-q-qn,Calcul de 1 + 𝑞 + … + 𝑞𝑛,PROVEN_OFFICIAL,SRC-1RE-MATHS-SPE-2026 | BO n°14 de 2026 — annexe,0,0,NO_CONTENT
MATHS,1RE,SPECIALITE,Algèbre,"Suites numériques, modèles discrets",MATHS.1RE.ALG.calcul-du-terme-general-dune-suite-arithmetique-dune-suite-geometrique,"Calcul du terme général d’une suite arithmétique, d’une suite géométrique",PROVEN_OFFICIAL,SRC-1RE-MATHS-SPE-2026 | BO n°14 de 2026 — annexe,0,0,NO_CONTENT
MATHS,1RE,SPECIALITE,Algèbre,"Suites numériques, modèles discrets",MATHS.1RE.ALG.calculer-des-termes-dune-suite-definie-explicitement-par-recurrence-ou,"Calculer des termes d’une suite définie explicitement, par récurrence ou par un algorithme",PROVEN_OFFICIAL,SRC-1RE-MATHS-SPE-2026 | BO n°14 de 2026 — annexe,0,0,NO_CONTENT
MATHS,1RE,SPECIALITE,Algèbre,"Suites numériques, modèles discrets",MATHS.1RE.ALG.conjecturer-dans-des-cas-simples-la-limite-eventuelle-dune-suite,"Conjecturer, dans des cas simples, la limite éventuelle d’une suite",PROVEN_OFFICIAL,SRC-1RE-MATHS-SPE-2026 | BO n°14 de 2026 — annexe,0,0,NO_CONTENT
MATHS,1RE,SPECIALITE,Algèbre,"Suites numériques, modèles discrets",MATHS.1RE.ALG.dans-le-cadre-de-letude-dune-suite-utiliser-le-registre-de-la-langue-n,"Dans le cadre de l’étude d’une suite, utiliser le registre de la langue naturelle, le registre algébrique, le registre graphique, et passer de l’un à l’autre",PROVEN_OFFICIAL,SRC-1RE-MATHS-SPE-2026 | BO n°14 de 2026 — annexe,0,0,NO_CONTENT
MATHS,1RE,SPECIALITE,Algèbre,"Suites numériques, modèles discrets",MATHS.1RE.ALG.exemples-de-modes-de-generation-dune-suite-explicite-un-n-par-une-rela,"Exemples de modes de génération d’une suite : explicite 𝑢𝑛 = ƒ (𝑛), par une relation de récurrence 𝑢𝑛 + 1 = ƒ (𝑢𝑛), par un algorithme, par des motifs…",PROVEN_OFFICIAL,SRC-1RE-MATHS-SPE-2026 | BO n°14 de 2026 — annexe,0,0,NO_CONTENT
MATHS,1RE,SPECIALITE,Algèbre,"Suites numériques, modèles discrets",MATHS.1RE.ALG.modeliser-un-phenomene-discret-a-croissance-lineaire-par-une-suite-ari,"Modéliser un phénomène discret à croissance linéaire par une suite arithmétique, un phénomène discret à croissance exponentielle par une suite géométrique",PROVEN_OFFICIAL,SRC-1RE-MATHS-SPE-2026 | BO n°14 de 2026 — annexe,0,0,NO_CONTENT
MATHS,1RE,SPECIALITE,Algèbre,"Suites numériques, modèles discrets",MATHS.1RE.ALG.notations-u-n-un-u-n-un,"Notations : 𝑢(𝑛), 𝑢𝑛, (𝑢(𝑛)), (𝑢𝑛)",PROVEN_OFFICIAL,SRC-1RE-MATHS-SPE-2026 | BO n°14 de 2026 — annexe,0,0,NO_CONTENT
MATHS,1RE,SPECIALITE,Algèbre,"Suites numériques, modèles discrets",MATHS.1RE.ALG.pour-une-suite-arithmetique-ou-geometrique-calculer-le-terme-general-l,"Pour une suite arithmétique ou géométrique, calculer le terme général, la somme de termes consécutifs, déterminer le sens de variation",PROVEN_OFFICIAL,SRC-1RE-MATHS-SPE-2026 | BO n°14 de 2026 — annexe,0,0,NO_CONTENT
MATHS,1RE,SPECIALITE,Algèbre,"Suites numériques, modèles discrets",MATHS.1RE.ALG.proposer-modeliser-une-situation-permettant-de-generer-une-suite-de-no,"Proposer, modéliser une situation permettant de générer une suite de nombres. Déterminer une relation explicite ou une relation de récurrence pour une suite…",PROVEN_OFFICIAL,SRC-1RE-MATHS-SPE-2026 | BO n°14 de 2026 — annexe,0,0,NO_CONTENT
MATHS,1RE,SPECIALITE,Algèbre,"Suites numériques, modèles discrets",MATHS.1RE.ALG.remboursement-dun-emprunt-par-annuites-constantes,Remboursement d’un emprunt par annuités constantes,PROVEN_OFFICIAL,SRC-1RE-MATHS-SPE-2026 | BO n°14 de 2026 — annexe,0,0,NO_CONTENT
MATHS,1RE,SPECIALITE,Algèbre,"Suites numériques, modèles discrets",MATHS.1RE.ALG.sens-de-variation-dune-suite,Sens de variation d’une suite,PROVEN_OFFICIAL,SRC-1RE-MATHS-SPE-2026 | BO n°14 de 2026 — annexe,0,0,NO_CONTENT
MATHS,1RE,SPECIALITE,Algèbre,"Suites numériques, modèles discrets",MATHS.1RE.ALG.somme-des-n-premiers-carres-des-n-premiers-cubes,"Somme des n premiers carrés, des n premiers cubes",PROVEN_OFFICIAL,SRC-1RE-MATHS-SPE-2026 | BO n°14 de 2026 — annexe,0,0,NO_CONTENT
MATHS,1RE,SPECIALITE,Algèbre,"Suites numériques, modèles discrets",MATHS.1RE.ALG.suites-arithmetiques-exemples-definition-calcul-du-terme-general-lien,"Suites arithmétiques : exemples, définition, calcul du terme général. Lien avec l’étude d’évolutions successives à accroissements constants. Lien avec les…",PROVEN_OFFICIAL,SRC-1RE-MATHS-SPE-2026 | BO n°14 de 2026 — annexe,0,0,NO_CONTENT
MATHS,1RE,SPECIALITE,Algèbre,"Suites numériques, modèles discrets",MATHS.1RE.ALG.suites-geometriques-exemples-definition-calcul-du-terme-general-lien-a,"Suites géométriques : exemples, définition, calcul du terme général. Lien avec l’étude d’évolutions successives à taux constant. Lien avec la fonction…",PROVEN_OFFICIAL,SRC-1RE-MATHS-SPE-2026 | BO n°14 de 2026 — annexe,0,0,NO_CONTENT
MATHS,1RE,SPECIALITE,Algèbre,"Suites numériques, modèles discrets",MATHS.1RE.ALG.sur-des-exemples-introduction-intuitive-de-la-notion-de-limite-finie-o,"Sur des exemples, introduction intuitive de la notion de limite, finie ou infinie, ou l’absence de limite d’une suite",PROVEN_OFFICIAL,SRC-1RE-MATHS-SPE-2026 | BO n°14 de 2026 — annexe,0,0,NO_CONTENT
MATHS,1RE,SPECIALITE,Algèbre,"Suites numériques, modèles discrets",MATHS.1RE.ALG.tour-de-hanoi,Tour de Hanoï,PROVEN_OFFICIAL,SRC-1RE-MATHS-SPE-2026 | BO n°14 de 2026 — annexe,0,0,NO_CONTENT
MATHS,1RE,SPECIALITE,Algèbre,"Équations, fonctions polynômes du second degré",MATHS.1RE.ALG.choisir-une-forme-adaptee-developpee-reduite-canonique-factorisee-dune,"Choisir une forme adaptée (développée réduite, canonique, factorisée) d’une fonction polynôme du second degré dans le cadre de la résolution d’un problème…",PROVEN_OFFICIAL,SRC-1RE-MATHS-SPE-2026 | BO n°14 de 2026 — annexe,0,0,NO_CONTENT
MATHS,1RE,SPECIALITE,Algèbre,"Équations, fonctions polynômes du second degré",MATHS.1RE.ALG.determiner-deux-nombres-reels-connaissant-leur-somme-s-et-leur-produit,Déterminer deux nombres réels connaissant leur somme s et leur produit p comme racines de la fonction polynôme 𝑥 ↦ 𝑥² – s𝑥 + p,PROVEN_OFFICIAL,SRC-1RE-MATHS-SPE-2026 | BO n°14 de 2026 — annexe,0,0,NO_CONTENT
MATHS,1RE,SPECIALITE,Algèbre,"Équations, fonctions polynômes du second degré",MATHS.1RE.ALG.determiner-les-fonctions-polynomes-du-second-degre-sannulant-en-deux-n,Déterminer les fonctions polynômes du second degré s’annulant en deux nombres réels distincts,PROVEN_OFFICIAL,SRC-1RE-MATHS-SPE-2026 | BO n°14 de 2026 — annexe,0,0,NO_CONTENT
MATHS,1RE,SPECIALITE,Algèbre,"Équations, fonctions polynômes du second degré",MATHS.1RE.ALG.etudier-le-signe-dune-fonction-polynome-du-second-degre-donnee-sous-fo,Étudier le signe d’une fonction polynôme du second degré donnée sous forme factorisée,PROVEN_OFFICIAL,SRC-1RE-MATHS-SPE-2026 | BO n°14 de 2026 — annexe,0,0,NO_CONTENT
MATHS,1RE,SPECIALITE,Algèbre,"Équations, fonctions polynômes du second degré",MATHS.1RE.ALG.factorisation-de-xn-1-par-x-1-de-xn-an-par-x-a,"Factorisation de 𝑥𝑛 – 1 par 𝑥 – 1, de 𝑥𝑛 – a𝑛 par 𝑥 – a",PROVEN_OFFICIAL,SRC-1RE-MATHS-SPE-2026 | BO n°14 de 2026 — annexe,0,0,NO_CONTENT
MATHS,1RE,SPECIALITE,Algèbre,"Équations, fonctions polynômes du second degré",MATHS.1RE.ALG.factorisation-dun-polynome-du-troisieme-degre-admettant-une-racine-et,Factorisation d’un polynôme du troisième degré admettant une racine et résolution de l’équation associée,PROVEN_OFFICIAL,SRC-1RE-MATHS-SPE-2026 | BO n°14 de 2026 — annexe,0,0,NO_CONTENT
MATHS,1RE,SPECIALITE,Algèbre,"Équations, fonctions polynômes du second degré",MATHS.1RE.ALG.factoriser-une-fonction-polynome-du-second-degre-en-diversifiant-les-s,"Factoriser une fonction polynôme du second degré, en diversifiant les stratégies : racine évidente, détection des racines par leur somme et leur produit…",PROVEN_OFFICIAL,SRC-1RE-MATHS-SPE-2026 | BO n°14 de 2026 — annexe,0,0,NO_CONTENT
MATHS,1RE,SPECIALITE,Algèbre,"Équations, fonctions polynômes du second degré",MATHS.1RE.ALG.fonction-polynome-du-second-degre-donnee-sous-forme-factorisee-racines,"Fonction polynôme du second degré donnée sous forme factorisée. Racines, signe, expression de la somme et du produit des racines",PROVEN_OFFICIAL,SRC-1RE-MATHS-SPE-2026 | BO n°14 de 2026 — annexe,0,0,NO_CONTENT
MATHS,1RE,SPECIALITE,Algèbre,"Équations, fonctions polynômes du second degré",MATHS.1RE.ALG.forme-canonique-dune-fonction-polynome-du-second-degre-discriminant-fa,Forme canonique d’une fonction polynôme du second degré. Discriminant. Factorisation éventuelle. Résolution d’une équation du second degré. Signe,PROVEN_OFFICIAL,SRC-1RE-MATHS-SPE-2026 | BO n°14 de 2026 — annexe,0,0,NO_CONTENT
MATHS,1RE,SPECIALITE,Algèbre,"Équations, fonctions polynômes du second degré",MATHS.1RE.ALG.resolution-de-lequation-du-second-degre,Résolution de l’équation du second degré,PROVEN_OFFICIAL,SRC-1RE-MATHS-SPE-2026 | BO n°14 de 2026 — annexe,0,0,NO_CONTENT
MATHS,1RE,SPECIALITE,Algorithmique et programmation,Notion de liste,MATHS.1RE.ALGO.generer-une-liste-en-extension-par-ajouts-successifs-ou-en-comprehensi,"Générer une liste (en extension, par ajouts successifs ou en compréhension)",PROVEN_OFFICIAL,SRC-1RE-MATHS-SPE-2026 | BO n°14 de 2026 — annexe,0,0,NO_CONTENT
MATHS,1RE,SPECIALITE,Algorithmique et programmation,Notion de liste,MATHS.1RE.ALGO.iterer-sur-les-elements-dune-liste,Itérer sur les éléments d’une liste,PROVEN_OFFICIAL,SRC-1RE-MATHS-SPE-2026 | BO n°14 de 2026 — annexe,0,0,NO_CONTENT
MATHS,1RE,SPECIALITE,Algorithmique et programmation,Notion de liste,MATHS.1RE.ALGO.manipuler-des-elements-dune-liste-ajouter-supprimer-etc-et-leurs-indic,"Manipuler des éléments d’une liste (ajouter, supprimer, etc.) et leurs indices",PROVEN_OFFICIAL,SRC-1RE-MATHS-SPE-2026 | BO n°14 de 2026 — annexe,0,0,NO_CONTENT
MATHS,1RE,SPECIALITE,Algorithmique et programmation,Notion de liste,MATHS.1RE.ALGO.parcourir-une-liste,Parcourir une liste,PROVEN_OFFICIAL,SRC-1RE-MATHS-SPE-2026 | BO n°14 de 2026 — annexe,0,0,NO_CONTENT
MATHS,1RE,SPECIALITE,Analyse,Dérivation,MATHS.1RE.AN.approximation-lineaire-fonction-affine-tangente-x-a-a-x-a-et-approxima,Approximation linéaire : fonction affine tangente 𝑥 ↦ ƒ (a) + ƒ ‘(a)(𝑥 – a) et approximation de ƒ (a + h) par ƒ (a) + ƒ ‘(a)h,PROVEN_OFFICIAL,SRC-1RE-MATHS-SPE-2026 | BO n°14 de 2026 — annexe,0,0,NO_CONTENT
MATHS,1RE,SPECIALITE,Analyse,Dérivation,MATHS.1RE.AN.calculer-un-taux-de-variation-la-pente-dune-secante,"Calculer un taux de variation, la pente d’une sécante",PROVEN_OFFICIAL,SRC-1RE-MATHS-SPE-2026 | BO n°14 de 2026 — annexe,0,0,NO_CONTENT
MATHS,1RE,SPECIALITE,Analyse,Dérivation,MATHS.1RE.AN.calculer-une-valeur-approchee-de-a-h,Calculer une valeur approchée de ƒ (a + h),PROVEN_OFFICIAL,SRC-1RE-MATHS-SPE-2026 | BO n°14 de 2026 — annexe,0,0,NO_CONTENT
MATHS,1RE,SPECIALITE,Analyse,Dérivation,MATHS.1RE.AN.dans-des-cas-simples-calculer-une-fonction-derivee-en-utilisant-les-pr,"Dans des cas simples, calculer une fonction dérivée en utilisant les propriétés des opérations sur les fonctions dérivables",PROVEN_OFFICIAL,SRC-1RE-MATHS-SPE-2026 | BO n°14 de 2026 — annexe,0,0,NO_CONTENT
MATHS,1RE,SPECIALITE,Analyse,Dérivation,MATHS.1RE.AN.determiner-graphiquement-un-nombre-derive-par-la-pente-de-la-tangente,Déterminer graphiquement un nombre dérivé par la pente de la tangente. Construire la tangente en un point à une courbe représentative connaissant le nombre…,PROVEN_OFFICIAL,SRC-1RE-MATHS-SPE-2026 | BO n°14 de 2026 — annexe,0,0,NO_CONTENT
MATHS,1RE,SPECIALITE,Analyse,Dérivation,MATHS.1RE.AN.determiner-lequation-de-la-tangente-en-un-point-a-la-courbe-representa,Déterminer l’équation de la tangente en un point à la courbe représentative d’une fonction,PROVEN_OFFICIAL,SRC-1RE-MATHS-SPE-2026 | BO n°14 de 2026 — annexe,0,0,NO_CONTENT
MATHS,1RE,SPECIALITE,Analyse,Dérivation,MATHS.1RE.AN.equation-de-la-tangente-en-un-point-a-une-courbe-representative,Équation de la tangente en un point à une courbe représentative,PROVEN_OFFICIAL,SRC-1RE-MATHS-SPE-2026 | BO n°14 de 2026 — annexe,0,0,NO_CONTENT
MATHS,1RE,SPECIALITE,Analyse,Dérivation,MATHS.1RE.AN.fonction-derivable-sur-un-intervalle-fonction-derivee,Fonction dérivable sur un intervalle. Fonction dérivée,PROVEN_OFFICIAL,SRC-1RE-MATHS-SPE-2026 | BO n°14 de 2026 — annexe,0,0,NO_CONTENT
MATHS,1RE,SPECIALITE,Analyse,Dérivation,MATHS.1RE.AN.fonction-derivee-de-la-fonction-carree-de-la-fonction-inverse,"Fonction dérivée de la fonction carrée, de la fonction inverse",PROVEN_OFFICIAL,SRC-1RE-MATHS-SPE-2026 | BO n°14 de 2026 — annexe,0,0,NO_CONTENT
MATHS,1RE,SPECIALITE,Analyse,Dérivation,MATHS.1RE.AN.fonction-derivee-des-fonctions-carre-cube-inverse-racine-carree,"Fonction dérivée des fonctions carré, cube, inverse, racine carrée",PROVEN_OFFICIAL,SRC-1RE-MATHS-SPE-2026 | BO n°14 de 2026 — annexe,0,0,NO_CONTENT
MATHS,1RE,SPECIALITE,Analyse,Dérivation,MATHS.1RE.AN.fonction-derivee-dun-produit,Fonction dérivée d’un produit,PROVEN_OFFICIAL,SRC-1RE-MATHS-SPE-2026 | BO n°14 de 2026 — annexe,0,0,NO_CONTENT
MATHS,1RE,SPECIALITE,Analyse,Dérivation,MATHS.1RE.AN.fonction-valeur-absolue-etude-de-la-derivabilite-en-0,Fonction valeur absolue : étude de la dérivabilité en 0,PROVEN_OFFICIAL,SRC-1RE-MATHS-SPE-2026 | BO n°14 de 2026 — annexe,0,0,NO_CONTENT
MATHS,1RE,SPECIALITE,Analyse,Dérivation,MATHS.1RE.AN.interpreter-le-nombre-derive-en-contexte-pente-dune-tangente-vitesse-i,"Interpréter le nombre dérivé en contexte : pente d’une tangente, vitesse instantanée, cout marginal, etc",PROVEN_OFFICIAL,SRC-1RE-MATHS-SPE-2026 | BO n°14 de 2026 — annexe,0,0,NO_CONTENT
MATHS,1RE,SPECIALITE,Analyse,Dérivation,MATHS.1RE.AN.la-fonction-racine-carree-nest-pas-derivable-en-0,La fonction racine carrée n’est pas dérivable en 0,PROVEN_OFFICIAL,SRC-1RE-MATHS-SPE-2026 | BO n°14 de 2026 — annexe,0,0,NO_CONTENT
MATHS,1RE,SPECIALITE,Analyse,Dérivation,MATHS.1RE.AN.nombre-derive-dune-fonction-en-un-point-comme-limite-du-taux-de-variat,"Nombre dérivé d’une fonction en un point, comme limite du taux de variation. Notation ƒ ’(a)",PROVEN_OFFICIAL,SRC-1RE-MATHS-SPE-2026 | BO n°14 de 2026 — annexe,0,0,NO_CONTENT
MATHS,1RE,SPECIALITE,Analyse,Dérivation,MATHS.1RE.AN.operations-sur-les-fonctions-derivables-somme-produit-inverse-quotient,"Opérations sur les fonctions dérivables : somme, produit, inverse, quotient",PROVEN_OFFICIAL,SRC-1RE-MATHS-SPE-2026 | BO n°14 de 2026 — annexe,0,0,NO_CONTENT
MATHS,1RE,SPECIALITE,Analyse,Dérivation,MATHS.1RE.AN.pour-n-dans-z-fonction-derivee-de-la-fonction-x-x-n,"Pour 𝑛 dans ℤ, fonction dérivée de la fonction 𝑥 ↦ 𝑥 𝑛",PROVEN_OFFICIAL,SRC-1RE-MATHS-SPE-2026 | BO n°14 de 2026 — annexe,0,0,NO_CONTENT
MATHS,1RE,SPECIALITE,Analyse,Dérivation,MATHS.1RE.AN.tangente-a-la-courbe-representative-dune-fonction-en-un-point-comme-li,"Tangente à la courbe représentative d’une fonction en un point, comme « limite des sécantes ». Pente. Équation : la tangente à la courbe représentative de ƒ au…",PROVEN_OFFICIAL,SRC-1RE-MATHS-SPE-2026 | BO n°14 de 2026 — annexe,0,0,NO_CONTENT
MATHS,1RE,SPECIALITE,Analyse,Dérivation,MATHS.1RE.AN.taux-de-variation-secantes-a-la-courbe-representative-dune-fonction-en,Taux de variation. Sécantes à la courbe représentative d’une fonction en un point donné,PROVEN_OFFICIAL,SRC-1RE-MATHS-SPE-2026 | BO n°14 de 2026 — annexe,0,0,NO_CONTENT
MATHS,1RE,SPECIALITE,Analyse,Fonction exponentielle,MATHS.1RE.AN.definition-de-la-fonction-exponentielle-comme-unique-fonction-derivabl,Définition de la fonction exponentielle comme unique fonction dérivable sur ℝ vérifiant ƒ ‘ = ƒ et ƒ (0) = 1. L’existence et l’unicité sont admises. Notation…,PROVEN_OFFICIAL,SRC-1RE-MATHS-SPE-2026 | BO n°14 de 2026 — annexe,0,0,NO_CONTENT
MATHS,1RE,SPECIALITE,Analyse,Fonction exponentielle,MATHS.1RE.AN.la-fonction-exponentielle-est-strictement-positive-et-croissante,La fonction exponentielle est strictement positive et croissante,PROVEN_OFFICIAL,SRC-1RE-MATHS-SPE-2026 | BO n°14 de 2026 — annexe,0,0,NO_CONTENT
MATHS,1RE,SPECIALITE,Analyse,Fonction exponentielle,MATHS.1RE.AN.modeliser-une-situation-par-une-croissance-une-decroissance-exponentie,"Modéliser une situation par une croissance, une décroissance exponentielle (par exemple évolution d’un capital à taux fixe, décroissance radioactive)",PROVEN_OFFICIAL,SRC-1RE-MATHS-SPE-2026 | BO n°14 de 2026 — annexe,0,0,NO_CONTENT
MATHS,1RE,SPECIALITE,Analyse,Fonction exponentielle,MATHS.1RE.AN.pour-a-reel-derivee-de-la-fonction-t-eat,"Pour a réel, dérivée de la fonction t ↦ eat",PROVEN_OFFICIAL,SRC-1RE-MATHS-SPE-2026 | BO n°14 de 2026 — annexe,0,0,NO_CONTENT
MATHS,1RE,SPECIALITE,Analyse,Fonction exponentielle,MATHS.1RE.AN.pour-tous-reels-x-et-y-exp-x-y-exp-x-exp-y,"Pour tous réels 𝑥 et 𝑦, exp(𝑥 + 𝑦) = exp(𝑥) exp(𝑦)",PROVEN_OFFICIAL,SRC-1RE-MATHS-SPE-2026 | BO n°14 de 2026 — annexe,0,0,NO_CONTENT
MATHS,1RE,SPECIALITE,Analyse,Fonction exponentielle,MATHS.1RE.AN.pour-tous-reels-x-et-y-exp-x-y-exp-x-exp-y-et-exp-x-exp-x-1-nombre-e-n,"Pour tous réels 𝑥 et 𝑦, exp(𝑥 + 𝑦) = exp(𝑥) exp(𝑦) et exp(𝑥) exp(–𝑥) = 1. Nombre e. Notation e 𝑥",PROVEN_OFFICIAL,SRC-1RE-MATHS-SPE-2026 | BO n°14 de 2026 — annexe,0,0,NO_CONTENT
MATHS,1RE,SPECIALITE,Analyse,Fonction exponentielle,MATHS.1RE.AN.pour-une-valeur-numerique-strictement-positive-de-k-representer-graphi,"Pour une valeur numérique strictement positive de k, représenter graphiquement les fonctions t ↦ e–kt et t ↦ ekt",PROVEN_OFFICIAL,SRC-1RE-MATHS-SPE-2026 | BO n°14 de 2026 — annexe,0,0,NO_CONTENT
MATHS,1RE,SPECIALITE,Analyse,Fonction exponentielle,MATHS.1RE.AN.signe-sens-de-variation-et-courbe-representative-de-la-fonction-expone,"Signe, sens de variation et courbe représentative de la fonction exponentielle. Lien avec les suites géométriques",PROVEN_OFFICIAL,SRC-1RE-MATHS-SPE-2026 | BO n°14 de 2026 — annexe,0,0,NO_CONTENT
MATHS,1RE,SPECIALITE,Analyse,Fonction exponentielle,MATHS.1RE.AN.transformer-une-expression-en-utilisant-les-proprietes-algebriques-de,Transformer une expression en utilisant les propriétés algébriques de la fonction exponentielle,PROVEN_OFFICIAL,SRC-1RE-MATHS-SPE-2026 | BO n°14 de 2026 — annexe,0,0,NO_CONTENT
MATHS,1RE,SPECIALITE,Analyse,Fonction exponentielle,MATHS.1RE.AN.unicite-dune-fonction-derivable-sur-r-telle-que-verifiant-et-0-1,Unicité d’une fonction ƒ dérivable sur ℝ telle que vérifiant ƒ ‘ = ƒ et ƒ (0) = 1,PROVEN_OFFICIAL,SRC-1RE-MATHS-SPE-2026 | BO n°14 de 2026 — annexe,0,0,NO_CONTENT
MATHS,1RE,SPECIALITE,Analyse,Trigonométrie,MATHS.1RE.AN.cercle-trigonometrique-longueur-darc-radian,Cercle trigonométrique. Longueur d’arc. Radian,PROVEN_OFFICIAL,SRC-1RE-MATHS-SPE-2026 | BO n°14 de 2026 — annexe,0,0,NO_CONTENT
MATHS,1RE,SPECIALITE,Analyse,Trigonométrie,MATHS.1RE.AN.cosinus-et-sinus-dun-nombre-reel-lien-avec-le-sinus-et-le-cosinus-dans,Cosinus et sinus d’un nombre réel. Lien avec le sinus et le cosinus dans un triangle rectangle. Valeurs remarquables,PROVEN_OFFICIAL,SRC-1RE-MATHS-SPE-2026 | BO n°14 de 2026 — annexe,0,0,NO_CONTENT
MATHS,1RE,SPECIALITE,Analyse,Trigonométrie,MATHS.1RE.AN.enroulement-de-la-droite-sur-le-cercle-trigonometrique-image-dun-nombr,Enroulement de la droite sur le cercle trigonométrique. Image d’un nombre réel,PROVEN_OFFICIAL,SRC-1RE-MATHS-SPE-2026 | BO n°14 de 2026 — annexe,0,0,NO_CONTENT
MATHS,1RE,SPECIALITE,Analyse,Trigonométrie,MATHS.1RE.AN.par-lecture-du-cercle-trigonometrique-determiner-pour-des-valeurs-rema,"Par lecture du cercle trigonométrique, déterminer, pour des valeurs remarquables de 𝑥, les cosinus et sinus d’angles associés à 𝑥",PROVEN_OFFICIAL,SRC-1RE-MATHS-SPE-2026 | BO n°14 de 2026 — annexe,0,0,NO_CONTENT
MATHS,1RE,SPECIALITE,Analyse,Trigonométrie,MATHS.1RE.AN.placer-un-point-sur-le-cercle-trigonometrique,Placer un point sur le cercle trigonométrique,PROVEN_OFFICIAL,SRC-1RE-MATHS-SPE-2026 | BO n°14 de 2026 — annexe,0,0,NO_CONTENT
MATHS,1RE,SPECIALITE,Analyse,Variations et courbes représentatives des fonctions,MATHS.1RE.AN.etudier-en-lien-avec-la-derivation-une-fonction-polynome-du-second-deg,"Étudier, en lien avec la dérivation, une fonction polynôme du second degré : variations, extrémum, allure selon le signe du coefficient de 𝑥²",PROVEN_OFFICIAL,SRC-1RE-MATHS-SPE-2026 | BO n°14 de 2026 — annexe,0,0,NO_CONTENT
MATHS,1RE,SPECIALITE,Analyse,Variations et courbes représentatives des fonctions,MATHS.1RE.AN.etudier-les-variations-dune-fonction-determiner-les-extremums,Étudier les variations d’une fonction. Déterminer les extrémums,PROVEN_OFFICIAL,SRC-1RE-MATHS-SPE-2026 | BO n°14 de 2026 — annexe,0,0,NO_CONTENT
MATHS,1RE,SPECIALITE,Analyse,Variations et courbes représentatives des fonctions,MATHS.1RE.AN.exploiter-les-variations-dune-fonction-pour-etablir-une-inegalite-etud,Exploiter les variations d’une fonction pour établir une inégalité. Étudier la position relative de deux courbes représentatives,PROVEN_OFFICIAL,SRC-1RE-MATHS-SPE-2026 | BO n°14 de 2026 — annexe,0,0,NO_CONTENT
MATHS,1RE,SPECIALITE,Analyse,Variations et courbes représentatives des fonctions,MATHS.1RE.AN.lien-entre-le-sens-de-variation-dune-fonction-derivable-sur-un-interva,Lien entre le sens de variation d’une fonction dérivable sur un intervalle et signe de sa fonction dérivée ; caractérisation des fonctions constantes,PROVEN_OFFICIAL,SRC-1RE-MATHS-SPE-2026 | BO n°14 de 2026 — annexe,0,0,NO_CONTENT
MATHS,1RE,SPECIALITE,Analyse,Variations et courbes représentatives des fonctions,MATHS.1RE.AN.nombre-derive-en-un-extremum-tangente-a-la-courbe-representative,"Nombre dérivé en un extrémum, tangente à la courbe représentative",PROVEN_OFFICIAL,SRC-1RE-MATHS-SPE-2026 | BO n°14 de 2026 — annexe,0,0,NO_CONTENT
MATHS,1RE,SPECIALITE,Analyse,Variations et courbes représentatives des fonctions,MATHS.1RE.AN.representation-algebrique-et-graphique-de-fonctions-paires-impaires-tr,"Représentation algébrique et graphique de fonctions paires, impaires. Traduction géométrique",PROVEN_OFFICIAL,SRC-1RE-MATHS-SPE-2026 | BO n°14 de 2026 — annexe,0,0,NO_CONTENT
MATHS,1RE,SPECIALITE,Analyse,Variations et courbes représentatives des fonctions,MATHS.1RE.AN.resoudre-un-probleme-doptimisation,Résoudre un problème d’optimisation,PROVEN_OFFICIAL,SRC-1RE-MATHS-SPE-2026 | BO n°14 de 2026 — annexe,0,0,NO_CONTENT
MATHS,1RE,SPECIALITE,Automatismes,Automatismes,MATHS.1RE.AUTO.appliquer-un-taux-devolution-pour-calculer-une-valeur-finale-ou-initia,Appliquer un taux d’évolution pour calculer une valeur finale ou initiale,PROVEN_OFFICIAL,SRC-1RE-MATHS-SPE-2026 | BO n°14 de 2026 — annexe,0,0,NO_CONTENT
MATHS,1RE,SPECIALITE,Automatismes,Automatismes,MATHS.1RE.AUTO.calculer-des-probabilites-conditionnelles-lorsque-les-evenements-sont,Calculer des probabilités conditionnelles lorsque les évènements sont présentés sous forme de tableau croisé d’effectifs ou d’arbres pondérés,PROVEN_OFFICIAL,SRC-1RE-MATHS-SPE-2026 | BO n°14 de 2026 — annexe,0,0,NO_CONTENT
MATHS,1RE,SPECIALITE,Automatismes,Automatismes,MATHS.1RE.AUTO.calculer-et-interpreter-des-indicateurs-statistiques-pour-une-serie-st,Calculer et interpréter des indicateurs statistiques pour une série statistique,PROVEN_OFFICIAL,SRC-1RE-MATHS-SPE-2026 | BO n°14 de 2026 — annexe,0,0,NO_CONTENT
MATHS,1RE,SPECIALITE,Automatismes,Automatismes,MATHS.1RE.AUTO.calculer-le-taux-devolution-equivalent-a-plusieurs-evolutions-successi,Calculer le taux d’évolution équivalent à plusieurs évolutions successives,PROVEN_OFFICIAL,SRC-1RE-MATHS-SPE-2026 | BO n°14 de 2026 — annexe,0,0,NO_CONTENT
MATHS,1RE,SPECIALITE,Automatismes,Automatismes,MATHS.1RE.AUTO.calculer-un-taux-devolution-lexprimer-en-pourcentage,"Calculer un taux d’évolution, l’exprimer en pourcentage",PROVEN_OFFICIAL,SRC-1RE-MATHS-SPE-2026 | BO n°14 de 2026 — annexe,0,0,NO_CONTENT
MATHS,1RE,SPECIALITE,Automatismes,Automatismes,MATHS.1RE.AUTO.calculer-un-taux-devolution-reciproque,Calculer un taux d’évolution réciproque,PROVEN_OFFICIAL,SRC-1RE-MATHS-SPE-2026 | BO n°14 de 2026 — annexe,0,0,NO_CONTENT
MATHS,1RE,SPECIALITE,Automatismes,Automatismes,MATHS.1RE.AUTO.determiner-graphiquement-le-signe-dune-fonction-ou-son-tableau-de-vari,Déterminer graphiquement le signe d’une fonction ou son tableau de variations,PROVEN_OFFICIAL,SRC-1RE-MATHS-SPE-2026 | BO n°14 de 2026 — annexe,0,0,NO_CONTENT
MATHS,1RE,SPECIALITE,Automatismes,Automatismes,MATHS.1RE.AUTO.determiner-le-coefficient-directeur-dune-droite-a-partir-des-coordonne,Déterminer le coefficient directeur d’une droite à partir des coordonnées de deux de ses points,PROVEN_OFFICIAL,SRC-1RE-MATHS-SPE-2026 | BO n°14 de 2026 — annexe,0,0,NO_CONTENT
MATHS,1RE,SPECIALITE,Automatismes,Automatismes,MATHS.1RE.AUTO.determiner-le-signe-dune-expression-du-premier-degre-dune-expression-f,"Déterminer le signe d’une expression du premier degré, d’une expression factorisée du second degré",PROVEN_OFFICIAL,SRC-1RE-MATHS-SPE-2026 | BO n°14 de 2026 — annexe,0,0,NO_CONTENT
MATHS,1RE,SPECIALITE,Automatismes,Automatismes,MATHS.1RE.AUTO.determiner-les-solutions-dune-equation-produit-nul,Déterminer les solutions d’une équation produit nul,PROVEN_OFFICIAL,SRC-1RE-MATHS-SPE-2026 | BO n°14 de 2026 — annexe,0,0,NO_CONTENT
MATHS,1RE,SPECIALITE,Automatismes,Automatismes,MATHS.1RE.AUTO.developper-factoriser-reduire-une-expression-algebrique-simple,"Développer, factoriser, réduire une expression algébrique simple",PROVEN_OFFICIAL,SRC-1RE-MATHS-SPE-2026 | BO n°14 de 2026 — annexe,0,0,NO_CONTENT
MATHS,1RE,SPECIALITE,Automatismes,Automatismes,MATHS.1RE.AUTO.distinguer-p-a-b-pa-b-pb-a,"Distinguer P(A ∩ B), PA (B), PB (A)",PROVEN_OFFICIAL,SRC-1RE-MATHS-SPE-2026 | BO n°14 de 2026 — annexe,0,0,NO_CONTENT
MATHS,1RE,SPECIALITE,Automatismes,Automatismes,MATHS.1RE.AUTO.lire-graphiquement-lequation-reduite-dune-droite,Lire graphiquement l’équation réduite d’une droite,PROVEN_OFFICIAL,SRC-1RE-MATHS-SPE-2026 | BO n°14 de 2026 — annexe,0,0,NO_CONTENT
MATHS,1RE,SPECIALITE,Automatismes,Automatismes,MATHS.1RE.AUTO.lire-un-graphique-un-histogramme-un-diagramme-en-barres-ou-circulaire,"Lire un graphique, un histogramme, un diagramme en barres ou circulaire, un diagramme en boite ou toute autre représentation (repérer l’origine du repère, les…",PROVEN_OFFICIAL,SRC-1RE-MATHS-SPE-2026 | BO n°14 de 2026 — annexe,0,0,NO_CONTENT
MATHS,1RE,SPECIALITE,Automatismes,Automatismes,MATHS.1RE.AUTO.passer-du-graphique-aux-donnees-et-vice-versa,Passer du graphique aux données et vice-versa,PROVEN_OFFICIAL,SRC-1RE-MATHS-SPE-2026 | BO n°14 de 2026 — annexe,0,0,NO_CONTENT
MATHS,1RE,SPECIALITE,Automatismes,Automatismes,MATHS.1RE.AUTO.resoudre-graphiquement-une-equation-une-inequation-du-type-x-k-x-k-etc,"Résoudre graphiquement une équation, une inéquation du type : ƒ (𝑥) = k, ƒ (𝑥) < k, etc",PROVEN_OFFICIAL,SRC-1RE-MATHS-SPE-2026 | BO n°14 de 2026 — annexe,0,0,NO_CONTENT
MATHS,1RE,SPECIALITE,Automatismes,Automatismes,MATHS.1RE.AUTO.tracer-une-droite-donnee-par-son-equation-reduite-ou-par-un-point-et-s,Tracer une droite donnée par son équation réduite ou par un point et son coefficient directeur,PROVEN_OFFICIAL,SRC-1RE-MATHS-SPE-2026 | BO n°14 de 2026 — annexe,0,0,NO_CONTENT
MATHS,1RE,SPECIALITE,Géométrie,Calcul vectoriel et produit scalaire,MATHS.1RE.GEO.bilinearite-symetrie-en-base-orthonormee-expression-du-produit-scalair,"Bilinéarité, symétrie. En base orthonormée, expression du produit scalaire et de la norme, critère d’orthogonalité. Expression des coordonnées dans une base…",PROVEN_OFFICIAL,SRC-1RE-MATHS-SPE-2026 | BO n°14 de 2026 — annexe,0,0,NO_CONTENT
MATHS,1RE,SPECIALITE,Géométrie,Calcul vectoriel et produit scalaire,MATHS.1RE.GEO.concourance-des-hauteurs-dun-triangle,Concourance des hauteurs d’un triangle,PROVEN_OFFICIAL,SRC-1RE-MATHS-SPE-2026 | BO n°14 de 2026 — annexe,0,0,NO_CONTENT
MATHS,1RE,SPECIALITE,Géométrie,Calcul vectoriel et produit scalaire,MATHS.1RE.GEO.developpement-de-u-v-2-et-u-v-2-formule-dal-kashi,Développement de ‖𝑢⃗ + 𝑣 ‖2 et ‖𝑢⃗ − 𝑣 ‖2. Formule d’Al-Kashi,PROVEN_OFFICIAL,SRC-1RE-MATHS-SPE-2026 | BO n°14 de 2026 — annexe,0,0,NO_CONTENT
MATHS,1RE,SPECIALITE,Géométrie,Calcul vectoriel et produit scalaire,MATHS.1RE.GEO.en-vue-de-la-resolution-dun-probleme-calculer-le-produit-scalaire-de-d,"En vue de la résolution d’un problème, calculer le produit scalaire de deux vecteurs en choisissant une méthode adaptée (en utilisant la projection…",PROVEN_OFFICIAL,SRC-1RE-MATHS-SPE-2026 | BO n°14 de 2026 — annexe,0,0,NO_CONTENT
MATHS,1RE,SPECIALITE,Géométrie,Calcul vectoriel et produit scalaire,MATHS.1RE.GEO.ensemble-des-points-m-tels-que-m-a-m-b-0-demonstration-avec-le-produit,Ensemble des points M tels que M A⃗⃗⃗⃗⃗⃗⃗ ⋅ M B⃗⃗⃗⃗⃗⃗ = 0 (démonstration avec le produit scalaire),PROVEN_OFFICIAL,SRC-1RE-MATHS-SPE-2026 | BO n°14 de 2026 — annexe,0,0,NO_CONTENT
MATHS,1RE,SPECIALITE,Géométrie,Calcul vectoriel et produit scalaire,MATHS.1RE.GEO.formule-dal-kashi-demonstration-avec-le-produit-scalaire,Formule d’Al-Kashi (démonstration avec le produit scalaire),PROVEN_OFFICIAL,SRC-1RE-MATHS-SPE-2026 | BO n°14 de 2026 — annexe,0,0,NO_CONTENT
MATHS,1RE,SPECIALITE,Géométrie,Calcul vectoriel et produit scalaire,MATHS.1RE.GEO.les-medianes-dun-triangle-concourent-au-centre-de-gravite,Les médianes d’un triangle concourent au centre de gravité,PROVEN_OFFICIAL,SRC-1RE-MATHS-SPE-2026 | BO n°14 de 2026 — annexe,0,0,NO_CONTENT
MATHS,1RE,SPECIALITE,Géométrie,Calcul vectoriel et produit scalaire,MATHS.1RE.GEO.loi-des-sinus,Loi des sinus,PROVEN_OFFICIAL,SRC-1RE-MATHS-SPE-2026 | BO n°14 de 2026 — annexe,0,0,NO_CONTENT
MATHS,1RE,SPECIALITE,Géométrie,Calcul vectoriel et produit scalaire,MATHS.1RE.GEO.produit-scalaire-a-partir-de-la-projection-orthogonale-et-de-la-formul,Produit scalaire à partir de la projection orthogonale et de la formule avec le cosinus. Caractérisation de l’orthogonalité,PROVEN_OFFICIAL,SRC-1RE-MATHS-SPE-2026 | BO n°14 de 2026 — annexe,0,0,NO_CONTENT
MATHS,1RE,SPECIALITE,Géométrie,Calcul vectoriel et produit scalaire,MATHS.1RE.GEO.transformation-de-lexpression-m-a-m-b,Transformation de l’expression M A⃗⃗⃗⃗⃗⃗⃗ ⋅ M B⃗⃗⃗⃗⃗⃗,PROVEN_OFFICIAL,SRC-1RE-MATHS-SPE-2026 | BO n°14 de 2026 — annexe,0,0,NO_CONTENT
MATHS,1RE,SPECIALITE,Géométrie,Calcul vectoriel et produit scalaire,MATHS.1RE.GEO.utiliser-le-produit-scalaire-pour-demontrer-une-orthogonalite-pour-cal,"Utiliser le produit scalaire pour démontrer une orthogonalité, pour calculer un angle, une longueur dans le plan",PROVEN_OFFICIAL,SRC-1RE-MATHS-SPE-2026 | BO n°14 de 2026 — annexe,0,0,NO_CONTENT
MATHS,1RE,SPECIALITE,Géométrie,Calcul vectoriel et produit scalaire,MATHS.1RE.GEO.utiliser-le-produit-scalaire-pour-resoudre-un-probleme-geometrique,Utiliser le produit scalaire pour résoudre un problème géométrique,PROVEN_OFFICIAL,SRC-1RE-MATHS-SPE-2026 | BO n°14 de 2026 — annexe,0,0,NO_CONTENT
MATHS,1RE,SPECIALITE,Géométrie,Géométrie repérée,MATHS.1RE.GEO.determiner-et-utiliser-lequation-dun-cercle-donne-par-son-centre-et-so,Déterminer et utiliser l’équation d’un cercle donné par son centre et son rayon,PROVEN_OFFICIAL,SRC-1RE-MATHS-SPE-2026 | BO n°14 de 2026 — annexe,0,0,NO_CONTENT
MATHS,1RE,SPECIALITE,Géométrie,Géométrie repérée,MATHS.1RE.GEO.determiner-les-coordonnees-du-projete-orthogonal-dun-point-sur-une-dro,Déterminer les coordonnées du projeté orthogonal d’un point sur une droite,PROVEN_OFFICIAL,SRC-1RE-MATHS-SPE-2026 | BO n°14 de 2026 — annexe,0,0,NO_CONTENT
MATHS,1RE,SPECIALITE,Géométrie,Géométrie repérée,MATHS.1RE.GEO.determiner-lintersection-dun-cercle-ou-dune-parabole-dequation-y-ax2-b,Déterminer l’intersection d’un cercle ou d’une parabole d’équation 𝑦 = a𝑥2 + b𝑥 + c avec une droite parallèle à un axe,PROVEN_OFFICIAL,SRC-1RE-MATHS-SPE-2026 | BO n°14 de 2026 — annexe,0,0,NO_CONTENT
MATHS,1RE,SPECIALITE,Géométrie,Géométrie repérée,MATHS.1RE.GEO.determiner-une-equation-cartesienne-dune-droite-connaissant-un-point-e,Déterminer une équation cartésienne d’une droite connaissant un point et un vecteur normal,PROVEN_OFFICIAL,SRC-1RE-MATHS-SPE-2026 | BO n°14 de 2026 — annexe,0,0,NO_CONTENT
MATHS,1RE,SPECIALITE,Géométrie,Géométrie repérée,MATHS.1RE.GEO.equation-de-cercle,Équation de cercle,PROVEN_OFFICIAL,SRC-1RE-MATHS-SPE-2026 | BO n°14 de 2026 — annexe,0,0,NO_CONTENT
MATHS,1RE,SPECIALITE,Géométrie,Géométrie repérée,MATHS.1RE.GEO.projection-orthogonale-dun-point-sur-une-droite,Projection orthogonale d’un point sur une droite,PROVEN_OFFICIAL,SRC-1RE-MATHS-SPE-2026 | BO n°14 de 2026 — annexe,0,0,NO_CONTENT
MATHS,1RE,SPECIALITE,Géométrie,Géométrie repérée,MATHS.1RE.GEO.recherche-de-lensemble-des-points-equidistants-de-laxe-des-abscisses-e,Recherche de l’ensemble des points équidistants de l’axe des abscisses et d’un point donné,PROVEN_OFFICIAL,SRC-1RE-MATHS-SPE-2026 | BO n°14 de 2026 — annexe,0,0,NO_CONTENT
MATHS,1RE,SPECIALITE,Géométrie,Géométrie repérée,MATHS.1RE.GEO.reconnaitre-une-equation-de-cercle-determiner-centre-et-rayon,"Reconnaitre une équation de cercle, déterminer centre et rayon",PROVEN_OFFICIAL,SRC-1RE-MATHS-SPE-2026 | BO n°14 de 2026 — annexe,0,0,NO_CONTENT
MATHS,1RE,SPECIALITE,Géométrie,Géométrie repérée,MATHS.1RE.GEO.utiliser-un-repere-pour-etudier-une-configuration,Utiliser un repère pour étudier une configuration,PROVEN_OFFICIAL,SRC-1RE-MATHS-SPE-2026 | BO n°14 de 2026 — annexe,0,0,NO_CONTENT
MATHS,1RE,SPECIALITE,Géométrie,Géométrie repérée,MATHS.1RE.GEO.vecteur-normal-a-une-droite-le-vecteur-de-coordonnees-a-b-est-normal-a,"Vecteur normal à une droite. Le vecteur de coordonnées (a, b) est normal à la droite d’équation a𝑥 + b𝑦 + c = 0",PROVEN_OFFICIAL,SRC-1RE-MATHS-SPE-2026 | BO n°14 de 2026 — annexe,0,0,NO_CONTENT
MATHS,1RE,SPECIALITE,Probabilités et statistiques,Expérimentations,MATHS.1RE.PS.etudier-sur-des-exemples-la-distance-entre-la-moyenne-dun-echantillon,Étudier sur des exemples la distance entre la moyenne d’un échantillon simulé de taille n d’une variable aléatoire et l’espérance de cette variable aléatoire,PROVEN_OFFICIAL,SRC-1RE-MATHS-SPE-2026 | BO n°14 de 2026 — annexe,0,0,NO_CONTENT
MATHS,1RE,SPECIALITE,Probabilités et statistiques,Expérimentations,MATHS.1RE.PS.lire-comprendre-et-ecrire-une-fonction-python-renvoyant-la-moyenne-dun,"Lire, comprendre et écrire une fonction Python renvoyant la moyenne d’un échantillon de taille n d’une variable aléatoire",PROVEN_OFFICIAL,SRC-1RE-MATHS-SPE-2026 | BO n°14 de 2026 — annexe,0,0,NO_CONTENT
MATHS,1RE,SPECIALITE,Probabilités et statistiques,Expérimentations,MATHS.1RE.PS.simuler-avec-python-ou-un-tableur-n-echantillons-de-taille-n-dune-vari,"Simuler, avec Python ou un tableur, N échantillons de taille n d’une variable aléatoire, d’espérance μ et d’écart type σ",PROVEN_OFFICIAL,SRC-1RE-MATHS-SPE-2026 | BO n°14 de 2026 — annexe,0,0,NO_CONTENT
MATHS,1RE,SPECIALITE,Probabilités et statistiques,Expérimentations,MATHS.1RE.PS.simuler-une-variable-aleatoire-avec-python-ou-un-tableur,Simuler une variable aléatoire avec Python ou un tableur,PROVEN_OFFICIAL,SRC-1RE-MATHS-SPE-2026 | BO n°14 de 2026 — annexe,0,0,NO_CONTENT
MATHS,1RE,SPECIALITE,Probabilités et statistiques,Probabilités conditionnelles et indépendance,MATHS.1RE.PS.dans-des-cas-simples-calculer-une-probabilite-a-laide-de-la-formule-de,"Dans des cas simples, calculer une probabilité à l’aide de la formule des probabilités totales",PROVEN_OFFICIAL,SRC-1RE-MATHS-SPE-2026 | BO n°14 de 2026 — annexe,0,0,NO_CONTENT
MATHS,1RE,SPECIALITE,Probabilités et statistiques,Probabilités conditionnelles et indépendance,MATHS.1RE.PS.exemples-de-marches-aleatoires,Exemples de marches aléatoires,PROVEN_OFFICIAL,SRC-1RE-MATHS-SPE-2026 | BO n°14 de 2026 — annexe,0,0,NO_CONTENT
MATHS,1RE,SPECIALITE,Probabilités et statistiques,Probabilités conditionnelles et indépendance,MATHS.1RE.PS.exemples-de-succession-de-plusieurs-epreuves-independantes,Exemples de succession de plusieurs épreuves indépendantes,PROVEN_OFFICIAL,SRC-1RE-MATHS-SPE-2026 | BO n°14 de 2026 — annexe,0,0,NO_CONTENT
MATHS,1RE,SPECIALITE,Probabilités et statistiques,Probabilités conditionnelles et indépendance,MATHS.1RE.PS.independance-de-deux-evenements,Indépendance de deux évènements,PROVEN_OFFICIAL,SRC-1RE-MATHS-SPE-2026 | BO n°14 de 2026 — annexe,0,0,NO_CONTENT
MATHS,1RE,SPECIALITE,Probabilités et statistiques,Probabilités conditionnelles et indépendance,MATHS.1RE.PS.partition-de-lunivers-systemes-complets-devenements-formule-des-probab,Partition de l’univers (systèmes complets d’évènements). Formule des probabilités totales,PROVEN_OFFICIAL,SRC-1RE-MATHS-SPE-2026 | BO n°14 de 2026 — annexe,0,0,NO_CONTENT
MATHS,1RE,SPECIALITE,Probabilités et statistiques,Probabilités conditionnelles et indépendance,MATHS.1RE.PS.pour-n-4-repetition-de-n-epreuves-de-bernoulli-independantes-et-identi,"Pour 𝑛 ⩽ 4, répétition de 𝑛 épreuves de Bernoulli indépendantes et identiques",PROVEN_OFFICIAL,SRC-1RE-MATHS-SPE-2026 | BO n°14 de 2026 — annexe,0,0,NO_CONTENT
MATHS,1RE,SPECIALITE,Probabilités et statistiques,Probabilités conditionnelles et indépendance,MATHS.1RE.PS.pour-n-4-representer-larbre-associe-a-la-repetition-de-n-epreuves-de-b,"Pour 𝑛 ⩽ 4, représenter l’arbre associé à la répétition de 𝑛 épreuves de Bernoulli indépendantes et identiques afin de calculer des probabilités",PROVEN_OFFICIAL,SRC-1RE-MATHS-SPE-2026 | BO n°14 de 2026 — annexe,0,0,NO_CONTENT
MATHS,1RE,SPECIALITE,Probabilités et statistiques,Probabilités conditionnelles et indépendance,MATHS.1RE.PS.representer-la-succession-de-deux-epreuves-independantes-par-un-arbre,Représenter la succession de deux épreuves indépendantes par un arbre ou un tableau,PROVEN_OFFICIAL,SRC-1RE-MATHS-SPE-2026 | BO n°14 de 2026 — annexe,0,0,NO_CONTENT
MATHS,1RE,SPECIALITE,Probabilités et statistiques,Probabilités conditionnelles et indépendance,MATHS.1RE.PS.savoir-utiliser-ou-justifier-lindependance-de-deux-evenements,Savoir utiliser ou justifier l’indépendance de deux évènements,PROVEN_OFFICIAL,SRC-1RE-MATHS-SPE-2026 | BO n°14 de 2026 — annexe,0,0,NO_CONTENT
MATHS,1RE,SPECIALITE,Probabilités et statistiques,Probabilités conditionnelles et indépendance,MATHS.1RE.PS.succession-de-deux-epreuves-independantes-representation-par-un-arbre,Succession de deux épreuves indépendantes. Représentation par un arbre ou un tableau,PROVEN_OFFICIAL,SRC-1RE-MATHS-SPE-2026 | BO n°14 de 2026 — annexe,0,0,NO_CONTENT
MATHS,1RE,SPECIALITE,Probabilités et statistiques,Variables aléatoires réelles,MATHS.1RE.PS.calculer-une-esperance-une-variance-un-ecart-type,"Calculer une espérance, une variance, un écart type",PROVEN_OFFICIAL,SRC-1RE-MATHS-SPE-2026 | BO n°14 de 2026 — annexe,0,0,NO_CONTENT
MATHS,1RE,SPECIALITE,Probabilités et statistiques,Variables aléatoires réelles,MATHS.1RE.PS.determiner-la-loi-de-probabilite-dune-variable-aleatoire,Déterminer la loi de probabilité d’une variable aléatoire,PROVEN_OFFICIAL,SRC-1RE-MATHS-SPE-2026 | BO n°14 de 2026 — annexe,0,0,NO_CONTENT
MATHS,1RE,SPECIALITE,Probabilités et statistiques,Variables aléatoires réelles,MATHS.1RE.PS.esperance-variance-ecart-type-dune-variable-aleatoire,"Espérance, variance, écart type d’une variable aléatoire",PROVEN_OFFICIAL,SRC-1RE-MATHS-SPE-2026 | BO n°14 de 2026 — annexe,0,0,NO_CONTENT
MATHS,1RE,SPECIALITE,Probabilités et statistiques,Variables aléatoires réelles,MATHS.1RE.PS.formule-de-konig-huygens,Formule de König-Huygens,PROVEN_OFFICIAL,SRC-1RE-MATHS-SPE-2026 | BO n°14 de 2026 — annexe,0,0,NO_CONTENT
MATHS,1RE,SPECIALITE,Probabilités et statistiques,Variables aléatoires réelles,MATHS.1RE.PS.interpreter-en-situation-et-utiliser-les-notations-x-a-x-a-p-x-a-p-x-a,"Interpréter en situation et utiliser les notations {X = a}, {X ⩽ a}, P(X = a), P(X ⩽ a). Passer du registre de la langue naturelle au registre symbolique et…",PROVEN_OFFICIAL,SRC-1RE-MATHS-SPE-2026 | BO n°14 de 2026 — annexe,0,0,NO_CONTENT
MATHS,1RE,SPECIALITE,Probabilités et statistiques,Variables aléatoires réelles,MATHS.1RE.PS.linearite-de-lesperance,Linéarité de l’espérance,PROVEN_OFFICIAL,SRC-1RE-MATHS-SPE-2026 | BO n°14 de 2026 — annexe,0,0,NO_CONTENT
MATHS,1RE,SPECIALITE,Probabilités et statistiques,Variables aléatoires réelles,MATHS.1RE.PS.loi-dune-variable-aleatoire,Loi d’une variable aléatoire,PROVEN_OFFICIAL,SRC-1RE-MATHS-SPE-2026 | BO n°14 de 2026 — annexe,0,0,NO_CONTENT
MATHS,1RE,SPECIALITE,Probabilités et statistiques,Variables aléatoires réelles,MATHS.1RE.PS.modeliser-une-situation-a-laide-dune-variable-aleatoire,Modéliser une situation à l’aide d’une variable aléatoire,PROVEN_OFFICIAL,SRC-1RE-MATHS-SPE-2026 | BO n°14 de 2026 — annexe,0,0,NO_CONTENT
MATHS,1RE,SPECIALITE,Probabilités et statistiques,Variables aléatoires réelles,MATHS.1RE.PS.pour-x-variable-aleatoire-etude-de-la-fonction-du-second-degre-x-e-x-x,"Pour X variable aléatoire, étude de la fonction du second degré 𝑥 ↦ E((X – 𝑥)²)",PROVEN_OFFICIAL,SRC-1RE-MATHS-SPE-2026 | BO n°14 de 2026 — annexe,0,0,NO_CONTENT
MATHS,1RE,SPECIALITE,Probabilités et statistiques,Variables aléatoires réelles,MATHS.1RE.PS.utiliser-la-notion-desperance-dans-une-resolution-de-probleme-mise-pou,"Utiliser la notion d’espérance dans une résolution de problème (mise pour un jeu équitable, etc.)",PROVEN_OFFICIAL,SRC-1RE-MATHS-SPE-2026 | BO n°14 de 2026 — annexe,0,0,NO_CONTENT
MATHS,1RE,SPECIALITE,Probabilités et statistiques,Variables aléatoires réelles,MATHS.1RE.PS.variable-aleatoire-reelle-modelisation-du-resultat-numerique-dune-expe,Variable aléatoire réelle : modélisation du résultat numérique d’une expérience aléatoire ; formalisation comme fonction définie sur l’univers et à valeurs…,PROVEN_OFFICIAL,SRC-1RE-MATHS-SPE-2026 | BO n°14 de 2026 — annexe,0,0,NO_CONTENT
MATHS,TLE,MATHS_COMPLEMENTAIRES,Analyse,"Fonctions : continuité, dérivabilité, limites, représentation graphique",MATHS.TLE.CAN.calcul-de-la-fonction-derivee-de-ln-u-de-exp-u,"Calcul de la fonction dérivée de ln u, de exp u",PROVEN_OFFICIAL,SRC-TLE-MATHS-COMP-2019 | BO spécial n°8 du 25 juillet 2019,0,0,NO_CONTENT
MATHS,TLE,MATHS_COMPLEMENTAIRES,Analyse,"Fonctions : continuité, dérivabilité, limites, représentation graphique",MATHS.TLE.CAN.calcul-de-la-fonction-derivee-du-logarithme-en-admettant-sa-derivabili,"Calcul de la fonction dérivée du logarithme, en admettant sa dérivabilité",PROVEN_OFFICIAL,SRC-TLE-MATHS-COMP-2019 | BO spécial n°8 du 25 juillet 2019,0,0,NO_CONTENT
MATHS,TLE,MATHS_COMPLEMENTAIRES,Analyse,"Fonctions : continuité, dérivabilité, limites, représentation graphique",MATHS.TLE.CAN.calculer-une-fonction-derivee-calculer-des-limites-dresser-un-tableau,"Calculer une fonction dérivée, calculer des limites. Dresser un tableau de variation",PROVEN_OFFICIAL,SRC-TLE-MATHS-COMP-2019 | BO spécial n°8 du 25 juillet 2019,0,0,NO_CONTENT
MATHS,TLE,MATHS_COMPLEMENTAIRES,Analyse,"Fonctions : continuité, dérivabilité, limites, représentation graphique",MATHS.TLE.CAN.dans-le-cadre-de-la-resolution-de-probleme-utiliser-le-calcul-des-limi,"Dans le cadre de la résolution de problème, utiliser le calcul des limites, l’allure des courbes représentatives des fonctions inverse, carré, cube, racine…",PROVEN_OFFICIAL,SRC-TLE-MATHS-COMP-2019 | BO spécial n°8 du 25 juillet 2019,0,0,NO_CONTENT
MATHS,TLE,MATHS_COMPLEMENTAIRES,Analyse,"Fonctions : continuité, dérivabilité, limites, représentation graphique",MATHS.TLE.CAN.determiner-des-valeurs-approchees-un-encadrement-dune-solution-dune-eq,"Déterminer des valeurs approchées, un encadrement d’une solution d’une équation du type ƒ(x) = k",PROVEN_OFFICIAL,SRC-TLE-MATHS-COMP-2019 | BO spécial n°8 du 25 juillet 2019,0,0,NO_CONTENT
MATHS,TLE,MATHS_COMPLEMENTAIRES,Analyse,"Fonctions : continuité, dérivabilité, limites, représentation graphique",MATHS.TLE.CAN.exploiter-le-tableau-de-variation-pour-determiner-le-nombre-de-solutio,"Exploiter le tableau de variation pour déterminer le nombre de solutions d’une équation du type ƒ(x) = k, pour résoudre une inéquation du type ƒ(x) ⩽ k",PROVEN_OFFICIAL,SRC-TLE-MATHS-COMP-2019 | BO spécial n°8 du 25 juillet 2019,0,0,NO_CONTENT
MATHS,TLE,MATHS_COMPLEMENTAIRES,Analyse,"Fonctions : continuité, dérivabilité, limites, représentation graphique",MATHS.TLE.CAN.fonction-derivee-de-x-a-x-b-x-eu-x-x-ln-u-x-x-u-x-2,"Fonction dérivée de x ↦ ƒ(a x + b), x ↦ eu(x), x ↦ ln u(x), x ↦ u(x)2",PROVEN_OFFICIAL,SRC-TLE-MATHS-COMP-2019 | BO spécial n°8 du 25 juillet 2019,0,0,NO_CONTENT
MATHS,TLE,MATHS_COMPLEMENTAIRES,Analyse,"Fonctions : continuité, dérivabilité, limites, représentation graphique",MATHS.TLE.CAN.fonction-logarithme-neperien-reciproque-de-la-fonction-exponentielle-l,"Fonction logarithme népérien : réciproque de la fonction exponentielle. Limites, représentation graphique. Équation fonctionnelle. Fonction dérivée",PROVEN_OFFICIAL,SRC-TLE-MATHS-COMP-2019 | BO spécial n°8 du 25 juillet 2019,0,0,NO_CONTENT
MATHS,TLE,MATHS_COMPLEMENTAIRES,Analyse,"Fonctions : continuité, dérivabilité, limites, représentation graphique",MATHS.TLE.CAN.notion-de-limite-lien-avec-la-continuite-et-les-asymptotes-horizontale,"Notion de limite. Lien avec la continuité et les asymptotes horizontales ou verticales. Limites des fonctions de référence (carré, cube, racine carrée…",PROVEN_OFFICIAL,SRC-TLE-MATHS-COMP-2019 | BO spécial n°8 du 25 juillet 2019,0,0,NO_CONTENT
MATHS,TLE,MATHS_COMPLEMENTAIRES,Analyse,"Fonctions : continuité, dérivabilité, limites, représentation graphique",MATHS.TLE.CAN.reciproque-dune-fonction-continue-strictement-monotone-sur-un-interval,"Réciproque d’une fonction continue strictement monotone sur un intervalle , représentation graphique",PROVEN_OFFICIAL,SRC-TLE-MATHS-COMP-2019 | BO spécial n°8 du 25 juillet 2019,0,0,NO_CONTENT
MATHS,TLE,MATHS_COMPLEMENTAIRES,Analyse,"Fonctions : continuité, dérivabilité, limites, représentation graphique",MATHS.TLE.CAN.relations-ln-ab-ln-a-ln-b-ln-1-a-ln-a,"Relations ln (ab) = ln a + ln b, ln ( 1 a ) = - ln a",PROVEN_OFFICIAL,SRC-TLE-MATHS-COMP-2019 | BO spécial n°8 du 25 juillet 2019,0,0,NO_CONTENT
MATHS,TLE,MATHS_COMPLEMENTAIRES,Analyse,"Fonctions : continuité, dérivabilité, limites, représentation graphique",MATHS.TLE.CAN.theoreme-des-valeurs-intermediaires-admis-cas-des-fonctions-strictemen,Théorème des valeurs intermédiaires (admis). Cas des fonctions strictement monotones,PROVEN_OFFICIAL,SRC-TLE-MATHS-COMP-2019 | BO spécial n°8 du 25 juillet 2019,0,0,NO_CONTENT
MATHS,TLE,MATHS_COMPLEMENTAIRES,Analyse,"Fonctions : continuité, dérivabilité, limites, représentation graphique",MATHS.TLE.CAN.utiliser-la-relation-ln-q-n-n-ln-q-pour-determiner-un-seuil,Utiliser la relation ln q n = n ln q pour déterminer un seuil,PROVEN_OFFICIAL,SRC-TLE-MATHS-COMP-2019 | BO spécial n°8 du 25 juillet 2019,0,0,NO_CONTENT
MATHS,TLE,MATHS_COMPLEMENTAIRES,Analyse,"Fonctions : continuité, dérivabilité, limites, représentation graphique",MATHS.TLE.CAN.utiliser-lequation-fonctionnelle-de-lexponentielle-ou-du-logarithm-e-p,"Utiliser l’équation fonctionnelle de l’exponentielle ou du logarithm e pour transformer une écriture, résoudre une équation, une inéquation",PROVEN_OFFICIAL,SRC-TLE-MATHS-COMP-2019 | BO spécial n°8 du 25 juillet 2019,0,0,NO_CONTENT
MATHS,TLE,MATHS_COMPLEMENTAIRES,Analyse,Fonctions convexes,MATHS.TLE.CAN.caracterisation-admise-par-la-croissance-de-la-positivite-de,"Caractérisation admise par la croissance de ƒ’, la positivité de ƒ’’",PROVEN_OFFICIAL,SRC-TLE-MATHS-COMP-2019 | BO spécial n°8 du 25 juillet 2019,0,0,NO_CONTENT
MATHS,TLE,MATHS_COMPLEMENTAIRES,Analyse,Fonctions convexes,MATHS.TLE.CAN.derivee-seconde-dune-fonction,Dérivée seconde d’une fonction,PROVEN_OFFICIAL,SRC-TLE-MATHS-COMP-2019 | BO spécial n°8 du 25 juillet 2019,0,0,NO_CONTENT
MATHS,TLE,MATHS_COMPLEMENTAIRES,Analyse,Fonctions convexes,MATHS.TLE.CAN.etudier-la-convexite-la-concavite-d-une-fonction-deux-fois-derivable-s,"Étudier la convexité, la concavité, d'une fonction deux fois dérivable sur un intervalle",PROVEN_OFFICIAL,SRC-TLE-MATHS-COMP-2019 | BO spécial n°8 du 25 juillet 2019,0,0,NO_CONTENT
MATHS,TLE,MATHS_COMPLEMENTAIRES,Analyse,Fonctions convexes,MATHS.TLE.CAN.fonction-convexe-sur-un-intervalle-definition-par-la-position-relative,"Fonction convexe sur un intervalle : définition par la position relative de la courbe représentative et des sécantes, équivalence admise, lorsque ƒ est…",PROVEN_OFFICIAL,SRC-TLE-MATHS-COMP-2019 | BO spécial n°8 du 25 juillet 2019,0,0,NO_CONTENT
MATHS,TLE,MATHS_COMPLEMENTAIRES,Analyse,Fonctions convexes,MATHS.TLE.CAN.point-dinflexion,Point d’inflexion,PROVEN_OFFICIAL,SRC-TLE-MATHS-COMP-2019 | BO spécial n°8 du 25 juillet 2019,0,0,NO_CONTENT
MATHS,TLE,MATHS_COMPLEMENTAIRES,Analyse,Fonctions convexes,MATHS.TLE.CAN.reconnaitre-sur-une-representation-graphique-une-fonction-convexe-conc,"Reconnaître sur une représentation graphique une fonction convexe, concave, un point d’inflexion",PROVEN_OFFICIAL,SRC-TLE-MATHS-COMP-2019 | BO spécial n°8 du 25 juillet 2019,0,0,NO_CONTENT
MATHS,TLE,MATHS_COMPLEMENTAIRES,Analyse,Intégration,MATHS.TLE.CAN.approximation-dune-integrale-par-la-methode-des-rectangles,Approximation d’une intégrale par la méthode des rectangles,PROVEN_OFFICIAL,SRC-TLE-MATHS-COMP-2019 | BO spécial n°8 du 25 juillet 2019,0,0,NO_CONTENT
MATHS,TLE,MATHS_COMPLEMENTAIRES,Analyse,Intégration,MATHS.TLE.CAN.calcul-dinte-grales-a-laide-de-primitives-si-f-est-une-primitive-de-al,"Calcul d’inté grales à l’aide de primitives : si F est une primitive de ƒ, alors ∫ ƒ(x)dx b a = F(b) - F(a)",PROVEN_OFFICIAL,SRC-TLE-MATHS-COMP-2019 | BO spécial n°8 du 25 juillet 2019,0,0,NO_CONTENT
MATHS,TLE,MATHS_COMPLEMENTAIRES,Analyse,Intégration,MATHS.TLE.CAN.calculer-laire-sous-une-courbe-ou-entre-deux-courbes,Calculer l’aire sous une courbe ou entre deux courbes,PROVEN_OFFICIAL,SRC-TLE-MATHS-COMP-2019 | BO spécial n°8 du 25 juillet 2019,0,0,NO_CONTENT
MATHS,TLE,MATHS_COMPLEMENTAIRES,Analyse,Intégration,MATHS.TLE.CAN.calculer-une-integrale-une-valeur-moyenne,"Calculer une intégrale, une valeur moyenne",PROVEN_OFFICIAL,SRC-TLE-MATHS-COMP-2019 | BO spécial n°8 du 25 juillet 2019,0,0,NO_CONTENT
MATHS,TLE,MATHS_COMPLEMENTAIRES,Analyse,Intégration,MATHS.TLE.CAN.definition-de-lintegrale-dune-fonction-continue-et-positive-sur-a-b-co,"Définition de l’intégrale d’une fonction continue et positive sur [a,b] comme aire sous la courbe. Notation ∫ ƒ(x)dx b a . Relation de Chasles",PROVEN_OFFICIAL,SRC-TLE-MATHS-COMP-2019 | BO spécial n°8 du 25 juillet 2019,0,0,NO_CONTENT
MATHS,TLE,MATHS_COMPLEMENTAIRES,Analyse,Intégration,MATHS.TLE.CAN.derivee-de-x-t-dt-x-a-lorsque-est-une-fonction-continue-positive-crois,Dérivée de x ↦ ∫ ƒ(t)dt x a lorsque ƒ est une fonction continue positive croissante,PROVEN_OFFICIAL,SRC-TLE-MATHS-COMP-2019 | BO spécial n°8 du 25 juillet 2019,0,0,NO_CONTENT
MATHS,TLE,MATHS_COMPLEMENTAIRES,Analyse,Intégration,MATHS.TLE.CAN.estimer-graphiquement-ou-encadrer-une-integrale-une-valeur-moyenne,"Estimer graphiquement ou encadrer une intégrale, une valeur moyenne",PROVEN_OFFICIAL,SRC-TLE-MATHS-COMP-2019 | BO spécial n°8 du 25 juillet 2019,0,0,NO_CONTENT
MATHS,TLE,MATHS_COMPLEMENTAIRES,Analyse,Intégration,MATHS.TLE.CAN.interpreter-une-integrale-une-valeur-moyenne-dans-un-contexte-issu-dun,"Interpréter une intégrale, une valeur moyenne dans un contexte issu d’une autre discipline",PROVEN_OFFICIAL,SRC-TLE-MATHS-COMP-2019 | BO spécial n°8 du 25 juillet 2019,0,0,NO_CONTENT
MATHS,TLE,MATHS_COMPLEMENTAIRES,Analyse,Intégration,MATHS.TLE.CAN.presentation-de-lintegrale-des-fonctions-continues-de-signe-quelconque,Présentation de l’intégrale des fonctions continues de signe quelconque,PROVEN_OFFICIAL,SRC-TLE-MATHS-COMP-2019 | BO spécial n°8 du 25 juillet 2019,0,0,NO_CONTENT
MATHS,TLE,MATHS_COMPLEMENTAIRES,Analyse,Intégration,MATHS.TLE.CAN.theoreme-si-est-continue-sur-a-b-la-fonction-f-definie-sur-a-b-par-f-x,"Théorème : si ƒ est continue sur [a,b], la fonction F définie sur [a,b] par F(x) = ∫ ƒ(t)dt x a est dérivable sur [a,b] et a pour dérivée ƒ",PROVEN_OFFICIAL,SRC-TLE-MATHS-COMP-2019 | BO spécial n°8 du 25 juillet 2019,0,0,NO_CONTENT
MATHS,TLE,MATHS_COMPLEMENTAIRES,Analyse,Intégration,MATHS.TLE.CAN.valeur-moyenne-dune-fonction-continue-sur-a-b-approche-graphique-et-nu,"Valeur moyenne d’une fonction continue sur [a,b]. Approche graphique et numérique. La valeur moyenne est comprise entre les bornes de la fonction",PROVEN_OFFICIAL,SRC-TLE-MATHS-COMP-2019 | BO spécial n°8 du 25 juillet 2019,0,0,NO_CONTENT
MATHS,TLE,MATHS_COMPLEMENTAIRES,Analyse,Primitives et équations différentielles,MATHS.TLE.CAN.determiner-les-primitives-dune-fonction-en-reconnaissant-la-derivee-du,"Déterminer les primitives d’une fonction, en reconnaissant la dérivée d’une fonction de référence ou une fonction de la forme 2 u u’, eu u’ ou u’ / u",PROVEN_OFFICIAL,SRC-TLE-MATHS-COMP-2019 | BO spécial n°8 du 25 juillet 2019,0,0,NO_CONTENT
MATHS,TLE,MATHS_COMPLEMENTAIRES,Analyse,Primitives et équations différentielles,MATHS.TLE.CAN.deux-primitives-dune-meme-fonction-continue-sur-un-intervalle-differen,Deux primitives d’une même fonction continue sur un intervalle diffèrent d’une constante,PROVEN_OFFICIAL,SRC-TLE-MATHS-COMP-2019 | BO spécial n°8 du 25 juillet 2019,0,0,NO_CONTENT
MATHS,TLE,MATHS_COMPLEMENTAIRES,Analyse,Primitives et équations différentielles,MATHS.TLE.CAN.equation-differentielle-y-a-y-b-ou-a-et-b-sont-des-reels-allure-des-co,"Équation différentielle y’ = a y + b, où a et b sont des réels ; allure des courbes",PROVEN_OFFICIAL,SRC-TLE-MATHS-COMP-2019 | BO spécial n°8 du 25 juillet 2019,0,0,NO_CONTENT
MATHS,TLE,MATHS_COMPLEMENTAIRES,Analyse,Primitives et équations différentielles,MATHS.TLE.CAN.notion-de-primitive-en-liaison-avec-lequation-differentielle-y-deux-pr,"Notion de primitive, en liaison avec l’équation différentielle y’ = ƒ. Deux primitives d’une même fonction continue sur un intervalle diffèrent d’une…",PROVEN_OFFICIAL,SRC-TLE-MATHS-COMP-2019 | BO spécial n°8 du 25 juillet 2019,0,0,NO_CONTENT
MATHS,TLE,MATHS_COMPLEMENTAIRES,Analyse,Primitives et équations différentielles,MATHS.TLE.CAN.resolution-de-lequation-differentielle-y-a-y,Résolution de l’équation différentielle y’ = a y,PROVEN_OFFICIAL,SRC-TLE-MATHS-COMP-2019 | BO spécial n°8 du 25 juillet 2019,0,0,NO_CONTENT
MATHS,TLE,MATHS_COMPLEMENTAIRES,Analyse,Primitives et équations différentielles,MATHS.TLE.CAN.resoudre-une-equation-differentielle-y-a-y-p-our-une-equation-differen,Résoudre une équation différentielle y’ = a y. P our une équation différentielle y’ = a y + b : déterminer une solution particulière constante ; utiliser cette…,PROVEN_OFFICIAL,SRC-TLE-MATHS-COMP-2019 | BO spécial n°8 du 25 juillet 2019,0,0,NO_CONTENT
MATHS,TLE,MATHS_COMPLEMENTAIRES,Analyse,Primitives et équations différentielles,MATHS.TLE.CAN.sur-des-exemples-notion-dune-solution-dequation-differentielle,"Sur des exemples, notion d’une solution d’équation différentielle",PROVEN_OFFICIAL,SRC-TLE-MATHS-COMP-2019 | BO spécial n°8 du 25 juillet 2019,0,0,NO_CONTENT
MATHS,TLE,MATHS_COMPLEMENTAIRES,Analyse,Primitives et équations différentielles,MATHS.TLE.CAN.verifier-quune-fonction-donnee-est-solution-dune-equation-differentiel,Vérifier qu’une fonction donnée est solution d’une équation différentielle,PROVEN_OFFICIAL,SRC-TLE-MATHS-COMP-2019 | BO spécial n°8 du 25 juillet 2019,0,0,NO_CONTENT
MATHS,TLE,MATHS_COMPLEMENTAIRES,Analyse,"Suites numériques, modèles discrets",MATHS.TLE.CAN.approche-intuitive-de-la-notion-de-limite-finie-ou-infinie-dune-suite,"Approche intuitive de la notion de limite , finie ou infinie, d’une suite, des opérations sur les limites, du passage à la limite dans les inégalités et du…",PROVEN_OFFICIAL,SRC-TLE-MATHS-COMP-2019 | BO spécial n°8 du 25 juillet 2019,0,0,NO_CONTENT
MATHS,TLE,MATHS_COMPLEMENTAIRES,Analyse,"Suites numériques, modèles discrets",MATHS.TLE.CAN.calculer-une-limite-de-suite-geometrique-de-la-somme-des-termes-dune-s,"Calculer une limite de suite géométrique, de la somme des termes d’une suite géométrique de raison positive et strictement inférieure à 1",PROVEN_OFFICIAL,SRC-TLE-MATHS-COMP-2019 | BO spécial n°8 du 25 juillet 2019,0,0,NO_CONTENT
MATHS,TLE,MATHS_COMPLEMENTAIRES,Analyse,"Suites numériques, modèles discrets",MATHS.TLE.CAN.limite-de-la-s-omme-des-termes-dune-suite-geometrique-de-raison-positi,Limite de la s omme des termes d’une suite géométrique de raison positive strictement inférieure à 1,PROVEN_OFFICIAL,SRC-TLE-MATHS-COMP-2019 | BO spécial n°8 du 25 juillet 2019,0,0,NO_CONTENT
MATHS,TLE,MATHS_COMPLEMENTAIRES,Analyse,"Suites numériques, modèles discrets",MATHS.TLE.CAN.limite-des-s-ommes-des-termes-dune-suite-geometrique-de-raison-positiv,Limite des s ommes des termes d’une suite géométrique de raison positive strictement inférieure à 1,PROVEN_OFFICIAL,SRC-TLE-MATHS-COMP-2019 | BO spécial n°8 du 25 juillet 2019,0,0,NO_CONTENT
MATHS,TLE,MATHS_COMPLEMENTAIRES,Analyse,"Suites numériques, modèles discrets",MATHS.TLE.CAN.limite-dune-suite-geometrique-de-raison-positive,Limite d’une suite géométrique de raison positive,PROVEN_OFFICIAL,SRC-TLE-MATHS-COMP-2019 | BO spécial n°8 du 25 juillet 2019,0,0,NO_CONTENT
MATHS,TLE,MATHS_COMPLEMENTAIRES,Analyse,"Suites numériques, modèles discrets",MATHS.TLE.CAN.modeliser-un-probleme-par-une-suite-donnee-par-une-formule-explicite-o,Modéliser un problème par une suite donnée par une formule explicite ou une relation de récurrence,PROVEN_OFFICIAL,SRC-TLE-MATHS-COMP-2019 | BO spécial n°8 du 25 juillet 2019,0,0,NO_CONTENT
MATHS,TLE,MATHS_COMPLEMENTAIRES,Analyse,"Suites numériques, modèles discrets",MATHS.TLE.CAN.pour-une-recurrence-arithmetico-geometrique-recherche-dune-suite-const,Pour une récurrence arithmético -géométrique : recherche d’une suite constante solution particulière ; utilisation de cette suite pour déterminer toutes les…,PROVEN_OFFICIAL,SRC-TLE-MATHS-COMP-2019 | BO spécial n°8 du 25 juillet 2019,0,0,NO_CONTENT
MATHS,TLE,MATHS_COMPLEMENTAIRES,Analyse,"Suites numériques, modèles discrets",MATHS.TLE.CAN.representer-graphiquement-une-suite-donnee-par-une-relation-de-recurre,Représenter graphiquement une suite donnée par une relation de récurrence un+1 = ƒ(un) où ƒ est une fonction continue d’un intervalle I dans lui -même.…,PROVEN_OFFICIAL,SRC-TLE-MATHS-COMP-2019 | BO spécial n°8 du 25 juillet 2019,0,0,NO_CONTENT
MATHS,TLE,MATHS_COMPLEMENTAIRES,Analyse,"Suites numériques, modèles discrets",MATHS.TLE.CAN.suites-arithmetico-geometriques,Suites arithmético-géométriques,PROVEN_OFFICIAL,SRC-TLE-MATHS-COMP-2019 | BO spécial n°8 du 25 juillet 2019,0,0,NO_CONTENT
MATHS,TLE,MATHS_COMPLEMENTAIRES,Probabilités et statistique,Lois discrètes,MATHS.TLE.CPS.calculer-des-probabilites-dans-des-situations-faisant-intervenir-des-p,"Calculer des probabilités dans des situations faisant intervenir des probabilités conditionnelles, des répétitions d’expériences aléatoires",PROVEN_OFFICIAL,SRC-TLE-MATHS-COMP-2019 | BO spécial n°8 du 25 juillet 2019,0,0,NO_CONTENT
MATHS,TLE,MATHS_COMPLEMENTAIRES,Probabilités et statistique,Lois discrètes,MATHS.TLE.CPS.caracterisation-dune-loi-geometrique-par-labsence-de-memoire,Caractérisation d’une loi géométrique par l’absence de mémoire,PROVEN_OFFICIAL,SRC-TLE-MATHS-COMP-2019 | BO spécial n°8 du 25 juillet 2019,0,0,NO_CONTENT
MATHS,TLE,MATHS_COMPLEMENTAIRES,Probabilités et statistique,Lois discrètes,MATHS.TLE.CPS.coefficients-binomiaux-definition-nombre-de-facons-dobtenir-k-succes-d,"Coefficients binomiaux : définition (nombre de façons d’obtenir k succès dans un schéma de Bernoulli de taille n), triangle de Pascal, symétrie",PROVEN_OFFICIAL,SRC-TLE-MATHS-COMP-2019 | BO spécial n°8 du 25 juillet 2019,0,0,NO_CONTENT
MATHS,TLE,MATHS_COMPLEMENTAIRES,Probabilités et statistique,Lois discrètes,MATHS.TLE.CPS.dans-le-cadre-de-la-resolution-de-probleme-utiliser-lesperance-des-loi,"Dans le cadre de la résolution de problème, utiliser l’espérance des lois précédentes",PROVEN_OFFICIAL,SRC-TLE-MATHS-COMP-2019 | BO spécial n°8 du 25 juillet 2019,0,0,NO_CONTENT
MATHS,TLE,MATHS_COMPLEMENTAIRES,Probabilités et statistique,Lois discrètes,MATHS.TLE.CPS.dans-le-cas-ou-x-suit-une-loi-binomiale-calculer-a-laide-dune-calculat,"Dans le cas où 𝑋 suit une loi binomiale, calculer à l’aide d’une calculatrice ou d’un logiciel, les probabilités des événements de type P(X = k) ou P(X ⩽ k)…",PROVEN_OFFICIAL,SRC-TLE-MATHS-COMP-2019 | BO spécial n°8 du 25 juillet 2019,0,0,NO_CONTENT
MATHS,TLE,MATHS_COMPLEMENTAIRES,Probabilités et statistique,Lois discrètes,MATHS.TLE.CPS.dans-le-cas-ou-x-suit-une-loi-binomiale-d-eterminer-un-intervalle-i-po,"Dans le cas où X suit une loi binomiale, d éterminer un intervalle I pour lequel la probabilité P(X ∈ I ) est inférieure à une valeur donnée α, ou supérieure à…",PROVEN_OFFICIAL,SRC-TLE-MATHS-COMP-2019 | BO spécial n°8 du 25 juillet 2019,0,0,NO_CONTENT
MATHS,TLE,MATHS_COMPLEMENTAIRES,Probabilités et statistique,Lois discrètes,MATHS.TLE.CPS.determiner-des-coefficients-binomiaux-a-laide-du-triangle-de-pascal,Déterminer des coefficients binomiaux à l’aide du triangle de Pascal,PROVEN_OFFICIAL,SRC-TLE-MATHS-COMP-2019 | BO spécial n°8 du 25 juillet 2019,0,0,NO_CONTENT
MATHS,TLE,MATHS_COMPLEMENTAIRES,Probabilités et statistique,Lois discrètes,MATHS.TLE.CPS.epreuve-de-bernoulli-loi-de-bernoulli-definition-esperance-et-ecart-ty,"Épreuve de Bernoulli. Loi de Bernoulli : définition, espérance et écart type",PROVEN_OFFICIAL,SRC-TLE-MATHS-COMP-2019 | BO spécial n°8 du 25 juillet 2019,0,0,NO_CONTENT
MATHS,TLE,MATHS_COMPLEMENTAIRES,Probabilités et statistique,Lois discrètes,MATHS.TLE.CPS.esperance-dune-variable-aleatoire-suivant-une-binomiale-n-3,Espérance d’une variable aléatoire suivant une binomiale (n ⩽ 3),PROVEN_OFFICIAL,SRC-TLE-MATHS-COMP-2019 | BO spécial n°8 du 25 juillet 2019,0,0,NO_CONTENT
MATHS,TLE,MATHS_COMPLEMENTAIRES,Probabilités et statistique,Lois discrètes,MATHS.TLE.CPS.esperance-dune-variable-aleatoire-uniforme-sur-1-2-n,"Espérance d’une variable aléatoire uniforme sur {1,2,…,n}",PROVEN_OFFICIAL,SRC-TLE-MATHS-COMP-2019 | BO spécial n°8 du 25 juillet 2019,0,0,NO_CONTENT
MATHS,TLE,MATHS_COMPLEMENTAIRES,Probabilités et statistique,Lois discrètes,MATHS.TLE.CPS.esperance-et-ecart-type-dune-variable-aleatoire-suivant-une-loi-de-ber,Espérance et écart type d’une variable aléatoire suivant une loi de Bernoulli,PROVEN_OFFICIAL,SRC-TLE-MATHS-COMP-2019 | BO spécial n°8 du 25 juillet 2019,0,0,NO_CONTENT
MATHS,TLE,MATHS_COMPLEMENTAIRES,Probabilités et statistique,Lois discrètes,MATHS.TLE.CPS.identifier-des-situations-ou-une-variable-aleatoire-suit-une-loi-de-be,"Identifier des situations où une variable aléatoire suit une loi de Bernoulli, une loi binomiale ou une loi géométrique",PROVEN_OFFICIAL,SRC-TLE-MATHS-COMP-2019 | BO spécial n°8 du 25 juillet 2019,0,0,NO_CONTENT
MATHS,TLE,MATHS_COMPLEMENTAIRES,Probabilités et statistique,Lois discrètes,MATHS.TLE.CPS.loi-geometrique-definition-expression-esperance-admise-representation,"Loi géométrique : définition, expression, espérance (admise), représentation graphique et propriété caractéristique (loi sans mémoire)",PROVEN_OFFICIAL,SRC-TLE-MATHS-COMP-2019 | BO spécial n°8 du 25 juillet 2019,0,0,NO_CONTENT
MATHS,TLE,MATHS_COMPLEMENTAIRES,Probabilités et statistique,Lois discrètes,MATHS.TLE.CPS.loi-uniforme-sur-1-2-n-esperance,"Loi uniforme sur {1,2,…,n}. Espérance",PROVEN_OFFICIAL,SRC-TLE-MATHS-COMP-2019 | BO spécial n°8 du 25 juillet 2019,0,0,NO_CONTENT
MATHS,TLE,MATHS_COMPLEMENTAIRES,Probabilités et statistique,Lois discrètes,MATHS.TLE.CPS.schema-de-bernoulli-representation-par-un-arbre,Schéma de Bernoulli. Représentation par un arbre,PROVEN_OFFICIAL,SRC-TLE-MATHS-COMP-2019 | BO spécial n°8 du 25 juillet 2019,0,0,NO_CONTENT
MATHS,TLE,MATHS_COMPLEMENTAIRES,Probabilités et statistique,Lois discrètes,MATHS.TLE.CPS.utiliser-en-situation-la-caracterisation-dune-loi-geometrique-par-labs,Utiliser en situation la caractérisation d’une loi géométrique par l’absence de mémoire,PROVEN_OFFICIAL,SRC-TLE-MATHS-COMP-2019 | BO spécial n°8 du 25 juillet 2019,0,0,NO_CONTENT
MATHS,TLE,MATHS_COMPLEMENTAIRES,Probabilités et statistique,Lois discrètes,MATHS.TLE.CPS.variable-aleatoire-suivant-une-loi-binomiale-b-n-p-interpretation-nomb,"Variable aléatoire suivant une loi binomiale ℬ(n,p). Interprétation : nombre de succès dans le schéma de Bernoulli. Expression, espérance et écart type (admis…",PROVEN_OFFICIAL,SRC-TLE-MATHS-COMP-2019 | BO spécial n°8 du 25 juillet 2019,0,0,NO_CONTENT
MATHS,TLE,MATHS_COMPLEMENTAIRES,Probabilités et statistique,Lois à densité,MATHS.TLE.CPS.calculer-lesperance-dune-variable-aleatoire-a-densite,Calculer l’espérance d’une variable aléatoire à densité,PROVEN_OFFICIAL,SRC-TLE-MATHS-COMP-2019 | BO spécial n°8 du 25 juillet 2019,0,0,NO_CONTENT
MATHS,TLE,MATHS_COMPLEMENTAIRES,Probabilités et statistique,Lois à densité,MATHS.TLE.CPS.determiner-si-une-fonction-est-une-densite-de-probabilite-calculer-des,Déterminer si une fonction est une densité de probabilité. Calculer des probabilités,PROVEN_OFFICIAL,SRC-TLE-MATHS-COMP-2019 | BO spécial n°8 du 25 juillet 2019,0,0,NO_CONTENT
MATHS,TLE,MATHS_COMPLEMENTAIRES,Probabilités et statistique,Lois à densité,MATHS.TLE.CPS.esperance-et-variance-dune-loi-a-densite-expressions-sous-forme-dinteg,"Espérance et variance d’une loi à densité, expressions sous forme d’intégrales",PROVEN_OFFICIAL,SRC-TLE-MATHS-COMP-2019 | BO spécial n°8 du 25 juillet 2019,0,0,NO_CONTENT
MATHS,TLE,MATHS_COMPLEMENTAIRES,Probabilités et statistique,Lois à densité,MATHS.TLE.CPS.loi-exponentielle-fonction-densite-fonction-de-repartition-e-sperance,"Loi exponentielle . Fonction densité, fonction de répartition. E spérance, propriété d'absence de mémoire",PROVEN_OFFICIAL,SRC-TLE-MATHS-COMP-2019 | BO spécial n°8 du 25 juillet 2019,0,0,NO_CONTENT
MATHS,TLE,MATHS_COMPLEMENTAIRES,Probabilités et statistique,Lois à densité,MATHS.TLE.CPS.loi-uniforme-sur-0-1-puis-sur-a-b-fonction-de-densite-fonction-de-repa,"Loi uniforme sur [0,1] puis sur [ a,b]. Fonction de densité, fonction de répartition. Espérance et variance",PROVEN_OFFICIAL,SRC-TLE-MATHS-COMP-2019 | BO spécial n°8 du 25 juillet 2019,0,0,NO_CONTENT
MATHS,TLE,MATHS_COMPLEMENTAIRES,Probabilités et statistique,Lois à densité,MATHS.TLE.CPS.notion-de-loi-a-densite-a-partir-d-exemples-representation-dune-probab,Notion de loi à densité à partir d’ exemples. Représentation d’une probabilité comme une aire. Fonction de répartition x ↦ P(X ⩽ x),PROVEN_OFFICIAL,SRC-TLE-MATHS-COMP-2019 | BO spécial n°8 du 25 juillet 2019,0,0,NO_CONTENT
MATHS,TLE,MATHS_COMPLEMENTAIRES,Probabilités et statistique,Statistique à deux variables quantitatives,MATHS.TLE.CPS.ajustement-affine-droite-des-moindres-carres-coefficient-de-correlatio,Ajustement affine. Droite des moindres carrés. Coefficient de corrélation,PROVEN_OFFICIAL,SRC-TLE-MATHS-COMP-2019 | BO spécial n°8 du 25 juillet 2019,0,0,NO_CONTENT
MATHS,TLE,MATHS_COMPLEMENTAIRES,Probabilités et statistique,Statistique à deux variables quantitatives,MATHS.TLE.CPS.ajustement-se-ramenant-par-changement-de-variable-a-un-ajustement-affi,Ajustement se ramenant par changement de variable à un ajustement affine,PROVEN_OFFICIAL,SRC-TLE-MATHS-COMP-2019 | BO spécial n°8 du 25 juillet 2019,0,0,NO_CONTENT
MATHS,TLE,MATHS_COMPLEMENTAIRES,Probabilités et statistique,Statistique à deux variables quantitatives,MATHS.TLE.CPS.application-des-ajustements-a-des-interpolations-ou-extrapolations,Application des ajustements à des interpolations ou extrapolations,PROVEN_OFFICIAL,SRC-TLE-MATHS-COMP-2019 | BO spécial n°8 du 25 juillet 2019,0,0,NO_CONTENT
MATHS,TLE,MATHS_COMPLEMENTAIRES,Probabilités et statistique,Statistique à deux variables quantitatives,MATHS.TLE.CPS.calculer-les-coordonnees-dun-point-moyen,Calculer les coordonnées d’un point moyen,PROVEN_OFFICIAL,SRC-TLE-MATHS-COMP-2019 | BO spécial n°8 du 25 juillet 2019,0,0,NO_CONTENT
MATHS,TLE,MATHS_COMPLEMENTAIRES,Probabilités et statistique,Statistique à deux variables quantitatives,MATHS.TLE.CPS.dans-le-cadre-dune-resolution-de-probleme-utiliser-un-ajustement-pour,"Dans le cadre d’une résolution de problème, utiliser un ajustement pour interpoler, extrapoler",PROVEN_OFFICIAL,SRC-TLE-MATHS-COMP-2019 | BO spécial n°8 du 25 juillet 2019,0,0,NO_CONTENT
MATHS,TLE,MATHS_COMPLEMENTAIRES,Probabilités et statistique,Statistique à deux variables quantitatives,MATHS.TLE.CPS.determiner-une-droite-de-regression-a-laide-de-la-calculatrice-dun-log,"Déterminer une droite de régression, à l’aide de la calculatrice, d’un logiciel ou par calcul",PROVEN_OFFICIAL,SRC-TLE-MATHS-COMP-2019 | BO spécial n°8 du 25 juillet 2019,0,0,NO_CONTENT
MATHS,TLE,MATHS_COMPLEMENTAIRES,Probabilités et statistique,Statistique à deux variables quantitatives,MATHS.TLE.CPS.droite-des-moindres-carres,Droite des moindres carrés,PROVEN_OFFICIAL,SRC-TLE-MATHS-COMP-2019 | BO spécial n°8 du 25 juillet 2019,0,0,NO_CONTENT
MATHS,TLE,MATHS_COMPLEMENTAIRES,Probabilités et statistique,Statistique à deux variables quantitatives,MATHS.TLE.CPS.nuage-de-points-point-moyen,Nuage de points. Point moyen,PROVEN_OFFICIAL,SRC-TLE-MATHS-COMP-2019 | BO spécial n°8 du 25 juillet 2019,0,0,NO_CONTENT
MATHS,TLE,MATHS_COMPLEMENTAIRES,Probabilités et statistique,Statistique à deux variables quantitatives,MATHS.TLE.CPS.representer-un-nuage-de-points,Représenter un nuage de points,PROVEN_OFFICIAL,SRC-TLE-MATHS-COMP-2019 | BO spécial n°8 du 25 juillet 2019,0,0,NO_CONTENT
MATHS,TLE,MATHS_EXPERTES,Arithmétique,Arithmétique,MATHS.TLE.ARITH.congruences-dans-z-compatibilite-des-congruences-avec-les-operations,Congruences dans ℤ. Compatibilité des congruences avec les opérations,PROVEN_OFFICIAL,SRC-TLE-MATHS-EXP-2019 | BO spécial n°8 du 25 juillet 2019,0,0,NO_CONTENT
MATHS,TLE,MATHS_EXPERTES,Arithmétique,Arithmétique,MATHS.TLE.ARITH.couples-dentiers-premiers-entre-eux,Couples d’entiers premiers entre eux,PROVEN_OFFICIAL,SRC-TLE-MATHS-EXP-2019 | BO spécial n°8 du 25 juillet 2019,0,0,NO_CONTENT
MATHS,TLE,MATHS_EXPERTES,Arithmétique,Arithmétique,MATHS.TLE.ARITH.demonstrations-du-petit-theoreme-de-fermat,Démonstrations du petit théorème de Fermat,PROVEN_OFFICIAL,SRC-TLE-MATHS-EXP-2019 | BO spécial n°8 du 25 juillet 2019,0,0,NO_CONTENT
MATHS,TLE,MATHS_EXPERTES,Arithmétique,Arithmétique,MATHS.TLE.ARITH.determination-des-racines-rationnelles-dun-polynome-a-coefficients-ent,Détermination des racines rationnelles d’un polynôme à coefficients entiers,PROVEN_OFFICIAL,SRC-TLE-MATHS-EXP-2019 | BO spécial n°8 du 25 juillet 2019,0,0,NO_CONTENT
MATHS,TLE,MATHS_EXPERTES,Arithmétique,Arithmétique,MATHS.TLE.ARITH.determination-des-triplets-pythagoriciens,Détermination des triplets pythagoriciens,PROVEN_OFFICIAL,SRC-TLE-MATHS-EXP-2019 | BO spécial n°8 du 25 juillet 2019,0,0,NO_CONTENT
MATHS,TLE,MATHS_EXPERTES,Arithmétique,Arithmétique,MATHS.TLE.ARITH.determiner-les-diviseurs-dun-entier-le-pgcd-de-deux-entiers,"Déterminer les diviseurs d’un entier, le PGCD de deux entiers",PROVEN_OFFICIAL,SRC-TLE-MATHS-EXP-2019 | BO spécial n°8 du 25 juillet 2019,0,0,NO_CONTENT
MATHS,TLE,MATHS_EXPERTES,Arithmétique,Arithmétique,MATHS.TLE.ARITH.divisibilite-dans-z,Divisibilité dans ℤ,PROVEN_OFFICIAL,SRC-TLE-MATHS-EXP-2019 | BO spécial n°8 du 25 juillet 2019,0,0,NO_CONTENT
MATHS,TLE,MATHS_EXPERTES,Arithmétique,Arithmétique,MATHS.TLE.ARITH.division-euclidienne-d-un-element-de-z-par-un-element-de-n,Division euclidienne d'un élément de ℤ par un élément de ℕ*,PROVEN_OFFICIAL,SRC-TLE-MATHS-EXP-2019 | BO spécial n°8 du 25 juillet 2019,0,0,NO_CONTENT
MATHS,TLE,MATHS_EXPERTES,Arithmétique,Arithmétique,MATHS.TLE.ARITH.ecriture-du-pgcd-de-a-et-b-sous-la-forme-ax-by-x-y-z2,"Écriture du PGCD de a et b sous la forme ax + by, (x,y) ∈ ℤ2",PROVEN_OFFICIAL,SRC-TLE-MATHS-EXP-2019 | BO spécial n°8 du 25 juillet 2019,0,0,NO_CONTENT
MATHS,TLE,MATHS_EXPERTES,Arithmétique,Arithmétique,MATHS.TLE.ARITH.etablir-et-utiliser-des-tests-de-divisibilite-etudier-la-primalite-de,"Établir et utiliser des tests de divisibilité, étudier la primalité de certains nombres, étudier des problèmes de chiffrement",PROVEN_OFFICIAL,SRC-TLE-MATHS-EXP-2019 | BO spécial n°8 du 25 juillet 2019,0,0,NO_CONTENT
MATHS,TLE,MATHS_EXPERTES,Arithmétique,Arithmétique,MATHS.TLE.ARITH.etude-de-lequation-de-pell-fermat,Étude de l’équation de Pell-Fermat,PROVEN_OFFICIAL,SRC-TLE-MATHS-EXP-2019 | BO spécial n°8 du 25 juillet 2019,0,0,NO_CONTENT
MATHS,TLE,MATHS_EXPERTES,Arithmétique,Arithmétique,MATHS.TLE.ARITH.etude-de-tests-de-primalite-notion-de-temoin-nombres-de-carmichael,"Étude de tests de primalité : notion de témoin, nombres de Carmichaël",PROVEN_OFFICIAL,SRC-TLE-MATHS-EXP-2019 | BO spécial n°8 du 25 juillet 2019,0,0,NO_CONTENT
MATHS,TLE,MATHS_EXPERTES,Arithmétique,Arithmétique,MATHS.TLE.ARITH.etude-des-sommes-de-deux-carres-par-les-entiers-de-gauss,Étude des sommes de deux carrés par les entiers de Gauss,PROVEN_OFFICIAL,SRC-TLE-MATHS-EXP-2019 | BO spécial n°8 du 25 juillet 2019,0,0,NO_CONTENT
MATHS,TLE,MATHS_EXPERTES,Arithmétique,Arithmétique,MATHS.TLE.ARITH.etude-du-systeme-cryptographique-rsa,Étude du système cryptographique RSA,PROVEN_OFFICIAL,SRC-TLE-MATHS-EXP-2019 | BO spécial n°8 du 25 juillet 2019,0,0,NO_CONTENT
MATHS,TLE,MATHS_EXPERTES,Arithmétique,Arithmétique,MATHS.TLE.ARITH.exemples-simples-de-codes-correcteurs,Exemples simples de codes correcteurs,PROVEN_OFFICIAL,SRC-TLE-MATHS-EXP-2019 | BO spécial n°8 du 25 juillet 2019,0,0,NO_CONTENT
MATHS,TLE,MATHS_EXPERTES,Arithmétique,Arithmétique,MATHS.TLE.ARITH.existence-et-unicite-de-la-decomposition-d-un-entier-en-produit-de-fac,Existence et unicité de la décomposition d'un entier en produit de facteurs premiers,PROVEN_OFFICIAL,SRC-TLE-MATHS-EXP-2019 | BO spécial n°8 du 25 juillet 2019,0,0,NO_CONTENT
MATHS,TLE,MATHS_EXPERTES,Arithmétique,Arithmétique,MATHS.TLE.ARITH.lemme-chinois-et-applications-a-des-situations-concretes,Lemme chinois et applications à des situations concrètes,PROVEN_OFFICIAL,SRC-TLE-MATHS-EXP-2019 | BO spécial n°8 du 25 juillet 2019,0,0,NO_CONTENT
MATHS,TLE,MATHS_EXPERTES,Arithmétique,Arithmétique,MATHS.TLE.ARITH.lensemble-des-nombres-premiers-est-infini,L’ensemble des nombres premiers est infini,PROVEN_OFFICIAL,SRC-TLE-MATHS-EXP-2019 | BO spécial n°8 du 25 juillet 2019,0,0,NO_CONTENT
MATHS,TLE,MATHS_EXPERTES,Arithmétique,Arithmétique,MATHS.TLE.ARITH.nombres-premiers-leur-ensemble-est-infini,Nombres premiers. Leur ensemble est infini,PROVEN_OFFICIAL,SRC-TLE-MATHS-EXP-2019 | BO spécial n°8 du 25 juillet 2019,0,0,NO_CONTENT
MATHS,TLE,MATHS_EXPERTES,Arithmétique,Arithmétique,MATHS.TLE.ARITH.petit-theoreme-de-fermat,Petit théorème de Fermat,PROVEN_OFFICIAL,SRC-TLE-MATHS-EXP-2019 | BO spécial n°8 du 25 juillet 2019,0,0,NO_CONTENT
MATHS,TLE,MATHS_EXPERTES,Arithmétique,Arithmétique,MATHS.TLE.ARITH.pgcd-de-deux-entiers-algorithme-deuclide,PGCD de deux entiers. Algorithme d’Euclide,PROVEN_OFFICIAL,SRC-TLE-MATHS-EXP-2019 | BO spécial n°8 du 25 juillet 2019,0,0,NO_CONTENT
MATHS,TLE,MATHS_EXPERTES,Arithmétique,Arithmétique,MATHS.TLE.ARITH.problemes-de-chiffrement-affine-vigenere-hill-rsa,"Problèmes de chiffrement (affine, Vigenère, Hill, RSA)",PROVEN_OFFICIAL,SRC-TLE-MATHS-EXP-2019 | BO spécial n°8 du 25 juillet 2019,0,0,NO_CONTENT
MATHS,TLE,MATHS_EXPERTES,Arithmétique,Arithmétique,MATHS.TLE.ARITH.problemes-de-codage-codes-barres-code-isbn-cle-du-rib-code-insee,"Problèmes de codage (codes barres, code ISBN, clé du Rib, code Insee)",PROVEN_OFFICIAL,SRC-TLE-MATHS-EXP-2019 | BO spécial n°8 du 25 juillet 2019,0,0,NO_CONTENT
MATHS,TLE,MATHS_EXPERTES,Arithmétique,Arithmétique,MATHS.TLE.ARITH.recherche-de-nombres-premiers-particuliers-mersenne-fermat,"Recherche de nombres premiers particuliers (Mersenne, Fermat)",PROVEN_OFFICIAL,SRC-TLE-MATHS-EXP-2019 | BO spécial n°8 du 25 juillet 2019,0,0,NO_CONTENT
MATHS,TLE,MATHS_EXPERTES,Arithmétique,Arithmétique,MATHS.TLE.ARITH.resoudre-des-equations-diophantiennes-simples,Résoudre des équations diophantiennes simples,PROVEN_OFFICIAL,SRC-TLE-MATHS-EXP-2019 | BO spécial n°8 du 25 juillet 2019,0,0,NO_CONTENT
MATHS,TLE,MATHS_EXPERTES,Arithmétique,Arithmétique,MATHS.TLE.ARITH.resoudre-une-congruence-ax-b-n-determiner-un-inverse-de-a-modulo-n-lor,Résoudre une congruence ax ≡ b [n]. Déterminer un inverse de a modulo n lorsque a et n sont premiers entre eux,PROVEN_OFFICIAL,SRC-TLE-MATHS-EXP-2019 | BO spécial n°8 du 25 juillet 2019,0,0,NO_CONTENT
MATHS,TLE,MATHS_EXPERTES,Arithmétique,Arithmétique,MATHS.TLE.ARITH.theoreme-de-bezout,Théorème de Bézout,PROVEN_OFFICIAL,SRC-TLE-MATHS-EXP-2019 | BO spécial n°8 du 25 juillet 2019,0,0,NO_CONTENT
MATHS,TLE,MATHS_EXPERTES,Arithmétique,Arithmétique,MATHS.TLE.ARITH.theoreme-de-gauss,Théorème de Gauss,PROVEN_OFFICIAL,SRC-TLE-MATHS-EXP-2019 | BO spécial n°8 du 25 juillet 2019,0,0,NO_CONTENT
MATHS,TLE,MATHS_EXPERTES,Arithmétique,Arithmétique,MATHS.TLE.ARITH.theoreme-de-gauss-2,Théorème de Gauss (2),PROVEN_OFFICIAL,SRC-TLE-MATHS-EXP-2019 | BO spécial n°8 du 25 juillet 2019,0,0,NO_CONTENT
MATHS,TLE,MATHS_EXPERTES,Nombres complexes,Nombres complexes : point de vue algébrique,MATHS.TLE.CPLX.conjugaison-proprietes-algebriques,Conjugaison. Propriétés algébriques,PROVEN_OFFICIAL,SRC-TLE-MATHS-EXP-2019 | BO spécial n°8 du 25 juillet 2019,0,0,NO_CONTENT
MATHS,TLE,MATHS_EXPERTES,Nombres complexes,Nombres complexes : point de vue algébrique,MATHS.TLE.CPLX.conjugue-dun-produit-dun-inverse-dune-puissance-entiere,"Conjugué d’un produit, d’un inverse, d’une puissance entière",PROVEN_OFFICIAL,SRC-TLE-MATHS-EXP-2019 | BO spécial n°8 du 25 juillet 2019,0,0,NO_CONTENT
MATHS,TLE,MATHS_EXPERTES,Nombres complexes,Nombres complexes : point de vue algébrique,MATHS.TLE.CPLX.effectuer-des-calculs-algebriques-avec-des-nombres-complexes,Effectuer des calculs algébriques avec des nombres complexes,PROVEN_OFFICIAL,SRC-TLE-MATHS-EXP-2019 | BO spécial n°8 du 25 juillet 2019,0,0,NO_CONTENT
MATHS,TLE,MATHS_EXPERTES,Nombres complexes,Nombres complexes : point de vue algébrique,MATHS.TLE.CPLX.ensemble-c-des-nombres-complexes-partie-reelle-et-partie-imaginaire-op,Ensemble ℂ des nombres complexes. Partie réelle et partie imaginaire. Opérations,PROVEN_OFFICIAL,SRC-TLE-MATHS-EXP-2019 | BO spécial n°8 du 25 juillet 2019,0,0,NO_CONTENT
MATHS,TLE,MATHS_EXPERTES,Nombres complexes,Nombres complexes : point de vue algébrique,MATHS.TLE.CPLX.formule-du-binome,Formule du binôme,PROVEN_OFFICIAL,SRC-TLE-MATHS-EXP-2019 | BO spécial n°8 du 25 juillet 2019,0,0,NO_CONTENT
MATHS,TLE,MATHS_EXPERTES,Nombres complexes,Nombres complexes : point de vue algébrique,MATHS.TLE.CPLX.formule-du-binome-dans-c,Formule du binôme dans ℂ,PROVEN_OFFICIAL,SRC-TLE-MATHS-EXP-2019 | BO spécial n°8 du 25 juillet 2019,0,0,NO_CONTENT
MATHS,TLE,MATHS_EXPERTES,Nombres complexes,Nombres complexes : point de vue algébrique,MATHS.TLE.CPLX.inverse-dun-nombre-complexe-non-nul,Inverse d’un nombre complexe non nul,PROVEN_OFFICIAL,SRC-TLE-MATHS-EXP-2019 | BO spécial n°8 du 25 juillet 2019,0,0,NO_CONTENT
MATHS,TLE,MATHS_EXPERTES,Nombres complexes,Nombres complexes : point de vue algébrique,MATHS.TLE.CPLX.resoudre-une-equation-lineaire-az-b,Résoudre une équation linéaire az = b,PROVEN_OFFICIAL,SRC-TLE-MATHS-EXP-2019 | BO spécial n°8 du 25 juillet 2019,0,0,NO_CONTENT
MATHS,TLE,MATHS_EXPERTES,Nombres complexes,Nombres complexes : point de vue algébrique,MATHS.TLE.CPLX.resoudre-une-equation-simple-faisant-intervenir-z-et-z,Résoudre une équation simple faisant intervenir z et z,PROVEN_OFFICIAL,SRC-TLE-MATHS-EXP-2019 | BO spécial n°8 du 25 juillet 2019,0,0,NO_CONTENT
MATHS,TLE,MATHS_EXPERTES,Nombres complexes,Nombres complexes : point de vue géométrique,MATHS.TLE.CPLX.arguments-dun-nombre-complexe-non-nul-interpretation-geometrique,Arguments d’un nombre complexe non nul. Interprétation géométrique,PROVEN_OFFICIAL,SRC-TLE-MATHS-EXP-2019 | BO spécial n°8 du 25 juillet 2019,0,0,NO_CONTENT
MATHS,TLE,MATHS_EXPERTES,Nombres complexes,Nombres complexes : point de vue géométrique,MATHS.TLE.CPLX.determiner-le-module-et-les-arguments-dun-nombre-complexe,Déterminer le module et les arguments d’un nombre complexe,PROVEN_OFFICIAL,SRC-TLE-MATHS-EXP-2019 | BO spécial n°8 du 25 juillet 2019,0,0,NO_CONTENT
MATHS,TLE,MATHS_EXPERTES,Nombres complexes,Nombres complexes : point de vue géométrique,MATHS.TLE.CPLX.ensemble-u-des-nombres-complexes-de-module-1-stabilite-de-u-par-produi,Ensemble 𝕌 des nombres complexes de module 1. Stabilité de 𝕌 par produit et passage à l’inverse,PROVEN_OFFICIAL,SRC-TLE-MATHS-EXP-2019 | BO spécial n°8 du 25 juillet 2019,0,0,NO_CONTENT
MATHS,TLE,MATHS_EXPERTES,Nombres complexes,Nombres complexes : point de vue géométrique,MATHS.TLE.CPLX.etude-experimentale-de-lensemble-de-mandelbrot-densembles-de-julia,"Étude expérimentale de l’ensemble de Mandelbrot, d’ensembles de Julia",PROVEN_OFFICIAL,SRC-TLE-MATHS-EXP-2019 | BO spécial n°8 du 25 juillet 2019,0,0,NO_CONTENT
MATHS,TLE,MATHS_EXPERTES,Nombres complexes,Nombres complexes : point de vue géométrique,MATHS.TLE.CPLX.forme-trigonometrique,Forme trigonométrique,PROVEN_OFFICIAL,SRC-TLE-MATHS-EXP-2019 | BO spécial n°8 du 25 juillet 2019,0,0,NO_CONTENT
MATHS,TLE,MATHS_EXPERTES,Nombres complexes,Nombres complexes : point de vue géométrique,MATHS.TLE.CPLX.formule-z2-z-z-module-dun-produit-module-dune-puissance,Formule │z│2 = z z . Module d’un produit. Module d’une puissance,PROVEN_OFFICIAL,SRC-TLE-MATHS-EXP-2019 | BO spécial n°8 du 25 juillet 2019,0,0,NO_CONTENT
MATHS,TLE,MATHS_EXPERTES,Nombres complexes,Nombres complexes : point de vue géométrique,MATHS.TLE.CPLX.image-dun-nombre-complexe-image-du-conjugue-affixe-dun-point-dun-vecte,"Image d’un nombre complexe. Image du conjugué. Affixe d’un point, d’un vecteur",PROVEN_OFFICIAL,SRC-TLE-MATHS-EXP-2019 | BO spécial n°8 du 25 juillet 2019,0,0,NO_CONTENT
MATHS,TLE,MATHS_EXPERTES,Nombres complexes,Nombres complexes : point de vue géométrique,MATHS.TLE.CPLX.inegalite-triangulaire-pour-deux-nombres-complexes-cas-degalite,Inégalité triangulaire pour deux nombres complexes ; cas d’égalité,PROVEN_OFFICIAL,SRC-TLE-MATHS-EXP-2019 | BO spécial n°8 du 25 juillet 2019,0,0,NO_CONTENT
MATHS,TLE,MATHS_EXPERTES,Nombres complexes,Nombres complexes : point de vue géométrique,MATHS.TLE.CPLX.module-dun-nombre-complexe-interpretation-geometrique,Module d’un nombre complexe. Interprétation géométrique,PROVEN_OFFICIAL,SRC-TLE-MATHS-EXP-2019 | BO spécial n°8 du 25 juillet 2019,0,0,NO_CONTENT
MATHS,TLE,MATHS_EXPERTES,Nombres complexes,Nombres complexes : point de vue géométrique,MATHS.TLE.CPLX.relation-z2-z-z-module-dun-produit-dun-inverse,"Relation │z│2 = z z . Module d’un produit, d’un inverse",PROVEN_OFFICIAL,SRC-TLE-MATHS-EXP-2019 | BO spécial n°8 du 25 juillet 2019,0,0,NO_CONTENT
MATHS,TLE,MATHS_EXPERTES,Nombres complexes,Nombres complexes : point de vue géométrique,MATHS.TLE.CPLX.representer-un-nombre-complexe-par-un-point-determiner-laffixe-d-un-po,Représenter un nombre complexe par un point. Déterminer l’affixe d'un point,PROVEN_OFFICIAL,SRC-TLE-MATHS-EXP-2019 | BO spécial n°8 du 25 juillet 2019,0,0,NO_CONTENT
MATHS,TLE,MATHS_EXPERTES,Nombres complexes,Nombres complexes : point de vue géométrique,MATHS.TLE.CPLX.suite-de-nombres-complexes-definie-par-zn-1-azn-b,Suite de nombres complexes définie par zn+1 = azn + b,PROVEN_OFFICIAL,SRC-TLE-MATHS-EXP-2019 | BO spécial n°8 du 25 juillet 2019,0,0,NO_CONTENT
MATHS,TLE,MATHS_EXPERTES,Nombres complexes,Nombres complexes et trigonométrie,MATHS.TLE.CPLX.demonstration-dune-des-formules-daddition,Démonstration d’une des formules d’addition,PROVEN_OFFICIAL,SRC-TLE-MATHS-EXP-2019 | BO spécial n°8 du 25 juillet 2019,0,0,NO_CONTENT
MATHS,TLE,MATHS_EXPERTES,Nombres complexes,Nombres complexes et trigonométrie,MATHS.TLE.CPLX.effectuer-des-calculs-sur-des-nombres-complexes-en-choisissant-une-for,"Effectuer des calculs sur des nombres complexes en choisissant une forme adaptée, en particulier dans le cadre de la résolution de problèmes",PROVEN_OFFICIAL,SRC-TLE-MATHS-EXP-2019 | BO spécial n°8 du 25 juillet 2019,0,0,NO_CONTENT
MATHS,TLE,MATHS_EXPERTES,Nombres complexes,Nombres complexes et trigonométrie,MATHS.TLE.CPLX.formule-de-moivre,Formule de Moivre,PROVEN_OFFICIAL,SRC-TLE-MATHS-EXP-2019 | BO spécial n°8 du 25 juillet 2019,0,0,NO_CONTENT
MATHS,TLE,MATHS_EXPERTES,Nombres complexes,Nombres complexes et trigonométrie,MATHS.TLE.CPLX.formules-d-euler,Formules d'Euler,PROVEN_OFFICIAL,SRC-TLE-MATHS-EXP-2019 | BO spécial n°8 du 25 juillet 2019,0,0,NO_CONTENT
MATHS,TLE,MATHS_EXPERTES,Nombres complexes,Nombres complexes et trigonométrie,MATHS.TLE.CPLX.formules-daddition-et-de-duplication-a-partir-du-produit-scalaire,Formules d’addition et de duplication à partir du produit scalaire,PROVEN_OFFICIAL,SRC-TLE-MATHS-EXP-2019 | BO spécial n°8 du 25 juillet 2019,0,0,NO_CONTENT
MATHS,TLE,MATHS_EXPERTES,Nombres complexes,Nombres complexes et trigonométrie,MATHS.TLE.CPLX.passer-de-la-forme-algebrique-dun-nombre-complexe-a-sa-forme-trigonome,Passer de la forme algébrique d’un nombre complexe à sa forme trigonométrique ou exponentielle et inversement,PROVEN_OFFICIAL,SRC-TLE-MATHS-EXP-2019 | BO spécial n°8 du 25 juillet 2019,0,0,NO_CONTENT
MATHS,TLE,MATHS_EXPERTES,Nombres complexes,Nombres complexes et trigonométrie,MATHS.TLE.CPLX.utiliser-les-formules-deuler-et-de-moivre-pour-transformer-des-express,"Utiliser les formules d’Euler et de Moivre pour transformer des expressions trigonométriques, dans des contextes divers (in tégration, suites, etc.), calculer…",PROVEN_OFFICIAL,SRC-TLE-MATHS-EXP-2019 | BO spécial n°8 du 25 juillet 2019,0,0,NO_CONTENT
MATHS,TLE,MATHS_EXPERTES,Nombres complexes,Utilisation des nombres complexes en géométrie,MATHS.TLE.CPLX.dans-le-cadre-de-la-resolution-de-probleme-utiliser-les-nombres-comple,"Dans le cadre de la résolution de problème, utiliser les nombres complexes p our étudier des configurations du plan : démontrer un alignement, une…",PROVEN_OFFICIAL,SRC-TLE-MATHS-EXP-2019 | BO spécial n°8 du 25 juillet 2019,0,0,NO_CONTENT
MATHS,TLE,MATHS_EXPERTES,Nombres complexes,Utilisation des nombres complexes en géométrie,MATHS.TLE.CPLX.determination-de-lensemble-un,Détermination de l’ensemble 𝕌n,PROVEN_OFFICIAL,SRC-TLE-MATHS-EXP-2019 | BO spécial n°8 du 25 juillet 2019,0,0,NO_CONTENT
MATHS,TLE,MATHS_EXPERTES,Nombres complexes,Utilisation des nombres complexes en géométrie,MATHS.TLE.CPLX.lignes-trigonometriques-de-5-2-construction-du-pentagone-regulier-a-la,"Lignes trigonométriques de 5 π2 , construction du pentagone régulier à la règle et au compas",PROVEN_OFFICIAL,SRC-TLE-MATHS-EXP-2019 | BO spécial n°8 du 25 juillet 2019,0,0,NO_CONTENT
MATHS,TLE,MATHS_EXPERTES,Nombres complexes,Utilisation des nombres complexes en géométrie,MATHS.TLE.CPLX.racines-n-iemes-de-lunite-description-de-lensemble-un-des-racines-n-ie,"Racines n-ièmes de l’unité. Description de l’ensemble 𝕌n des racines n-ièmes de l’unité. Représentation géométrique. Cas particuliers : n = 2, 3, 4",PROVEN_OFFICIAL,SRC-TLE-MATHS-EXP-2019 | BO spécial n°8 du 25 juillet 2019,0,0,NO_CONTENT
MATHS,TLE,MATHS_EXPERTES,Nombres complexes,Utilisation des nombres complexes en géométrie,MATHS.TLE.CPLX.racines-n-iemes-dun-nombre-complexe,Racines n-ièmes d’un nombre complexe,PROVEN_OFFICIAL,SRC-TLE-MATHS-EXP-2019 | BO spécial n°8 du 25 juillet 2019,0,0,NO_CONTENT
MATHS,TLE,MATHS_EXPERTES,Nombres complexes,Utilisation des nombres complexes en géométrie,MATHS.TLE.CPLX.somme-des-racines-n-iemes-de-lunite,Somme des racines n-ièmes de l’unité,PROVEN_OFFICIAL,SRC-TLE-MATHS-EXP-2019 | BO spécial n°8 du 25 juillet 2019,0,0,NO_CONTENT
MATHS,TLE,MATHS_EXPERTES,Nombres complexes,Utilisation des nombres complexes en géométrie,MATHS.TLE.CPLX.transformation-de-fourier-discrete,Transformation de Fourier discrète,PROVEN_OFFICIAL,SRC-TLE-MATHS-EXP-2019 | BO spécial n°8 du 25 juillet 2019,0,0,NO_CONTENT
MATHS,TLE,MATHS_EXPERTES,Nombres complexes,Utilisation des nombres complexes en géométrie,MATHS.TLE.CPLX.utiliser-les-racines-de-lunite-dans-letude-de-configurations-liees-aux,Utiliser les racines de l’unité dans l’étude de configurations liées aux polygones réguliers,PROVEN_OFFICIAL,SRC-TLE-MATHS-EXP-2019 | BO spécial n°8 du 25 juillet 2019,0,0,NO_CONTENT
MATHS,TLE,MATHS_EXPERTES,Nombres complexes,Équations polynomiales,MATHS.TLE.CPLX.factorisation-de-zn-an-par-z-a,Factorisation de zn - an par z - a,PROVEN_OFFICIAL,SRC-TLE-MATHS-EXP-2019 | BO spécial n°8 du 25 juillet 2019,0,0,NO_CONTENT
MATHS,TLE,MATHS_EXPERTES,Nombres complexes,Équations polynomiales,MATHS.TLE.CPLX.factorisation-de-zn-an-par-z-a-factorisation-de-p-z-par-z-a-si-p-a-0,Factorisation de zn - an par z - a. Factorisation de P(z) par z - a si P(a) = 0,PROVEN_OFFICIAL,SRC-TLE-MATHS-EXP-2019 | BO spécial n°8 du 25 juillet 2019,0,0,NO_CONTENT
MATHS,TLE,MATHS_EXPERTES,Nombres complexes,Équations polynomiales,MATHS.TLE.CPLX.factoriser-un-polynome-dont-une-racine-est-connue,Factoriser un polynôme dont une racine est connue,PROVEN_OFFICIAL,SRC-TLE-MATHS-EXP-2019 | BO spécial n°8 du 25 juillet 2019,0,0,NO_CONTENT
MATHS,TLE,MATHS_EXPERTES,Nombres complexes,Équations polynomiales,MATHS.TLE.CPLX.formules-de-viete,Formules de Viète,PROVEN_OFFICIAL,SRC-TLE-MATHS-EXP-2019 | BO spécial n°8 du 25 juillet 2019,0,0,NO_CONTENT
MATHS,TLE,MATHS_EXPERTES,Nombres complexes,Équations polynomiales,MATHS.TLE.CPLX.le-nombre-de-solutions-dune-equation-polynomiale-est-inferieur-ou-egal,Le nombre de solutions d’une équation polynomiale est inférieur ou égal à son degré,PROVEN_OFFICIAL,SRC-TLE-MATHS-EXP-2019 | BO spécial n°8 du 25 juillet 2019,0,0,NO_CONTENT
MATHS,TLE,MATHS_EXPERTES,Nombres complexes,Équations polynomiales,MATHS.TLE.CPLX.racines-carrees-dun-nombre-complexe-equation-du-second-degre-a-coeffic,"Racines carrées d’un nombre complexe, équation du second degré à coefficients complexes",PROVEN_OFFICIAL,SRC-TLE-MATHS-EXP-2019 | BO spécial n°8 du 25 juillet 2019,0,0,NO_CONTENT
MATHS,TLE,MATHS_EXPERTES,Nombres complexes,Équations polynomiales,MATHS.TLE.CPLX.resolution-par-radicaux-de-lequation-de-degre-3,Résolution par radicaux de l’équation de degré 3,PROVEN_OFFICIAL,SRC-TLE-MATHS-EXP-2019 | BO spécial n°8 du 25 juillet 2019,0,0,NO_CONTENT
MATHS,TLE,MATHS_EXPERTES,Nombres complexes,Équations polynomiales,MATHS.TLE.CPLX.resoudre-une-equation-de-degre-3-a-coefficients-reels-dont-une-racine,Résoudre une équation de degré 3 à coefficients réels dont une racine est connue,PROVEN_OFFICIAL,SRC-TLE-MATHS-EXP-2019 | BO spécial n°8 du 25 juillet 2019,0,0,NO_CONTENT
MATHS,TLE,MATHS_EXPERTES,Nombres complexes,Équations polynomiales,MATHS.TLE.CPLX.resoudre-une-equation-polynomiale-de-degre-2-a-coefficients-reels,Résoudre une équation polynomiale de degré 2 à coefficients réels,PROVEN_OFFICIAL,SRC-TLE-MATHS-EXP-2019 | BO spécial n°8 du 25 juillet 2019,0,0,NO_CONTENT
MATHS,TLE,MATHS_EXPERTES,Nombres complexes,Équations polynomiales,MATHS.TLE.CPLX.si-p-est-un-polynome-et-p-a-0-factorisation-de-p-par-z-a,"Si P est un polynôme et P(a) = 0, factorisation de P par z - a",PROVEN_OFFICIAL,SRC-TLE-MATHS-EXP-2019 | BO spécial n°8 du 25 juillet 2019,0,0,NO_CONTENT
MATHS,TLE,MATHS_EXPERTES,Nombres complexes,Équations polynomiales,MATHS.TLE.CPLX.solutions-complexes-dune-equation-du-second-degre-a-coefficients-reels,Solutions complexes d’une équation du second degré à coefficients réels,PROVEN_OFFICIAL,SRC-TLE-MATHS-EXP-2019 | BO spécial n°8 du 25 juillet 2019,0,0,NO_CONTENT
MATHS,TLE,MATHS_EXPERTES,Nombres complexes,Équations polynomiales,MATHS.TLE.CPLX.un-polynome-de-degre-n-admet-au-plus-n-racines,Un polynôme de degré n admet au plus n racines,PROVEN_OFFICIAL,SRC-TLE-MATHS-EXP-2019 | BO spécial n°8 du 25 juillet 2019,0,0,NO_CONTENT
MATHS,TLE,MATHS_EXPERTES,Graphes et matrices,Graphes et matrices,MATHS.TLE.GM.algorithme-pagerank,Algorithme PageRank,PROVEN_OFFICIAL,SRC-TLE-MATHS-EXP-2019 | BO spécial n°8 du 25 juillet 2019,0,0,NO_CONTENT
MATHS,TLE,MATHS_EXPERTES,Graphes et matrices,Graphes et matrices,MATHS.TLE.GM.associer-un-graphe-oriente-pondere-a-une-chaine-de-markov-a-deux-ou-tr,Associer un graphe orienté pondéré à une chaîne de Markov à deux ou trois états,PROVEN_OFFICIAL,SRC-TLE-MATHS-EXP-2019 | BO spécial n°8 du 25 juillet 2019,0,0,NO_CONTENT
MATHS,TLE,MATHS_EXPERTES,Graphes et matrices,Graphes et matrices,MATHS.TLE.GM.calculer-linverse-les-puissances-dune-matrice-carree,"Calculer l’inverse, les puissances d’une matrice carrée",PROVEN_OFFICIAL,SRC-TLE-MATHS-EXP-2019 | BO spécial n°8 du 25 juillet 2019,0,0,NO_CONTENT
MATHS,TLE,MATHS_EXPERTES,Graphes et matrices,Graphes et matrices,MATHS.TLE.GM.chaine-de-markov-a-deux-ou-trois-etats-distribution-initiale-represent,"Chaîne de Markov à deux ou trois états. Distribution initiale, représentée par une matrice ligne π0. Matrice de transition, graphe pondéré associé",PROVEN_OFFICIAL,SRC-TLE-MATHS-EXP-2019 | BO spécial n°8 du 25 juillet 2019,0,0,NO_CONTENT
MATHS,TLE,MATHS_EXPERTES,Graphes et matrices,Graphes et matrices,MATHS.TLE.GM.dans-le-cadre-de-la-resolution-de-problemes-utiliser-le-calcul-ma-tric,"Dans le cadre de la résolution de problèmes, utiliser le calcul ma triciel, notamment l’inverse et les puissances d’une matrice carrée, pour résoudre un…",PROVEN_OFFICIAL,SRC-TLE-MATHS-EXP-2019 | BO spécial n°8 du 25 juillet 2019,0,0,NO_CONTENT
MATHS,TLE,MATHS_EXPERTES,Graphes et matrices,Graphes et matrices,MATHS.TLE.GM.distributions-invariantes-dune-chaine-de-markov-a-deux-ou-trois-etats,Distributions invariantes d’une chaîne de Markov à deux ou trois états,PROVEN_OFFICIAL,SRC-TLE-MATHS-EXP-2019 | BO spécial n°8 du 25 juillet 2019,0,0,NO_CONTENT
MATHS,TLE,MATHS_EXPERTES,Graphes et matrices,Graphes et matrices,MATHS.TLE.GM.etude-de-graphes-euleriens,Étude de graphes eulériens,PROVEN_OFFICIAL,SRC-TLE-MATHS-EXP-2019 | BO spécial n°8 du 25 juillet 2019,0,0,NO_CONTENT
MATHS,TLE,MATHS_EXPERTES,Graphes et matrices,Graphes et matrices,MATHS.TLE.GM.exemples-de-calcul-de-puissances-de-matrices-carrees-dordre-2-ou-3,Exemples de calcul de puissances de matrices carrées d’ordre 2 ou 3,PROVEN_OFFICIAL,SRC-TLE-MATHS-EXP-2019 | BO spécial n°8 du 25 juillet 2019,0,0,NO_CONTENT
MATHS,TLE,MATHS_EXPERTES,Graphes et matrices,Graphes et matrices,MATHS.TLE.GM.exemples-de-representations-matricielles-matrice-dadjacence-dun-graphe,Exemples de représentations matricielles : matrice d’adjacence d’un graphe ; transformations géométriques du plan ; systèmes linéaires ; suites récurrentes,PROVEN_OFFICIAL,SRC-TLE-MATHS-EXP-2019 | BO spécial n°8 du 25 juillet 2019,0,0,NO_CONTENT
MATHS,TLE,MATHS_EXPERTES,Graphes et matrices,Graphes et matrices,MATHS.TLE.GM.expression-du-nombre-de-chemins-de-longueur-n-reliant-deux-sommets-d-u,Expression du nombre de chemins de longueur n reliant deux sommets d'un graphe à l’aide de la puissance n-ième de la matrice d’adjacence,PROVEN_OFFICIAL,SRC-TLE-MATHS-EXP-2019 | BO spécial n°8 du 25 juillet 2019,0,0,NO_CONTENT
MATHS,TLE,MATHS_EXPERTES,Graphes et matrices,Graphes et matrices,MATHS.TLE.GM.graphe-oriente-pondere-associe-a-une-chaine-de-markov-a-deux-ou-trois,Graphe orienté pondéré associé à une chaîne de Markov à deux ou trois états,PROVEN_OFFICIAL,SRC-TLE-MATHS-EXP-2019 | BO spécial n°8 du 25 juillet 2019,0,0,NO_CONTENT
MATHS,TLE,MATHS_EXPERTES,Graphes et matrices,Graphes et matrices,MATHS.TLE.GM.graphe-sommets-aretes-exemple-du-graphe-complet,"Graphe, sommets, arêtes. Exemple du graphe complet",PROVEN_OFFICIAL,SRC-TLE-MATHS-EXP-2019 | BO spécial n°8 du 25 juillet 2019,0,0,NO_CONTENT
MATHS,TLE,MATHS_EXPERTES,Graphes et matrices,Graphes et matrices,MATHS.TLE.GM.interpolation-polynomiale,Interpolation polynomiale,PROVEN_OFFICIAL,SRC-TLE-MATHS-EXP-2019 | BO spécial n°8 du 25 juillet 2019,0,0,NO_CONTENT
MATHS,TLE,MATHS_EXPERTES,Graphes et matrices,Graphes et matrices,MATHS.TLE.GM.marche-aleatoire-sur-un-graphe-etude-asymptotique,Marche aléatoire sur un graphe. Étude asymptotique,PROVEN_OFFICIAL,SRC-TLE-MATHS-EXP-2019 | BO spécial n°8 du 25 juillet 2019,0,0,NO_CONTENT
MATHS,TLE,MATHS_EXPERTES,Graphes et matrices,Graphes et matrices,MATHS.TLE.GM.modele-de-diffusion-dehrenfest,Modèle de diffusion d’Ehrenfest,PROVEN_OFFICIAL,SRC-TLE-MATHS-EXP-2019 | BO spécial n°8 du 25 juillet 2019,0,0,NO_CONTENT
MATHS,TLE,MATHS_EXPERTES,Graphes et matrices,Graphes et matrices,MATHS.TLE.GM.modele-proie-predateur-discretise-evolution-couplee-de-deux-suites-rec,Modèle « proie-prédateur » discrétisé : évolution couplée de deux suites récurrentes,PROVEN_OFFICIAL,SRC-TLE-MATHS-EXP-2019 | BO spécial n°8 du 25 juillet 2019,0,0,NO_CONTENT
MATHS,TLE,MATHS_EXPERTES,Graphes et matrices,Graphes et matrices,MATHS.TLE.GM.modeliser-une-situation-par-un-graphe,Modéliser une situation par un graphe,PROVEN_OFFICIAL,SRC-TLE-MATHS-EXP-2019 | BO spécial n°8 du 25 juillet 2019,0,0,NO_CONTENT
MATHS,TLE,MATHS_EXPERTES,Graphes et matrices,Graphes et matrices,MATHS.TLE.GM.modeliser-une-situation-par-une-matrice,Modéliser une situation par une matrice,PROVEN_OFFICIAL,SRC-TLE-MATHS-EXP-2019 | BO spécial n°8 du 25 juillet 2019,0,0,NO_CONTENT
MATHS,TLE,MATHS_EXPERTES,Graphes et matrices,Graphes et matrices,MATHS.TLE.GM.notion-de-matrice-tableau-de-nombres-reels-matrice-carree-matrice-colo,"Notion de matrice (tableau de nombres réels). Matrice carrée, matrice colonne, matrice ligne. Opérations. Inverse, puissances d’une matrice carrée",PROVEN_OFFICIAL,SRC-TLE-MATHS-EXP-2019 | BO spécial n°8 du 25 juillet 2019,0,0,NO_CONTENT
MATHS,TLE,MATHS_EXPERTES,Graphes et matrices,Graphes et matrices,MATHS.TLE.GM.pour-une-chaine-de-markov-a-deux-ou-trois-etat-s-de-matrice-p-interpre,"Pour une chaîne de Markov à deux ou trois état s de matrice P, interprétation du coefficient (i,j) de P n. Distribution après n transitions, représentée comme…",PROVEN_OFFICIAL,SRC-TLE-MATHS-EXP-2019 | BO spécial n°8 du 25 juillet 2019,0,0,NO_CONTENT
MATHS,TLE,MATHS_EXPERTES,Graphes et matrices,Graphes et matrices,MATHS.TLE.GM.pour-une-chaine-de-markov-expression-de-la-probabilite-de-passer-de-le,"Pour une chaîne de Markov, expression de la probabilité de passer de l’état i à l'état j en n transitions, de la matrice ligne représentant la distribution…",PROVEN_OFFICIAL,SRC-TLE-MATHS-EXP-2019 | BO spécial n°8 du 25 juillet 2019,0,0,NO_CONTENT
MATHS,TLE,MATHS_EXPERTES,Graphes et matrices,Graphes et matrices,MATHS.TLE.GM.sommets-adjacents-degre-ordre-dun-graphe-chaine-longueur-dune-chaine-g,"Sommets adjacents, degré, ordre d’un graphe, chaîne, longueur d’une chaîne, graphe connexe",PROVEN_OFFICIAL,SRC-TLE-MATHS-EXP-2019 | BO spécial n°8 du 25 juillet 2019,0,0,NO_CONTENT
MATHS,TLE,MATHS_EXPERTES,Graphes et matrices,Graphes et matrices,MATHS.TLE.GM.suite-de-matrices-colonnes-un-verifiant-une-relation-de-recurrence-du,Suite de matrices colonnes (Un) vérifiant une relation de récurrence du type Un+1 = AUn + C,PROVEN_OFFICIAL,SRC-TLE-MATHS-EXP-2019 | BO spécial n°8 du 25 juillet 2019,0,0,NO_CONTENT
MATHS,TLE,SPECIALITE,Algèbre et géométrie,Combinatoire et dénombrement,MATHS.TLE.AG.combinaisons-avec-repetitions,Combinaisons avec répétitions,PROVEN_OFFICIAL,SRC-TLE-MATHS-SPE-2019 | BO spécial n°8 du 25 juillet 2019,0,0,NO_CONTENT
MATHS,TLE,SPECIALITE,Algèbre et géométrie,Combinatoire et dénombrement,MATHS.TLE.AG.combinaisons-de-k-elements-dun-ensemble-a-n-elements-parties-a-k-eleme,Combinaisons de k éléments d’un ensemble à n éléments : parties à k éléments de l’ensemble. Représentation en termes de mots ou de chemins,PROVEN_OFFICIAL,SRC-TLE-MATHS-SPE-2019 | BO spécial n°8 du 25 juillet 2019,0,0,NO_CONTENT
MATHS,TLE,SPECIALITE,Algèbre et géométrie,Combinatoire et dénombrement,MATHS.TLE.AG.dans-le-cadre-dun-probleme-de-denombrement-utiliser-une-representation,"Dans le cadre d’un problème de dénombrement, utiliser une représentation adaptée (ensembles, arbres, tableaux, diagrammes) et reconnaître les objets à dénombrer",PROVEN_OFFICIAL,SRC-TLE-MATHS-SPE-2019 | BO spécial n°8 du 25 juillet 2019,0,0,NO_CONTENT
MATHS,TLE,SPECIALITE,Algèbre et géométrie,Combinatoire et dénombrement,MATHS.TLE.AG.demonstration-par-denombrement-de-la-relation,Démonstration par dénombrement de la relation,PROVEN_OFFICIAL,SRC-TLE-MATHS-SPE-2019 | BO spécial n°8 du 25 juillet 2019,0,0,NO_CONTENT
MATHS,TLE,SPECIALITE,Algèbre et géométrie,Combinatoire et dénombrement,MATHS.TLE.AG.demonstrations-de-la-relation-de-pascal-par-le-calcul-par-une-methode,"Démonstrations de la relation de Pascal (par le calcul, par une méthode combinatoire)",PROVEN_OFFICIAL,SRC-TLE-MATHS-SPE-2019 | BO spécial n°8 du 25 juillet 2019,0,0,NO_CONTENT
MATHS,TLE,SPECIALITE,Algèbre et géométrie,Combinatoire et dénombrement,MATHS.TLE.AG.effectuer-des-denombrements-simples-dans-des-situations-issues-de-dive,"Effectuer des dénombrements simples dans des situations issues de divers domaines scientifiques (informatique, génétique, théorie des jeux, probabilités, etc.)",PROVEN_OFFICIAL,SRC-TLE-MATHS-SPE-2019 | BO spécial n°8 du 25 juillet 2019,0,0,NO_CONTENT
MATHS,TLE,SPECIALITE,Algèbre et géométrie,Combinatoire et dénombrement,MATHS.TLE.AG.explicitation-pour-k-0-1-2-symetrie-relation-et-triangle-de-pascal,"Explicitation pour k = 0, 1, 2. Symétrie. Relation et triangle de Pascal",PROVEN_OFFICIAL,SRC-TLE-MATHS-SPE-2019 | BO spécial n°8 du 25 juillet 2019,0,0,NO_CONTENT
MATHS,TLE,SPECIALITE,Algèbre et géométrie,Combinatoire et dénombrement,MATHS.TLE.AG.nombre-des-k-uplets-delements-distincts-dun-ensemble-a-n-elements-defi,Nombre des k-uplets d’éléments distincts d’un ensemble à n éléments. Définition de n! Nombre de permutations d’un ensemble fini à n éléments,PROVEN_OFFICIAL,SRC-TLE-MATHS-SPE-2019 | BO spécial n°8 du 25 juillet 2019,0,0,NO_CONTENT
MATHS,TLE,SPECIALITE,Algèbre et géométrie,Combinatoire et dénombrement,MATHS.TLE.AG.nombre-des-parties-dun-ensemble-a-n-elements-lien-avec-les-n-uplets-de,"Nombre des parties d’un ensemble à n éléments. Lien avec les n-uplets de {0,1}, les mots de longueur n sur un alphabet à deux éléments, les chemins dans un…",PROVEN_OFFICIAL,SRC-TLE-MATHS-SPE-2019 | BO spécial n°8 du 25 juillet 2019,0,0,NO_CONTENT
MATHS,TLE,SPECIALITE,Algèbre et géométrie,Combinatoire et dénombrement,MATHS.TLE.AG.pour-0-k-n-formules,"Pour 0 ⩽ k ⩽ n, formules",PROVEN_OFFICIAL,SRC-TLE-MATHS-SPE-2019 | BO spécial n°8 du 25 juillet 2019,0,0,NO_CONTENT
MATHS,TLE,SPECIALITE,Algèbre et géométrie,Combinatoire et dénombrement,MATHS.TLE.AG.principe-additif-nombre-delements-dune-reunion-densembles-deux-a-deux,Principe additif : nombre d’éléments d’une réunion d’ensembles deux à deux disjoints,PROVEN_OFFICIAL,SRC-TLE-MATHS-SPE-2019 | BO spécial n°8 du 25 juillet 2019,0,0,NO_CONTENT
MATHS,TLE,SPECIALITE,Algèbre et géométrie,Combinatoire et dénombrement,MATHS.TLE.AG.principe-multiplicatif-nombre-delements-dun-produit-cartesien-nombre-d,Principe multiplicatif : nombre d’éléments d’un produit cartésien. Nombre de k-uplets (ou k-listes) d’un ensemble à n éléments,PROVEN_OFFICIAL,SRC-TLE-MATHS-SPE-2019 | BO spécial n°8 du 25 juillet 2019,0,0,NO_CONTENT
MATHS,TLE,SPECIALITE,Algèbre et géométrie,"Manipulation des vecteurs, des droites et des plans de l’espace",MATHS.TLE.AG.barycentre-d-une-famille-d-un-systeme-pondere-de-deux-trois-ou-quatre,"Barycentre d'une famille d'un système pondéré de deux, trois ou quatre points. Exemples d'utilisation des barycentres, en particulier de la propriété…",PROVEN_OFFICIAL,SRC-TLE-MATHS-SPE-2019 | BO spécial n°8 du 25 juillet 2019,0,0,NO_CONTENT
MATHS,TLE,SPECIALITE,Algèbre et géométrie,"Manipulation des vecteurs, des droites et des plans de l’espace",MATHS.TLE.AG.bases-et-reperes-de-lespace-decomposition-dun-vecteur-sur-une-base,Bases et repères de l’espace. Décomposition d’un vecteur sur une base,PROVEN_OFFICIAL,SRC-TLE-MATHS-SPE-2019 | BO spécial n°8 du 25 juillet 2019,0,0,NO_CONTENT
MATHS,TLE,SPECIALITE,Algèbre et géométrie,"Manipulation des vecteurs, des droites et des plans de l’espace",MATHS.TLE.AG.caracterisation-dun-plan-de-lespace-par-un-point-et-un-couple-de-vecte,Caractérisation d’un plan de l’espace par un point et un couple de vecteurs non colinéaires,PROVEN_OFFICIAL,SRC-TLE-MATHS-SPE-2019 | BO spécial n°8 du 25 juillet 2019,0,0,NO_CONTENT
MATHS,TLE,SPECIALITE,Algèbre et géométrie,"Manipulation des vecteurs, des droites et des plans de l’espace",MATHS.TLE.AG.caracterisation-dune-droite-par-un-point-et-un-vecteur-directeur,Caractérisation d’une droite par un point et un vecteur directeur,PROVEN_OFFICIAL,SRC-TLE-MATHS-SPE-2019 | BO spécial n°8 du 25 juillet 2019,0,0,NO_CONTENT
MATHS,TLE,SPECIALITE,Algèbre et géométrie,"Manipulation des vecteurs, des droites et des plans de l’espace",MATHS.TLE.AG.combinaisons-lineaires-de-vecteurs-de-lespace,Combinaisons linéaires de vecteurs de l’espace,PROVEN_OFFICIAL,SRC-TLE-MATHS-SPE-2019 | BO spécial n°8 du 25 juillet 2019,0,0,NO_CONTENT
MATHS,TLE,SPECIALITE,Algèbre et géométrie,"Manipulation des vecteurs, des droites et des plans de l’espace",MATHS.TLE.AG.decrire-la-position-relative-de-deux-droites-dune-droite-et-dun-plan-d,"Décrire la position relative de deux droites, d’une droite et d’un plan, de deux plans",PROVEN_OFFICIAL,SRC-TLE-MATHS-SPE-2019 | BO spécial n°8 du 25 juillet 2019,0,0,NO_CONTENT
MATHS,TLE,SPECIALITE,Algèbre et géométrie,"Manipulation des vecteurs, des droites et des plans de l’espace",MATHS.TLE.AG.droites-de-lespace-vecteurs-directeurs-dune-droite-vecteurs-colineaire,Droites de l’espace. Vecteurs directeurs d’une droite. Vecteurs colinéaires,PROVEN_OFFICIAL,SRC-TLE-MATHS-SPE-2019 | BO spécial n°8 du 25 juillet 2019,0,0,NO_CONTENT
MATHS,TLE,SPECIALITE,Algèbre et géométrie,"Manipulation des vecteurs, des droites et des plans de l’espace",MATHS.TLE.AG.etudier-geometriquement-des-problemes-simples-de-configurations-dans-l,"Étudier géométriquement des problèmes simples de configurations dans l’espac e (alignement, colinéarité, parallélisme, coplanarité)",PROVEN_OFFICIAL,SRC-TLE-MATHS-SPE-2019 | BO spécial n°8 du 25 juillet 2019,0,0,NO_CONTENT
MATHS,TLE,SPECIALITE,Algèbre et géométrie,"Manipulation des vecteurs, des droites et des plans de l’espace",MATHS.TLE.AG.exploiter-une-figure-pour-exprimer-un-vecteur-comme-combinaison-lineai,Exploiter une figure pour exprimer un vecteur comme combinaison linéaire de vecteurs,PROVEN_OFFICIAL,SRC-TLE-MATHS-SPE-2019 | BO spécial n°8 du 25 juillet 2019,0,0,NO_CONTENT
MATHS,TLE,SPECIALITE,Algèbre et géométrie,"Manipulation des vecteurs, des droites et des plans de l’espace",MATHS.TLE.AG.fonction-vectorielle-de-leibniz,Fonction vectorielle de Leibniz,PROVEN_OFFICIAL,SRC-TLE-MATHS-SPE-2019 | BO spécial n°8 du 25 juillet 2019,0,0,NO_CONTENT
MATHS,TLE,SPECIALITE,Algèbre et géométrie,"Manipulation des vecteurs, des droites et des plans de l’espace",MATHS.TLE.AG.lire-sur-une-figure-la-decomposition-d-un-vecteur-dans-une-base,Lire sur une figure la décomposition d'un vecteur dans une base,PROVEN_OFFICIAL,SRC-TLE-MATHS-SPE-2019 | BO spécial n°8 du 25 juillet 2019,0,0,NO_CONTENT
MATHS,TLE,SPECIALITE,Algèbre et géométrie,"Manipulation des vecteurs, des droites et des plans de l’espace",MATHS.TLE.AG.lire-sur-une-figure-si-deux-vecteurs-dun-plan-trois-vecteurs-de-lespac,"Lire sur une figure si deux vecteurs d’un plan, trois vecteurs de l’espace, forment une base",PROVEN_OFFICIAL,SRC-TLE-MATHS-SPE-2019 | BO spécial n°8 du 25 juillet 2019,0,0,NO_CONTENT
MATHS,TLE,SPECIALITE,Algèbre et géométrie,"Manipulation des vecteurs, des droites et des plans de l’espace",MATHS.TLE.AG.plans-de-lespace-direction-dun-plan-de-lespace,Plans de l’espace. Direction d’un plan de l’espace,PROVEN_OFFICIAL,SRC-TLE-MATHS-SPE-2019 | BO spécial n°8 du 25 juillet 2019,0,0,NO_CONTENT
MATHS,TLE,SPECIALITE,Algèbre et géométrie,"Manipulation des vecteurs, des droites et des plans de l’espace",MATHS.TLE.AG.representer-des-combinaisons-lineaires-de-vecteurs-donnes,Représenter des combinaisons linéaires de vecteurs donnés,PROVEN_OFFICIAL,SRC-TLE-MATHS-SPE-2019 | BO spécial n°8 du 25 juillet 2019,0,0,NO_CONTENT
MATHS,TLE,SPECIALITE,Algèbre et géométrie,"Manipulation des vecteurs, des droites et des plans de l’espace",MATHS.TLE.AG.vecteurs-de-lespace-translations,Vecteurs de l’espace. Translations,PROVEN_OFFICIAL,SRC-TLE-MATHS-SPE-2019 | BO spécial n°8 du 25 juillet 2019,0,0,NO_CONTENT
MATHS,TLE,SPECIALITE,Algèbre et géométrie,Orthogonalité et distances dans l’espace,MATHS.TLE.AG.base-orthonormee-repere-orthonorme,"Base orthonormée, repère orthonormé",PROVEN_OFFICIAL,SRC-TLE-MATHS-SPE-2019 | BO spécial n°8 du 25 juillet 2019,0,0,NO_CONTENT
MATHS,TLE,SPECIALITE,Algèbre et géométrie,Orthogonalité et distances dans l’espace,MATHS.TLE.AG.coordonnees-dun-vecteur-dans-une-base-orthonorm-ee-e-xpressions-du-pro,Coordonnées d’un vecteur dans une base orthonorm ée. E xpressions du produit scalaire et de la norme. Expression de la distance entre deux points,PROVEN_OFFICIAL,SRC-TLE-MATHS-SPE-2019 | BO spécial n°8 du 25 juillet 2019,0,0,NO_CONTENT
MATHS,TLE,SPECIALITE,Algèbre et géométrie,Orthogonalité et distances dans l’espace,MATHS.TLE.AG.etudier-des-problemes-de-configuration-dans-lespace-orthogonalite-de-d,"Étudier des problèmes de configuration dans l’espace : orthogonalité de deux droites, d’une droite et d’un plan ; lieux géométriques simples, par exemple plan…",PROVEN_OFFICIAL,SRC-TLE-MATHS-SPE-2019 | BO spécial n°8 du 25 juillet 2019,0,0,NO_CONTENT
MATHS,TLE,SPECIALITE,Algèbre et géométrie,Orthogonalité et distances dans l’espace,MATHS.TLE.AG.fonction-scalaire-de-leibniz,Fonction scalaire de Leibniz,PROVEN_OFFICIAL,SRC-TLE-MATHS-SPE-2019 | BO spécial n°8 du 25 juillet 2019,0,0,NO_CONTENT
MATHS,TLE,SPECIALITE,Algèbre et géométrie,Orthogonalité et distances dans l’espace,MATHS.TLE.AG.intersection-dune-sphere-et-dun-plan-plan-tangent-a-une-sphere-en-un-p,"Intersection d’une sphère et d’un plan, plan tangent à une sphère en un point",PROVEN_OFFICIAL,SRC-TLE-MATHS-SPE-2019 | BO spécial n°8 du 25 juillet 2019,0,0,NO_CONTENT
MATHS,TLE,SPECIALITE,Algèbre et géométrie,Orthogonalité et distances dans l’espace,MATHS.TLE.AG.le-projete-orthogonal-dun-point-m-sur-un-plan-p-est-le-point-de-p-le-p,Le projeté orthogonal d’un point M sur un plan 𝒫 est le point de 𝒫 le plus proche de M,PROVEN_OFFICIAL,SRC-TLE-MATHS-SPE-2019 | BO spécial n°8 du 25 juillet 2019,0,0,NO_CONTENT
MATHS,TLE,SPECIALITE,Algèbre et géométrie,Orthogonalité et distances dans l’espace,MATHS.TLE.AG.orthogonalite-de-deux-droites-dun-plan-et-dune-droite,"Orthogonalité de deux droites, d’un plan et d’une droite",PROVEN_OFFICIAL,SRC-TLE-MATHS-SPE-2019 | BO spécial n°8 du 25 juillet 2019,0,0,NO_CONTENT
MATHS,TLE,SPECIALITE,Algèbre et géométrie,Orthogonalité et distances dans l’espace,MATHS.TLE.AG.orthogonalite-de-deux-vecteurs-caracterisation-par-le-produit-scalaire,Orthogonalité de deux vecteurs. Caractérisation par le produit scalaire,PROVEN_OFFICIAL,SRC-TLE-MATHS-SPE-2019 | BO spécial n°8 du 25 juillet 2019,0,0,NO_CONTENT
MATHS,TLE,SPECIALITE,Algèbre et géométrie,Orthogonalité et distances dans l’espace,MATHS.TLE.AG.produit-scalaire-de-deux-vecteurs-de-lespace-bilinearite-symetrie,"Produit scalaire de deux vecteurs de l’espace. Bilinéarité, symétrie",PROVEN_OFFICIAL,SRC-TLE-MATHS-SPE-2019 | BO spécial n°8 du 25 juillet 2019,0,0,NO_CONTENT
MATHS,TLE,SPECIALITE,Algèbre et géométrie,Orthogonalité et distances dans l’espace,MATHS.TLE.AG.projete-orthogonal-dun-point-sur-une-droite-sur-un-plan,"Projeté orthogonal d’un point sur une droite, sur un plan",PROVEN_OFFICIAL,SRC-TLE-MATHS-SPE-2019 | BO spécial n°8 du 25 juillet 2019,0,0,NO_CONTENT
MATHS,TLE,SPECIALITE,Algèbre et géométrie,Orthogonalité et distances dans l’espace,MATHS.TLE.AG.resoudre-des-problemes-impliquant-des-grand-eurs-et-mesures-longueur-a,"Résoudre des problèmes impliquant des grand eurs et mesures : longueur, angle, aire, volume",PROVEN_OFFICIAL,SRC-TLE-MATHS-SPE-2019 | BO spécial n°8 du 25 juillet 2019,0,0,NO_CONTENT
MATHS,TLE,SPECIALITE,Algèbre et géométrie,Orthogonalité et distances dans l’espace,MATHS.TLE.AG.sphere-circonscrite-a-un-tetraedre,Sphère circonscrite à un tétraèdre,PROVEN_OFFICIAL,SRC-TLE-MATHS-SPE-2019 | BO spécial n°8 du 25 juillet 2019,0,0,NO_CONTENT
MATHS,TLE,SPECIALITE,Algèbre et géométrie,Orthogonalité et distances dans l’espace,MATHS.TLE.AG.utiliser-la-projection-orthogonale-pour-determiner-la-distance-dun-poi,Utiliser la projection orthogonale pour déterminer la distance d’un point à une droite ou à un plan,PROVEN_OFFICIAL,SRC-TLE-MATHS-SPE-2019 | BO spécial n°8 du 25 juillet 2019,0,0,NO_CONTENT
MATHS,TLE,SPECIALITE,Algèbre et géométrie,Orthogonalité et distances dans l’espace,MATHS.TLE.AG.utiliser-le-produit-scalaire-pour-demontrer-une-orthogonalite-pour-cal,"Utiliser le produit scalaire pour démontrer une orthogonalité, pour calculer un angle, une longueur dans l’espace",PROVEN_OFFICIAL,SRC-TLE-MATHS-SPE-2019 | BO spécial n°8 du 25 juillet 2019,0,0,NO_CONTENT
MATHS,TLE,SPECIALITE,Algèbre et géométrie,Orthogonalité et distances dans l’espace,MATHS.TLE.AG.vecteur-normal-a-un-plan,Vecteur normal à un plan,PROVEN_OFFICIAL,SRC-TLE-MATHS-SPE-2019 | BO spécial n°8 du 25 juillet 2019,0,0,NO_CONTENT
MATHS,TLE,SPECIALITE,Algèbre et géométrie,Représentations paramétriques et équations cartésiennes,MATHS.TLE.AG.dans-un-cadre-geometrique-repere-traduire-par-un-systeme-dequations-li,"Dans un cadre géométrique repéré, traduire par un système d’équations linéaires des problèmes de types suivants : décider si trois vecteurs forment une base…",PROVEN_OFFICIAL,SRC-TLE-MATHS-SPE-2019 | BO spécial n°8 du 25 juillet 2019,0,0,NO_CONTENT
MATHS,TLE,SPECIALITE,Algèbre et géométrie,Représentations paramétriques et équations cartésiennes,MATHS.TLE.AG.determiner-lequation-cartesienne-dun-plan-dont-on-connait-un-vecteur-n,Déterminer l’équation cartésienne d’un plan dont on connaît un vecteur normal et un point. Reconnaître un plan donné par une équation cartésienne et préciser…,PROVEN_OFFICIAL,SRC-TLE-MATHS-SPE-2019 | BO spécial n°8 du 25 juillet 2019,0,0,NO_CONTENT
MATHS,TLE,SPECIALITE,Algèbre et géométrie,Représentations paramétriques et équations cartésiennes,MATHS.TLE.AG.determiner-les-coordonnees-du-p-rojete-orthogonal-dun-point-sur-un-pla,"Déterminer les coordonnées du p rojeté orthogonal d’un point sur un plan donné par une équation cartésienne, ou sur une droite donnée par un point et un…",PROVEN_OFFICIAL,SRC-TLE-MATHS-SPE-2019 | BO spécial n°8 du 25 juillet 2019,0,0,NO_CONTENT
MATHS,TLE,SPECIALITE,Algèbre et géométrie,Représentations paramétriques et équations cartésiennes,MATHS.TLE.AG.determiner-lintersection-de-deux-plans,Déterminer l’intersection de deux plans,PROVEN_OFFICIAL,SRC-TLE-MATHS-SPE-2019 | BO spécial n°8 du 25 juillet 2019,0,0,NO_CONTENT
MATHS,TLE,SPECIALITE,Algèbre et géométrie,Représentations paramétriques et équations cartésiennes,MATHS.TLE.AG.determiner-un-vecteur-orthogonal-a-deux-vecteurs-non-colineaires,Déterminer un vecteur orthogonal à deux vecteurs non colinéaires,PROVEN_OFFICIAL,SRC-TLE-MATHS-SPE-2019 | BO spécial n°8 du 25 juillet 2019,0,0,NO_CONTENT
MATHS,TLE,SPECIALITE,Algèbre et géométrie,Représentations paramétriques et équations cartésiennes,MATHS.TLE.AG.determiner-une-representation-parametrique-dune-droite-reconnaitre-un,Déterminer une représentation paramétrique d’une droite. Reconnaître un e droite donnée par une représentation paramétrique,PROVEN_OFFICIAL,SRC-TLE-MATHS-SPE-2019 | BO spécial n°8 du 25 juillet 2019,0,0,NO_CONTENT
MATHS,TLE,SPECIALITE,Algèbre et géométrie,Représentations paramétriques et équations cartésiennes,MATHS.TLE.AG.equation-cartesienne-dun-plan,Équation cartésienne d’un plan,PROVEN_OFFICIAL,SRC-TLE-MATHS-SPE-2019 | BO spécial n°8 du 25 juillet 2019,0,0,NO_CONTENT
MATHS,TLE,SPECIALITE,Algèbre et géométrie,Représentations paramétriques et équations cartésiennes,MATHS.TLE.AG.equation-dune-sphere-dont-on-connait-le-centre-et-le-rayon,Équation d’une sphère dont on connaît le centre et le rayon,PROVEN_OFFICIAL,SRC-TLE-MATHS-SPE-2019 | BO spécial n°8 du 25 juillet 2019,0,0,NO_CONTENT
MATHS,TLE,SPECIALITE,Algèbre et géométrie,Représentations paramétriques et équations cartésiennes,MATHS.TLE.AG.intersection-dune-sphere-et-dune-droite,Intersection d’une sphère et d’une droite,PROVEN_OFFICIAL,SRC-TLE-MATHS-SPE-2019 | BO spécial n°8 du 25 juillet 2019,0,0,NO_CONTENT
MATHS,TLE,SPECIALITE,Algèbre et géométrie,Représentations paramétriques et équations cartésiennes,MATHS.TLE.AG.representation-parametrique-dune-droite,Représentation paramétrique d’une droite,PROVEN_OFFICIAL,SRC-TLE-MATHS-SPE-2019 | BO spécial n°8 du 25 juillet 2019,0,0,NO_CONTENT
MATHS,TLE,SPECIALITE,Algorithmique et programmation,Notion de liste,MATHS.TLE.ALGO.generer-une-liste-en-extension-par-ajouts-successifs-ou-en-comprehensi,"Générer une liste (en extension, par ajouts successifs ou en compréhension)",PROVEN_OFFICIAL,SRC-TLE-MATHS-SPE-2019 | BO spécial n°8 du 25 juillet 2019,0,0,NO_CONTENT
MATHS,TLE,SPECIALITE,Algorithmique et programmation,Notion de liste,MATHS.TLE.ALGO.iterer-sur-les-elements-dune-liste,Itérer sur les éléments d’une liste,PROVEN_OFFICIAL,SRC-TLE-MATHS-SPE-2019 | BO spécial n°8 du 25 juillet 2019,0,0,NO_CONTENT
MATHS,TLE,SPECIALITE,Algorithmique et programmation,Notion de liste,MATHS.TLE.ALGO.manipuler-des-elements-dune-liste-ajouter-supprimer-et-leurs-indices,"Manipuler des éléments d’une liste (ajouter, supprimer…) et leurs indices",PROVEN_OFFICIAL,SRC-TLE-MATHS-SPE-2019 | BO spécial n°8 du 25 juillet 2019,0,0,NO_CONTENT
MATHS,TLE,SPECIALITE,Algorithmique et programmation,Notion de liste,MATHS.TLE.ALGO.parcourir-une-liste,Parcourir une liste,PROVEN_OFFICIAL,SRC-TLE-MATHS-SPE-2019 | BO spécial n°8 du 25 juillet 2019,0,0,NO_CONTENT
MATHS,TLE,SPECIALITE,Analyse,Calcul intégral,MATHS.TLE.AN.approximation-d-une-aire-par-l-utilisation-de-suites-adjacentes,Approximation d'une aire par l'utilisation de suites adjacentes,PROVEN_OFFICIAL,SRC-TLE-MATHS-SPE-2019 | BO spécial n°8 du 25 juillet 2019,0,0,NO_CONTENT
MATHS,TLE,SPECIALITE,Analyse,Calcul intégral,MATHS.TLE.AN.calculer-laire-entre-deux-courbes,Calculer l’aire entre deux courbes,PROVEN_OFFICIAL,SRC-TLE-MATHS-SPE-2019 | BO spécial n°8 du 25 juillet 2019,0,0,NO_CONTENT
MATHS,TLE,SPECIALITE,Analyse,Calcul intégral,MATHS.TLE.AN.calculer-une-integrale-a-laide-dune-primitive-a-laide-dune-integration,"Calculer une intégrale à l’aide d’une primitive, à l’aide d’une intégration par parties",PROVEN_OFFICIAL,SRC-TLE-MATHS-SPE-2019 | BO spécial n°8 du 25 juillet 2019,0,0,NO_CONTENT
MATHS,TLE,SPECIALITE,Analyse,Calcul intégral,MATHS.TLE.AN.definition-de-lintegrale-d-une-fonction-continue-positive-definie-sur,"Définition de l’intégrale d'une fonction continue positive définie sur un segment [a,b], comme aire sous la courbe représentative de ƒ",PROVEN_OFFICIAL,SRC-TLE-MATHS-SPE-2019 | BO spécial n°8 du 25 juillet 2019,0,0,NO_CONTENT
MATHS,TLE,SPECIALITE,Analyse,Calcul intégral,MATHS.TLE.AN.estimer-graphiquement-ou-encadrer-une-integrale-une-valeur-moyenne,"Estimer graphiquement ou encadrer une intégrale, une valeur moyenne",PROVEN_OFFICIAL,SRC-TLE-MATHS-SPE-2019 | BO spécial n°8 du 25 juillet 2019,0,0,NO_CONTENT
MATHS,TLE,SPECIALITE,Analyse,Calcul intégral,MATHS.TLE.AN.etudier-une-suite-dintegrales-verifiant-eventuellement-une-relation-de,"Étudier une suite d’intégrales, vérifiant éventuellement une relation de récurrence",PROVEN_OFFICIAL,SRC-TLE-MATHS-SPE-2019 | BO spécial n°8 du 25 juillet 2019,0,0,NO_CONTENT
MATHS,TLE,SPECIALITE,Analyse,Calcul intégral,MATHS.TLE.AN.integration-par-parties,Intégration par parties,PROVEN_OFFICIAL,SRC-TLE-MATHS-SPE-2019 | BO spécial n°8 du 25 juillet 2019,0,0,NO_CONTENT
MATHS,TLE,SPECIALITE,Analyse,Calcul intégral,MATHS.TLE.AN.integration-par-parties-2,Intégration par parties (2),PROVEN_OFFICIAL,SRC-TLE-MATHS-SPE-2019 | BO spécial n°8 du 25 juillet 2019,0,0,NO_CONTENT
MATHS,TLE,SPECIALITE,Analyse,Calcul intégral,MATHS.TLE.AN.interpreter-une-integrale-une-valeur-moyenne-dans-un-contexte-issu-dun,"Interpréter une intégrale, une valeur moyenne dans un contexte issu d’une autre discipline",PROVEN_OFFICIAL,SRC-TLE-MATHS-SPE-2019 | BO spécial n°8 du 25 juillet 2019,0,0,NO_CONTENT
MATHS,TLE,SPECIALITE,Analyse,Calcul intégral,MATHS.TLE.AN.linearite-positivite-et-integration-des-inegalites-relation-de-chasles,"Linéarité, positivité et intégration des inégalités. Relation de Chasles",PROVEN_OFFICIAL,SRC-TLE-MATHS-SPE-2019 | BO spécial n°8 du 25 juillet 2019,0,0,NO_CONTENT
MATHS,TLE,SPECIALITE,Analyse,Calcul intégral,MATHS.TLE.AN.majorer-minorer-une-integrale-a-partir-d-une-majoration-minoration-d-u,Majorer (minorer) une intégrale à partir d'une majoration (minoration) d'une fonction par une autre fonction,PROVEN_OFFICIAL,SRC-TLE-MATHS-SPE-2019 | BO spécial n°8 du 25 juillet 2019,0,0,NO_CONTENT
MATHS,TLE,SPECIALITE,Analyse,Calcul intégral,MATHS.TLE.AN.theoreme-toute-fonction-continue-sur-un-intervalle-admet-des-primitive,Théorème : toute fonction continue sur un intervalle admet des primitives,PROVEN_OFFICIAL,SRC-TLE-MATHS-SPE-2019 | BO spécial n°8 du 25 juillet 2019,0,0,NO_CONTENT
MATHS,TLE,SPECIALITE,Analyse,Calcul intégral,MATHS.TLE.AN.valeur-moyenne-dune-fonction,Valeur moyenne d’une fonction,PROVEN_OFFICIAL,SRC-TLE-MATHS-SPE-2019 | BO spécial n°8 du 25 juillet 2019,0,0,NO_CONTENT
MATHS,TLE,SPECIALITE,Analyse,Compléments sur la dérivation,MATHS.TLE.AN.calculer-la-derivee-d-une-fonction-donnee-par-une-formule-simple-metta,Calculer la dérivée d’ une fonction donnée par une formule simple mettant en jeu opérations algébriques et composition,PROVEN_OFFICIAL,SRC-TLE-MATHS-SPE-2019 | BO spécial n°8 du 25 juillet 2019,0,0,NO_CONTENT
MATHS,TLE,SPECIALITE,Analyse,Compléments sur la dérivation,MATHS.TLE.AN.calculer-la-fonction-derivee-determiner-les-limites-et-etudier-les-var,"Calculer la fonction dérivée, déterminer les limites et étudier les variations d' une fonction construite simplement à partir des fonctions de référence",PROVEN_OFFICIAL,SRC-TLE-MATHS-SPE-2019 | BO spécial n°8 du 25 juillet 2019,0,0,NO_CONTENT
MATHS,TLE,SPECIALITE,Analyse,Compléments sur la dérivation,MATHS.TLE.AN.composee-de-deux-fonctions-notation-v-u-relation-v-u-v-u-u-pour-la-der,"Composée de deux fonctions , notation v ○ u. Relation (v ○ u)’ = (v’ ○ u) × u’ pour la dérivée de la composée de deux fonctions dérivables",PROVEN_OFFICIAL,SRC-TLE-MATHS-SPE-2019 | BO spécial n°8 du 25 juillet 2019,0,0,NO_CONTENT
MATHS,TLE,SPECIALITE,Analyse,Compléments sur la dérivation,MATHS.TLE.AN.courbe-de-lorenz,Courbe de Lorenz,PROVEN_OFFICIAL,SRC-TLE-MATHS-SPE-2019 | BO spécial n°8 du 25 juillet 2019,0,0,NO_CONTENT
MATHS,TLE,SPECIALITE,Analyse,Compléments sur la dérivation,MATHS.TLE.AN.demontrer-des-inegalites-en-utilisant-la-convexite-dune-fonction,Démontrer des inégalités en utilisant la convexité d’une fonction,PROVEN_OFFICIAL,SRC-TLE-MATHS-SPE-2019 | BO spécial n°8 du 25 juillet 2019,0,0,NO_CONTENT
MATHS,TLE,SPECIALITE,Analyse,Compléments sur la dérivation,MATHS.TLE.AN.derivee-n-ieme-dune-fonction,Dérivée n-ième d’une fonction,PROVEN_OFFICIAL,SRC-TLE-MATHS-SPE-2019 | BO spécial n°8 du 25 juillet 2019,0,0,NO_CONTENT
MATHS,TLE,SPECIALITE,Analyse,Compléments sur la dérivation,MATHS.TLE.AN.derivee-seconde-dune-fonction,Dérivée seconde d’une fonction,PROVEN_OFFICIAL,SRC-TLE-MATHS-SPE-2019 | BO spécial n°8 du 25 juillet 2019,0,0,NO_CONTENT
MATHS,TLE,SPECIALITE,Analyse,Compléments sur la dérivation,MATHS.TLE.AN.esquisser-lallure-de-la-courbe-representative-dune-fonction-a-partir-d,"Esquisser l’allure de la courbe représentative d’une fonction ƒ à partir de la donnée de tableaux de variations de ƒ, de ƒ’ ou de ƒ’’",PROVEN_OFFICIAL,SRC-TLE-MATHS-SPE-2019 | BO spécial n°8 du 25 juillet 2019,0,0,NO_CONTENT
MATHS,TLE,SPECIALITE,Analyse,Compléments sur la dérivation,MATHS.TLE.AN.fonction-convexe-sur-un-intervalle-definition-par-la-position-relative,"Fonction convexe sur un intervalle : définition par la position relative de la courbe représentative et des sécantes. Pour une fonction deux fois dérivable, é…",PROVEN_OFFICIAL,SRC-TLE-MATHS-SPE-2019 | BO spécial n°8 du 25 juillet 2019,0,0,NO_CONTENT
MATHS,TLE,SPECIALITE,Analyse,Compléments sur la dérivation,MATHS.TLE.AN.inegalite-arithmetico-geometrique,Inégalité arithmético-géométrique,PROVEN_OFFICIAL,SRC-TLE-MATHS-SPE-2019 | BO spécial n°8 du 25 juillet 2019,0,0,NO_CONTENT
MATHS,TLE,SPECIALITE,Analyse,Compléments sur la dérivation,MATHS.TLE.AN.lire-sur-une-representation-graphique-de-de-ou-de-les-intervalles-ou-e,"Lire sur une représentation graphique de ƒ, de ƒ’ ou de ƒ’’ les intervalles où ƒ est convexe, concave, et les points d’inflexion. Dans le cadre de la…",PROVEN_OFFICIAL,SRC-TLE-MATHS-SPE-2019 | BO spécial n°8 du 25 juillet 2019,0,0,NO_CONTENT
MATHS,TLE,SPECIALITE,Analyse,Compléments sur la dérivation,MATHS.TLE.AN.point-dinflexion,Point d’inflexion,PROVEN_OFFICIAL,SRC-TLE-MATHS-SPE-2019 | BO spécial n°8 du 25 juillet 2019,0,0,NO_CONTENT
MATHS,TLE,SPECIALITE,Analyse,Compléments sur la dérivation,MATHS.TLE.AN.si-est-positive-alors-la-courbe-representative-de-est-au-dessus-de-ses,"Si ƒ’’ est positive, alors la courbe représentative de ƒ est au -dessus de ses tangentes",PROVEN_OFFICIAL,SRC-TLE-MATHS-SPE-2019 | BO spécial n°8 du 25 juillet 2019,0,0,NO_CONTENT
MATHS,TLE,SPECIALITE,Analyse,Continuité des fonctions d’une variable réelle,MATHS.TLE.AN.demonstration-par-dichotomie-du-theoreme-des-valeurs-intermediaires,Démonstration par dichotomie du théorème des valeurs intermédiaires,PROVEN_OFFICIAL,SRC-TLE-MATHS-SPE-2019 | BO spécial n°8 du 25 juillet 2019,0,0,NO_CONTENT
MATHS,TLE,SPECIALITE,Analyse,Continuité des fonctions d’une variable réelle,MATHS.TLE.AN.etudier-les-solutions-dune-equation-du-type-x-k-existence-unicite-enca,"Étudier les solutions d’une équation du type ƒ(x) = k : existence, unicité, encadrement",PROVEN_OFFICIAL,SRC-TLE-MATHS-SPE-2019 | BO spécial n°8 du 25 juillet 2019,0,0,NO_CONTENT
MATHS,TLE,SPECIALITE,Analyse,Continuité des fonctions d’une variable réelle,MATHS.TLE.AN.fonction-cont-inue-en-un-point-definition-par-les-limites-sur-un-inter,"Fonction cont inue en un point (définition par les limites), sur un intervalle. Toute fonction dérivable est continue",PROVEN_OFFICIAL,SRC-TLE-MATHS-SPE-2019 | BO spécial n°8 du 25 juillet 2019,0,0,NO_CONTENT
MATHS,TLE,SPECIALITE,Analyse,Continuité des fonctions d’une variable réelle,MATHS.TLE.AN.fonctions-continues-de-r-dans-r-telles-que-x-y-x-y-pour-tous-reels-x-y,"Fonctions continues de ℝ dans ℝ telles que ƒ(x + y) = ƒ(x) + ƒ(y) pour tous réels x, y",PROVEN_OFFICIAL,SRC-TLE-MATHS-SPE-2019 | BO spécial n°8 du 25 juillet 2019,0,0,NO_CONTENT
MATHS,TLE,SPECIALITE,Analyse,Continuité des fonctions d’une variable réelle,MATHS.TLE.AN.image-dune-suite-convergente-par-une-fonction-continue,Image d’une suite convergente par une fonction continue,PROVEN_OFFICIAL,SRC-TLE-MATHS-SPE-2019 | BO spécial n°8 du 25 juillet 2019,0,0,NO_CONTENT
MATHS,TLE,SPECIALITE,Analyse,Continuité des fonctions d’une variable réelle,MATHS.TLE.AN.pour-une-fonction-continue-dun-intervalle-dans-lui-meme-etudier-une-su,"Pour une fonction continue ƒ d’un intervalle dans lui -même, étudier une suite définie par une relation de récurrence un+1 = ƒ(un)",PROVEN_OFFICIAL,SRC-TLE-MATHS-SPE-2019 | BO spécial n°8 du 25 juillet 2019,0,0,NO_CONTENT
MATHS,TLE,SPECIALITE,Analyse,Continuité des fonctions d’une variable réelle,MATHS.TLE.AN.prolongement-par-continuite,Prolongement par continuité,PROVEN_OFFICIAL,SRC-TLE-MATHS-SPE-2019 | BO spécial n°8 du 25 juillet 2019,0,0,NO_CONTENT
MATHS,TLE,SPECIALITE,Analyse,Continuité des fonctions d’une variable réelle,MATHS.TLE.AN.theoreme-des-valeurs-intermediaires-cas-des-fonctions-continues-strict,Théorème des valeurs intermédiaires. Cas des fonctions continues strictement monotones,PROVEN_OFFICIAL,SRC-TLE-MATHS-SPE-2019 | BO spécial n°8 du 25 juillet 2019,0,0,NO_CONTENT
MATHS,TLE,SPECIALITE,Analyse,Fonction logarithme,MATHS.TLE.AN.calcul-de-la-fonction-derivee-de-la-fonction-logarithme-neperien-la-de,"Calcul de la fonction dérivée de la fonction logarithme népérien, la dérivabilité étant admise",PROVEN_OFFICIAL,SRC-TLE-MATHS-SPE-2019 | BO spécial n°8 du 25 juillet 2019,0,0,NO_CONTENT
MATHS,TLE,SPECIALITE,Analyse,Fonction logarithme,MATHS.TLE.AN.croissance-comparee-du-logarithme-neperien-et-de-x-x-n-en-0-et-en,Croissance comparée du logarithme népérien et de x ↦ x n en 0 et en + ∞,PROVEN_OFFICIAL,SRC-TLE-MATHS-SPE-2019 | BO spécial n°8 du 25 juillet 2019,0,0,NO_CONTENT
MATHS,TLE,SPECIALITE,Analyse,Fonction logarithme,MATHS.TLE.AN.dans-le-cadre-dune-resolution-de-probleme-utiliser-les-proprietes-des,"Dans le cadre d’une résolution de problème, utiliser les propriétés des fonctions exponentielle et logarithme",PROVEN_OFFICIAL,SRC-TLE-MATHS-SPE-2019 | BO spécial n°8 du 25 juillet 2019,0,0,NO_CONTENT
MATHS,TLE,SPECIALITE,Analyse,Fonction logarithme,MATHS.TLE.AN.fonction-derivee-du-logarithme-variations,"Fonction dérivée du logarithme, variations",PROVEN_OFFICIAL,SRC-TLE-MATHS-SPE-2019 | BO spécial n°8 du 25 juillet 2019,0,0,NO_CONTENT
MATHS,TLE,SPECIALITE,Analyse,Fonction logarithme,MATHS.TLE.AN.fonction-logarithme-neperien-notee-ln-construite-comme-reciproque-de-l,"Fonction logarithme népérien, notée ln, construite comme réciproque de la fonction exponentielle",PROVEN_OFFICIAL,SRC-TLE-MATHS-SPE-2019 | BO spécial n°8 du 25 juillet 2019,0,0,NO_CONTENT
MATHS,TLE,SPECIALITE,Analyse,Fonction logarithme,MATHS.TLE.AN.limite-en-0-de-x-x-ln-x,Limite en 0 de x ↦ x ln(x),PROVEN_OFFICIAL,SRC-TLE-MATHS-SPE-2019 | BO spécial n°8 du 25 juillet 2019,0,0,NO_CONTENT
MATHS,TLE,SPECIALITE,Analyse,Fonction logarithme,MATHS.TLE.AN.limites-en-0-et-en-courbe-representative-lien-entre-les-courbes-repres,"Limites en 0 et en + ∞, courbe représentative. Lien entre les courbes représentatives des fonctions logarithme népérien et exponentielle",PROVEN_OFFICIAL,SRC-TLE-MATHS-SPE-2019 | BO spécial n°8 du 25 juillet 2019,0,0,NO_CONTENT
MATHS,TLE,SPECIALITE,Analyse,Fonction logarithme,MATHS.TLE.AN.pour-dans-r-fonction-x-x,"Pour α dans ℝ, fonction x ↦ xα",PROVEN_OFFICIAL,SRC-TLE-MATHS-SPE-2019 | BO spécial n°8 du 25 juillet 2019,0,0,NO_CONTENT
MATHS,TLE,SPECIALITE,Analyse,Fonction logarithme,MATHS.TLE.AN.proprietes-algebriques-du-logarithme,Propriétés algébriques du logarithme,PROVEN_OFFICIAL,SRC-TLE-MATHS-SPE-2019 | BO spécial n°8 du 25 juillet 2019,0,0,NO_CONTENT
MATHS,TLE,SPECIALITE,Analyse,Fonction logarithme,MATHS.TLE.AN.utiliser-lequation-fonctionnelle-de-lexponentielle-ou-du-logarithme-po,"Utiliser l’équation fonctionnelle de l’exponentielle ou du logarithme pour transformer une écriture, résoudre une équation, une inéquation",PROVEN_OFFICIAL,SRC-TLE-MATHS-SPE-2019 | BO spécial n°8 du 25 juillet 2019,0,0,NO_CONTENT
MATHS,TLE,SPECIALITE,Analyse,Fonctions sinus et cosinus,MATHS.TLE.AN.dans-le-cadre-de-la-resolution-de-probleme-notamment-geometrique-etudi,"Dans le cadre de la résolution de problème, notamment géométrique, étudier une fonction simple définie à partir de fonctions trigonométriques, pour déterminer…",PROVEN_OFFICIAL,SRC-TLE-MATHS-SPE-2019 | BO spécial n°8 du 25 juillet 2019,0,0,NO_CONTENT
MATHS,TLE,SPECIALITE,Analyse,Fonctions sinus et cosinus,MATHS.TLE.AN.fonction-tangente,Fonction tangente,PROVEN_OFFICIAL,SRC-TLE-MATHS-SPE-2019 | BO spécial n°8 du 25 juillet 2019,0,0,NO_CONTENT
MATHS,TLE,SPECIALITE,Analyse,Fonctions sinus et cosinus,MATHS.TLE.AN.fonctions-trigonometriques-sinus-et-cosinus-derivees-variations-courbe,"Fonctions trigonométriques sinus et cosinus : dérivées, variations, courbes représentatives",PROVEN_OFFICIAL,SRC-TLE-MATHS-SPE-2019 | BO spécial n°8 du 25 juillet 2019,0,0,NO_CONTENT
MATHS,TLE,SPECIALITE,Analyse,Fonctions sinus et cosinus,MATHS.TLE.AN.resoudre-une-equation-du-type-cos-x-a-une-inequation-de-la-forme-cos-x,"Résoudre une équation du type cos(x) = a, une inéquation de la forme cos(x) ⩽ a sur [-π,π]",PROVEN_OFFICIAL,SRC-TLE-MATHS-SPE-2019 | BO spécial n°8 du 25 juillet 2019,0,0,NO_CONTENT
MATHS,TLE,SPECIALITE,Analyse,Limites des fonctions,MATHS.TLE.AN.asymptotes-obliques-branches-infinies,Asymptotes obliques. Branches infinies,PROVEN_OFFICIAL,SRC-TLE-MATHS-SPE-2019 | BO spécial n°8 du 25 juillet 2019,0,0,NO_CONTENT
MATHS,TLE,SPECIALITE,Analyse,Limites des fonctions,MATHS.TLE.AN.croissance-comparee-de-x-x-n-et-exp-en,Croissance comparée de x ↦ x n et exp en + ∞,PROVEN_OFFICIAL,SRC-TLE-MATHS-SPE-2019 | BO spécial n°8 du 25 juillet 2019,0,0,NO_CONTENT
MATHS,TLE,SPECIALITE,Analyse,Limites des fonctions,MATHS.TLE.AN.determiner-dans-des-cas-simples-la-limite-d-une-suite-ou-dune-fonction,"Déterminer dans des cas simples la limite d’ une suite ou d’une fonction en un point, en ± ∞, en utilisant les limites usuelles, les croissances comparées, les…",PROVEN_OFFICIAL,SRC-TLE-MATHS-SPE-2019 | BO spécial n°8 du 25 juillet 2019,0,0,NO_CONTENT
MATHS,TLE,SPECIALITE,Analyse,Limites des fonctions,MATHS.TLE.AN.faire-le-lien-entre-lexistence-dune-asymptote-parallele-a-un-axe-et-ce,Faire le lien entre l’existence d’une asymptote parallèle à un axe et celle de la limite correspondante,PROVEN_OFFICIAL,SRC-TLE-MATHS-SPE-2019 | BO spécial n°8 du 25 juillet 2019,0,0,NO_CONTENT
MATHS,TLE,SPECIALITE,Analyse,Limites des fonctions,MATHS.TLE.AN.limite-finie-ou-infinie-d-une-fonction-en-en-en-un-point-asymptote-par,"Limite finie ou infinie d'une fonction en + ∞, en – ∞, en un point. Asymptote parallèle à un axe de coordonnées",PROVEN_OFFICIAL,SRC-TLE-MATHS-SPE-2019 | BO spécial n°8 du 25 juillet 2019,0,0,NO_CONTENT
MATHS,TLE,SPECIALITE,Analyse,Limites des fonctions,MATHS.TLE.AN.limites-et-comparaison,Limites et comparaison,PROVEN_OFFICIAL,SRC-TLE-MATHS-SPE-2019 | BO spécial n°8 du 25 juillet 2019,0,0,NO_CONTENT
MATHS,TLE,SPECIALITE,Analyse,Limites des fonctions,MATHS.TLE.AN.limites-faisant-intervenir-les-fonctions-de-reference-etudiees-en-clas,"Limites faisant intervenir les fonctions de référence étudiées en classe de première : puissances entières, racine carrée, fonction exponentielle",PROVEN_OFFICIAL,SRC-TLE-MATHS-SPE-2019 | BO spécial n°8 du 25 juillet 2019,0,0,NO_CONTENT
MATHS,TLE,SPECIALITE,Analyse,Limites des fonctions,MATHS.TLE.AN.operations-sur-les-limites-2,Opérations sur les limites (2),PROVEN_OFFICIAL,SRC-TLE-MATHS-SPE-2019 | BO spécial n°8 du 25 juillet 2019,0,0,NO_CONTENT
MATHS,TLE,SPECIALITE,Analyse,"Primitives, équations différentielles",MATHS.TLE.AN.autres-exemples-dequations-differentielles-even-tuellement-en-lien-ave,"Autres exemples d’équations différentielles, éven tuellement en lien avec une modélisation, par exemple l’équation logistique",PROVEN_OFFICIAL,SRC-TLE-MATHS-SPE-2019 | BO spécial n°8 du 25 juillet 2019,0,0,NO_CONTENT
MATHS,TLE,SPECIALITE,Analyse,"Primitives, équations différentielles",MATHS.TLE.AN.calculer-une-primit-ive-en-utilisant-les-primitives-de-reference-et-le,Calculer une primit ive en utilisant les primitives de référence et les fonctions de la forme (v’ ○ u) × u’,PROVEN_OFFICIAL,SRC-TLE-MATHS-SPE-2019 | BO spécial n°8 du 25 juillet 2019,0,0,NO_CONTENT
MATHS,TLE,SPECIALITE,Analyse,"Primitives, équations différentielles",MATHS.TLE.AN.deux-primitives-dune-meme-fonction-continue-sur-un-intervalle-differen,Deux primitives d’une même fonction continue sur un intervalle diffèrent d’une constante,PROVEN_OFFICIAL,SRC-TLE-MATHS-SPE-2019 | BO spécial n°8 du 25 juillet 2019,0,0,NO_CONTENT
MATHS,TLE,SPECIALITE,Analyse,"Primitives, équations différentielles",MATHS.TLE.AN.equation-differentielle-y-ay-ou-a-est-un-nombre-reel-allure-des-courbe,"Équation différentielle y’ = ay, où a est un nombre réel ; allure des courbes. Équation différentielle y’ = ay + b",PROVEN_OFFICIAL,SRC-TLE-MATHS-SPE-2019 | BO spécial n°8 du 25 juillet 2019,0,0,NO_CONTENT
MATHS,TLE,SPECIALITE,Analyse,"Primitives, équations différentielles",MATHS.TLE.AN.equation-differentielle-y-notion-de-primitive-dune-fonction-continue-s,Équation différentielle y’ = ƒ. Notion de primitive d’une fonction continue su r un intervalle. Deux primitives d’une même fonction continue sur un intervalle…,PROVEN_OFFICIAL,SRC-TLE-MATHS-SPE-2019 | BO spécial n°8 du 25 juillet 2019,0,0,NO_CONTENT
MATHS,TLE,SPECIALITE,Analyse,"Primitives, équations différentielles",MATHS.TLE.AN.pour-une-equation-differentielle-y-ay-a-partir-de-la-donnee-dune-solut,"Pour une équation différentielle y’ = ay + ƒ : à partir de la donnée d’une solution particulière, déterminer toutes les solutions",PROVEN_OFFICIAL,SRC-TLE-MATHS-SPE-2019 | BO spécial n°8 du 25 juillet 2019,0,0,NO_CONTENT
MATHS,TLE,SPECIALITE,Analyse,"Primitives, équations différentielles",MATHS.TLE.AN.pour-une-equation-differentielle-y-ay-b-a-0-determiner-une-solution-pa,Pour une équation différentielle y’ = ay + b (a ≠ 0) : déterminer une solution particulière constante ; utiliser cette solution pour déterminer toutes les…,PROVEN_OFFICIAL,SRC-TLE-MATHS-SPE-2019 | BO spécial n°8 du 25 juillet 2019,0,0,NO_CONTENT
MATHS,TLE,SPECIALITE,Analyse,"Primitives, équations différentielles",MATHS.TLE.AN.primitives-des-fonctions-de-reference,Primitives des fonctions de référence,PROVEN_OFFICIAL,SRC-TLE-MATHS-SPE-2019 | BO spécial n°8 du 25 juillet 2019,0,0,NO_CONTENT
MATHS,TLE,SPECIALITE,Analyse,"Primitives, équations différentielles",MATHS.TLE.AN.resolution-de-lequation-differentielle-y-ay-ou-a-est-un-nombre-reel,Résolution de l’équation différentielle y’ = ay où a est un nombre réel,PROVEN_OFFICIAL,SRC-TLE-MATHS-SPE-2019 | BO spécial n°8 du 25 juillet 2019,0,0,NO_CONTENT
MATHS,TLE,SPECIALITE,Analyse,Suites,MATHS.TLE.AN.comportement-dune-suite-geometrique-qn-ou-q-est-un-nombre-reel,Comportement d’une suite géométrique (qn) où q est un nombre réel,PROVEN_OFFICIAL,SRC-TLE-MATHS-SPE-2019 | BO spécial n°8 du 25 juillet 2019,0,0,NO_CONTENT
MATHS,TLE,SPECIALITE,Analyse,Suites,MATHS.TLE.AN.divergence-vers-dune-suite-minoree-par-une-suite-divergeant-vers,Divergence vers + ∞ d’une suite minorée par une suite divergeant vers + ∞,PROVEN_OFFICIAL,SRC-TLE-MATHS-SPE-2019 | BO spécial n°8 du 25 juillet 2019,0,0,NO_CONTENT
MATHS,TLE,SPECIALITE,Analyse,Suites,MATHS.TLE.AN.etablir-la-convergence-dune-suite-ou-sa-divergence-vers-ou,"Établir la convergence d’une suite, ou sa divergence vers + ∞ ou – ∞",PROVEN_OFFICIAL,SRC-TLE-MATHS-SPE-2019 | BO spécial n°8 du 25 juillet 2019,0,0,NO_CONTENT
MATHS,TLE,SPECIALITE,Analyse,Suites,MATHS.TLE.AN.etudier-des-phenomenes-devolution-modelisables-par-une-suite,Étudier des phénomènes d’évolution modélisables par une suite,PROVEN_OFFICIAL,SRC-TLE-MATHS-SPE-2019 | BO spécial n°8 du 25 juillet 2019,0,0,NO_CONTENT
MATHS,TLE,SPECIALITE,Analyse,Suites,MATHS.TLE.AN.exemples-dapplication-de-la-methode-de-newton-etude-de-la-convergence,Exemples d’application de la méthode de Newton. Étude de la convergence de la méthode de Héron,PROVEN_OFFICIAL,SRC-TLE-MATHS-SPE-2019 | BO spécial n°8 du 25 juillet 2019,0,0,NO_CONTENT
MATHS,TLE,SPECIALITE,Analyse,Suites,MATHS.TLE.AN.exemples-de-suites-verifiant-une-relation-de-recurrence-lineaire-dordr,Exemples de suites vérifiant une relation de récurrence linéaire d’ordre 2 à coefficients constants,PROVEN_OFFICIAL,SRC-TLE-MATHS-SPE-2019 | BO spécial n°8 du 25 juillet 2019,0,0,NO_CONTENT
MATHS,TLE,SPECIALITE,Analyse,Suites,MATHS.TLE.AN.la-suite-un-converge-vers-le-nombre-reel-l-si-tout-intervalle-ouvert-c,La suite (un) converge vers le nombre réel 𝓁 si tout intervalle ouvert contenant 𝓁 contient toutes les valeurs un à partir d'un certain rang,PROVEN_OFFICIAL,SRC-TLE-MATHS-SPE-2019 | BO spécial n°8 du 25 juillet 2019,0,0,NO_CONTENT
MATHS,TLE,SPECIALITE,Analyse,Suites,MATHS.TLE.AN.la-suite-un-tend-vers-si-tout-intervalle-de-la-fo-rme-a-contient-toute,La suite (un) tend vers + ∞ si tout intervalle de la fo rme [A;+∞[ contient toutes les valeurs un à partir d'un certain rang. Cas des suites croissantes non…,PROVEN_OFFICIAL,SRC-TLE-MATHS-SPE-2019 | BO spécial n°8 du 25 juillet 2019,0,0,NO_CONTENT
MATHS,TLE,SPECIALITE,Analyse,Suites,MATHS.TLE.AN.limite-de-qn-apres-demonstration-par-recurrence-de-linegalite-de-berno,"Limite de (qn), après démonstration par récurrence de l’inégalité de Bernoulli",PROVEN_OFFICIAL,SRC-TLE-MATHS-SPE-2019 | BO spécial n°8 du 25 juillet 2019,0,0,NO_CONTENT
MATHS,TLE,SPECIALITE,Analyse,Suites,MATHS.TLE.AN.limite-en-et-en-de-la-fonction-exponentielle,Limite en + ∞ et en – ∞ de la fonction exponentielle,PROVEN_OFFICIAL,SRC-TLE-MATHS-SPE-2019 | BO spécial n°8 du 25 juillet 2019,0,0,NO_CONTENT
MATHS,TLE,SPECIALITE,Analyse,Suites,MATHS.TLE.AN.limites-et-comparaison-theoremes-des-gendarmes,Limites et comparaison. Théorèmes des gendarmes,PROVEN_OFFICIAL,SRC-TLE-MATHS-SPE-2019 | BO spécial n°8 du 25 juillet 2019,0,0,NO_CONTENT
MATHS,TLE,SPECIALITE,Analyse,Suites,MATHS.TLE.AN.operations-sur-les-limites,Opérations sur les limites,PROVEN_OFFICIAL,SRC-TLE-MATHS-SPE-2019 | BO spécial n°8 du 25 juillet 2019,0,0,NO_CONTENT
MATHS,TLE,SPECIALITE,Analyse,Suites,MATHS.TLE.AN.proprietes-et-utilisation-des-suites-adjacentes,Propriétés et utilisation des suites adjacentes,PROVEN_OFFICIAL,SRC-TLE-MATHS-SPE-2019 | BO spécial n°8 du 25 juillet 2019,0,0,NO_CONTENT
MATHS,TLE,SPECIALITE,Analyse,Suites,MATHS.TLE.AN.raisonner-par-recurrence-pour-etablir-une-propriete-dune-suite,Raisonner par récurrence pour établir une propriété d’une suite,PROVEN_OFFICIAL,SRC-TLE-MATHS-SPE-2019 | BO spécial n°8 du 25 juillet 2019,0,0,NO_CONTENT
MATHS,TLE,SPECIALITE,Analyse,Suites,MATHS.TLE.AN.theoreme-admis-toute-suite-croissante-majoree-ou-decroissante-minoree,Théorème admis : toute suite croissante majorée (ou décroissante minorée) converge,PROVEN_OFFICIAL,SRC-TLE-MATHS-SPE-2019 | BO spécial n°8 du 25 juillet 2019,0,0,NO_CONTENT
MATHS,TLE,SPECIALITE,Analyse,Suites,MATHS.TLE.AN.toute-suite-croissante-non-majoree-tend-vers,Toute suite croissante non majorée tend vers + ∞,PROVEN_OFFICIAL,SRC-TLE-MATHS-SPE-2019 | BO spécial n°8 du 25 juillet 2019,0,0,NO_CONTENT
MATHS,TLE,SPECIALITE,Probabilités,"Concentration, loi des grands nombres",MATHS.TLE.PROBA.appliquer-linegalite-de-bienayme-tchebychev-pour-definir-une-taille-de,"Appliquer l’inégalité de Bienaymé-Tchebychev pour définir une taille d’échantillon, en fonction de la précision et du risque choisi",PROVEN_OFFICIAL,SRC-TLE-MATHS-SPE-2019 | BO spécial n°8 du 25 juillet 2019,0,0,NO_CONTENT
MATHS,TLE,SPECIALITE,Probabilités,"Concentration, loi des grands nombres",MATHS.TLE.PROBA.estimation,Estimation,PROVEN_OFFICIAL,SRC-TLE-MATHS-SPE-2019 | BO spécial n°8 du 25 juillet 2019,0,0,NO_CONTENT
MATHS,TLE,SPECIALITE,Probabilités,"Concentration, loi des grands nombres",MATHS.TLE.PROBA.exemples-dapplication-issus-dautres-disciplines-pour-diverses-valeurs,"Exemples d’application issus d’autres disciplines pour diverses valeurs de n : sondage (par exemple n = 1 000), étude du sex ratio (par exemple n = 106)…",PROVEN_OFFICIAL,SRC-TLE-MATHS-SPE-2019 | BO spécial n°8 du 25 juillet 2019,0,0,NO_CONTENT
MATHS,TLE,SPECIALITE,Probabilités,"Concentration, loi des grands nombres",MATHS.TLE.PROBA.inegalite-de-bienayme-tchebychev,Inégalité de Bienaymé -Tchebychev,PROVEN_OFFICIAL,SRC-TLE-MATHS-SPE-2019 | BO spécial n°8 du 25 juillet 2019,0,0,NO_CONTENT
MATHS,TLE,SPECIALITE,Probabilités,"Concentration, loi des grands nombres",MATHS.TLE.PROBA.inegalite-de-concentration,Inégalité de concentration,PROVEN_OFFICIAL,SRC-TLE-MATHS-SPE-2019 | BO spécial n°8 du 25 juillet 2019,0,0,NO_CONTENT
MATHS,TLE,SPECIALITE,Probabilités,"Concentration, loi des grands nombres",MATHS.TLE.PROBA.loi-des-grands-nombres,Loi des grands nombres,PROVEN_OFFICIAL,SRC-TLE-MATHS-SPE-2019 | BO spécial n°8 du 25 juillet 2019,0,0,NO_CONTENT
MATHS,TLE,SPECIALITE,Probabilités,"Concentration, loi des grands nombres",MATHS.TLE.PROBA.marche-aleatoire,Marche aléatoire,PROVEN_OFFICIAL,SRC-TLE-MATHS-SPE-2019 | BO spécial n°8 du 25 juillet 2019,0,0,NO_CONTENT
MATHS,TLE,SPECIALITE,Probabilités,Sommes de variables aléatoires,MATHS.TLE.PROBA.application-a-lesperance-la-variance-et-lecart-type-de-la-loi-binomial,"Application à l’espérance, la variance et l’écart type de la loi binomiale",PROVEN_OFFICIAL,SRC-TLE-MATHS-SPE-2019 | BO spécial n°8 du 25 juillet 2019,0,0,NO_CONTENT
MATHS,TLE,SPECIALITE,Probabilités,Sommes de variables aléatoires,MATHS.TLE.PROBA.calculer-la-variance-dune-variable-aleatoire-notamment-en-lexprimant-c,"Calculer la variance d’une variable aléatoire , notamment en l’exprimant comme somme de variables aléatoires indépendantes",PROVEN_OFFICIAL,SRC-TLE-MATHS-SPE-2019 | BO spécial n°8 du 25 juillet 2019,0,0,NO_CONTENT
MATHS,TLE,SPECIALITE,Probabilités,Sommes de variables aléatoires,MATHS.TLE.PROBA.calculer-lesperance-dune-variable-aleatoire-notamment-en-utilisant-la,"Calculer l’espérance d’une variable aléatoire, notamment en utilisant la propriété de linéarité",PROVEN_OFFICIAL,SRC-TLE-MATHS-SPE-2019 | BO spécial n°8 du 25 juillet 2019,0,0,NO_CONTENT
MATHS,TLE,SPECIALITE,Probabilités,Sommes de variables aléatoires,MATHS.TLE.PROBA.dans-le-cadre-de-la-succession-depreuves-independantes-exemples-de-var,"Dans le cadre de la succession d’épreuves indépendantes, exemples de variables indépendantes X,Y et relation d’additivité V(X + Y) = V(X) + V(Y). Relation…",PROVEN_OFFICIAL,SRC-TLE-MATHS-SPE-2019 | BO spécial n°8 du 25 juillet 2019,0,0,NO_CONTENT
MATHS,TLE,SPECIALITE,Probabilités,Sommes de variables aléatoires,MATHS.TLE.PROBA.echantillon-de-taille-n-dune-loi-de-probabilite-liste-x1-xn-de-variabl,"Échantillon de taille n d’une loi de probabilité : liste (X1,…,Xn) de variables indépendantes identiques suivant cette loi. Espérance, variance, écart type de…",PROVEN_OFFICIAL,SRC-TLE-MATHS-SPE-2019 | BO spécial n°8 du 25 juillet 2019,0,0,NO_CONTENT
MATHS,TLE,SPECIALITE,Probabilités,Sommes de variables aléatoires,MATHS.TLE.PROBA.esperance-et-variance-de-la-loi-binomiale,Espérance et variance de la loi binomiale,PROVEN_OFFICIAL,SRC-TLE-MATHS-SPE-2019 | BO spécial n°8 du 25 juillet 2019,0,0,NO_CONTENT
MATHS,TLE,SPECIALITE,Probabilités,Sommes de variables aléatoires,MATHS.TLE.PROBA.relation-e-xy-e-x-e-y-pour-des-variables-aleatoires-independantes-x-y,"Relation E(XY) = E(X)E(Y) pour des variables aléatoires indépendantes X,Y. Application à la variance de X + Y",PROVEN_OFFICIAL,SRC-TLE-MATHS-SPE-2019 | BO spécial n°8 du 25 juillet 2019,0,0,NO_CONTENT
MATHS,TLE,SPECIALITE,Probabilités,Sommes de variables aléatoires,MATHS.TLE.PROBA.representer-une-variable-comme-somme-de-variables-aleatoires-plus-simp,Représenter une variable comme somme de variables aléatoires plus simples,PROVEN_OFFICIAL,SRC-TLE-MATHS-SPE-2019 | BO spécial n°8 du 25 juillet 2019,0,0,NO_CONTENT
MATHS,TLE,SPECIALITE,Probabilités,Sommes de variables aléatoires,MATHS.TLE.PROBA.somme-de-deux-variables-aleatoires-linearite-de-l-esperance-e-x-y-e-x,Somme de deux variables aléatoires. Linéarité de l'espérance : E(X + Y) = E(X) + E(Y) et E(aX) = aE(X),PROVEN_OFFICIAL,SRC-TLE-MATHS-SPE-2019 | BO spécial n°8 du 25 juillet 2019,0,0,NO_CONTENT
MATHS,TLE,SPECIALITE,Probabilités,"Succession d’épreuves indépendantes, schéma de Bernoulli",MATHS.TLE.PROBA.dans-le-cadre-dune-resolution-de-probleme-modelise-par-une-variable-bi,"Dans le cadre d’une résolution de problème modélisé par une variable binomiale X, calculer numériquement une probabilité du type P(X = k), P(X ⩽ k), P(k ⩽ X ⩽…",PROVEN_OFFICIAL,SRC-TLE-MATHS-SPE-2019 | BO spécial n°8 du 25 juillet 2019,0,0,NO_CONTENT
MATHS,TLE,SPECIALITE,Probabilités,"Succession d’épreuves indépendantes, schéma de Bernoulli",MATHS.TLE.PROBA.epreuve-de-bernoulli-loi-de-bernoulli,"Épreuve de Bernoulli, loi de Bernoulli",PROVEN_OFFICIAL,SRC-TLE-MATHS-SPE-2019 | BO spécial n°8 du 25 juillet 2019,0,0,NO_CONTENT
MATHS,TLE,SPECIALITE,Probabilités,"Succession d’épreuves indépendantes, schéma de Bernoulli",MATHS.TLE.PROBA.expression-de-la-probabilite-de-k-succes-dans-le-schema-de-bernoulli,Expression de la probabilité de k succès dans le schéma de Bernoulli,PROVEN_OFFICIAL,SRC-TLE-MATHS-SPE-2019 | BO spécial n°8 du 25 juillet 2019,0,0,NO_CONTENT
MATHS,TLE,SPECIALITE,Probabilités,"Succession d’épreuves indépendantes, schéma de Bernoulli",MATHS.TLE.PROBA.introduction-de-la-loi-de-poisson-comme-limite-de-lois-binomiales-inte,Introduction de la loi de Poisson comme limite de lois binomiales. Interprétation (événements rares),PROVEN_OFFICIAL,SRC-TLE-MATHS-SPE-2019 | BO spécial n°8 du 25 juillet 2019,0,0,NO_CONTENT
MATHS,TLE,SPECIALITE,Probabilités,"Succession d’épreuves indépendantes, schéma de Bernoulli",MATHS.TLE.PROBA.loi-binomiale-b-n-p-loi-du-nombre-de-succes-expression-a-laide-des-coe,"Loi binomiale ℬ(n,p) : loi du nombre de succès. Expression à l’aide des coefficients binomiaux",PROVEN_OFFICIAL,SRC-TLE-MATHS-SPE-2019 | BO spécial n°8 du 25 juillet 2019,0,0,NO_CONTENT
MATHS,TLE,SPECIALITE,Probabilités,"Succession d’épreuves indépendantes, schéma de Bernoulli",MATHS.TLE.PROBA.loi-geometrique,Loi géométrique,PROVEN_OFFICIAL,SRC-TLE-MATHS-SPE-2019 | BO spécial n°8 du 25 juillet 2019,0,0,NO_CONTENT
MATHS,TLE,SPECIALITE,Probabilités,"Succession d’épreuves indépendantes, schéma de Bernoulli",MATHS.TLE.PROBA.modele-de-la-succession-depreuves-independantes-la-probabilite-dune-is,"Modèle de la succession d’épreuves indépendantes : la probabilité d’une issue (x1,…,xn) est égale au produit des probabilités des composantes xi.…",PROVEN_OFFICIAL,SRC-TLE-MATHS-SPE-2019 | BO spécial n°8 du 25 juillet 2019,0,0,NO_CONTENT
MATHS,TLE,SPECIALITE,Probabilités,"Succession d’épreuves indépendantes, schéma de Bernoulli",MATHS.TLE.PROBA.modeliser-une-situation-par-un-schema-de-bernoulli-par-une-loi-binomia,"Modéliser une situation par un schéma de Bernoulli, par une loi binomiale",PROVEN_OFFICIAL,SRC-TLE-MATHS-SPE-2019 | BO spécial n°8 du 25 juillet 2019,0,0,NO_CONTENT
MATHS,TLE,SPECIALITE,Probabilités,"Succession d’épreuves indépendantes, schéma de Bernoulli",MATHS.TLE.PROBA.modeliser-une-situation-par-une-succession-depreuves-independantes-ou,"Modéliser une situation par une succession d’épreuves indépendantes, ou une succession de deux ou trois épreuves quelconques. Représenter la situation par un…",PROVEN_OFFICIAL,SRC-TLE-MATHS-SPE-2019 | BO spécial n°8 du 25 juillet 2019,0,0,NO_CONTENT
MATHS,TLE,SPECIALITE,Probabilités,"Succession d’épreuves indépendantes, schéma de Bernoulli",MATHS.TLE.PROBA.schema-de-bernoulli-repetition-de-n-epreuves-de-bernoulli-independante,Schéma de Bernoulli : répétition de n épreuves de Bernoulli indépendantes,PROVEN_OFFICIAL,SRC-TLE-MATHS-SPE-2019 | BO spécial n°8 du 25 juillet 2019,0,0,NO_CONTENT
MATHS,TLE,SPECIALITE,Probabilités,"Succession d’épreuves indépendantes, schéma de Bernoulli",MATHS.TLE.PROBA.utiliser-lexpression-de-la-loi-binomiale-pour-resoudre-un-probleme-de,"Utiliser l’expression de la loi binomiale pour résoudre un problème de seuil, de comparaison, d’optimisation relatif à des probabilités de nombre de succès",PROVEN_OFFICIAL,SRC-TLE-MATHS-SPE-2019 | BO spécial n°8 du 25 juillet 2019,0,0,NO_CONTENT
PHYSIQUE_CHIMIE,CP,,,,,en 6e (cycle 3) : enseignement « Sciences et technologie » (voir SUBJECT=SCIENCES_TECHNOLOGIE),,,0,0,NOT_APPLICABLE
PHYSIQUE_CHIMIE,CE1,,,,,en 6e (cycle 3) : enseignement « Sciences et technologie » (voir SUBJECT=SCIENCES_TECHNOLOGIE),,,0,0,NOT_APPLICABLE
PHYSIQUE_CHIMIE,CE2,,,,,en 6e (cycle 3) : enseignement « Sciences et technologie » (voir SUBJECT=SCIENCES_TECHNOLOGIE),,,0,0,NOT_APPLICABLE
PHYSIQUE_CHIMIE,CM1,,,,,en 6e (cycle 3) : enseignement « Sciences et technologie » (voir SUBJECT=SCIENCES_TECHNOLOGIE),,,0,0,NOT_APPLICABLE
PHYSIQUE_CHIMIE,CM2,,,,,en 6e (cycle 3) : enseignement « Sciences et technologie » (voir SUBJECT=SCIENCES_TECHNOLOGIE),,,0,0,NOT_APPLICABLE
PHYSIQUE_CHIMIE,6E,,,,,en 6e (cycle 3) : enseignement « Sciences et technologie » (voir SUBJECT=SCIENCES_TECHNOLOGIE),,,0,0,NOT_APPLICABLE
PHYSIQUE_CHIMIE,5E,COMMON,Organisation et transformations de la matière,Décrire et expliquer des transformations chimiques,PC.5E.MAT.distinguer-transformation-chimique-et-melange-transformation-chimique,"Distinguer transformation chimique et mélange, transformation chimique et transformation physique",PROVEN_OFFICIAL,SRC-C4-2020 | BO n°31 du 30 juillet 2020 — annexe 3 — NOR MENE2018714A,0,0,NO_CONTENT
PHYSIQUE_CHIMIE,5E,COMMON,Organisation et transformations de la matière,Décrire et expliquer des transformations chimiques,PC.5E.MAT.identifier-experimentalement-une-transformation-chimique,Identifier expérimentalement une transformation chimique,PROVEN_OFFICIAL,SRC-C4-2020 | BO n°31 du 30 juillet 2020 — annexe 3 — NOR MENE2018714A,0,0,NO_CONTENT
PHYSIQUE_CHIMIE,5E,COMMON,Organisation et transformations de la matière,Décrire et expliquer des transformations chimiques,PC.5E.MAT.interpreter-une-transformation-chimique-comme-une-redistribution-des-a,Interpréter une transformation chimique comme une redistribution des atomes,PROVEN_OFFICIAL,SRC-C4-2020 | BO n°31 du 30 juillet 2020 — annexe 3 — NOR MENE2018714A,0,0,NO_CONTENT
PHYSIQUE_CHIMIE,5E,COMMON,Organisation et transformations de la matière,Décrire et expliquer des transformations chimiques,PC.5E.MAT.mettre-en-uvre-des-tests-caracteristiques-despeces-chimiques-a-partir,Mettre en œuvre des tests caractéristiques d’espèces chimiques à partir d’une banque fournie,PROVEN_OFFICIAL,SRC-C4-2020 | BO n°31 du 30 juillet 2020 — annexe 3 — NOR MENE2018714A,0,0,NO_CONTENT
PHYSIQUE_CHIMIE,5E,COMMON,Organisation et transformations de la matière,Décrire et expliquer des transformations chimiques,PC.5E.MAT.notions-de-molecules-atomes-ions,"Notions de molécules, atomes, ions",PROVEN_OFFICIAL,SRC-C4-2020 | BO n°31 du 30 juillet 2020 — annexe 3 — NOR MENE2018714A,0,0,NO_CONTENT
PHYSIQUE_CHIMIE,5E,COMMON,Organisation et transformations de la matière,Décrire la constitution et les états de la matière,PC.5E.MAT.caracteriser-les-differents-changements-detat-dun-corps-pur,Caractériser les différents changements d’état d’un corps pur,PROVEN_OFFICIAL,SRC-C4-2020 | BO n°31 du 30 juillet 2020 — annexe 3 — NOR MENE2018714A,0,0,NO_CONTENT
PHYSIQUE_CHIMIE,5E,COMMON,Organisation et transformations de la matière,Décrire la constitution et les états de la matière,PC.5E.MAT.caracteriser-les-differents-etats-de-la-matiere-solide-liquide-et-gaz,"Caractériser les différents états de la matière (solide, liquide et gaz)",PROVEN_OFFICIAL,SRC-C4-2020 | BO n°31 du 30 juillet 2020 — annexe 3 — NOR MENE2018714A,0,0,NO_CONTENT
PHYSIQUE_CHIMIE,5E,COMMON,Organisation et transformations de la matière,Décrire la constitution et les états de la matière,PC.5E.MAT.changements-detats-de-la-matiere,Changements d’états de la matière,PROVEN_OFFICIAL,SRC-C4-2020 | BO n°31 du 30 juillet 2020 — annexe 3 — NOR MENE2018714A,0,0,NO_CONTENT
PHYSIQUE_CHIMIE,5E,COMMON,Organisation et transformations de la matière,Décrire la constitution et les états de la matière,PC.5E.MAT.concevoir-et-realiser-des-experiences-pour-caracteriser-des-melanges,Concevoir et réaliser des expériences pour caractériser des mélanges,PROVEN_OFFICIAL,SRC-C4-2020 | BO n°31 du 30 juillet 2020 — annexe 3 — NOR MENE2018714A,0,0,NO_CONTENT
PHYSIQUE_CHIMIE,5E,COMMON,Organisation et transformations de la matière,Décrire la constitution et les états de la matière,PC.5E.MAT.conservation-de-la-masse-variation-du-volume-temperature-de-changement,"Conservation de la masse, variation du volume, température de changement d’état",PROVEN_OFFICIAL,SRC-C4-2020 | BO n°31 du 30 juillet 2020 — annexe 3 — NOR MENE2018714A,0,0,NO_CONTENT
PHYSIQUE_CHIMIE,5E,COMMON,Organisation et transformations de la matière,Décrire la constitution et les états de la matière,PC.5E.MAT.corps-pur-et-melange,Corps pur et mélange,PROVEN_OFFICIAL,SRC-C4-2020 | BO n°31 du 30 juillet 2020 — annexe 3 — NOR MENE2018714A,0,0,NO_CONTENT
PHYSIQUE_CHIMIE,5E,COMMON,Organisation et transformations de la matière,Décrire la constitution et les états de la matière,PC.5E.MAT.espece-chimique,Espèce chimique,PROVEN_OFFICIAL,SRC-C4-2020 | BO n°31 du 30 juillet 2020 — annexe 3 — NOR MENE2018714A,0,0,NO_CONTENT
PHYSIQUE_CHIMIE,5E,COMMON,Organisation et transformations de la matière,Décrire la constitution et les états de la matière,PC.5E.MAT.estimer-experimentalement-une-valeur-de-solubilite-dans-leau,Estimer expérimentalement une valeur de solubilité dans l’eau,PROVEN_OFFICIAL,SRC-C4-2020 | BO n°31 du 30 juillet 2020 — annexe 3 — NOR MENE2018714A,0,0,NO_CONTENT
PHYSIQUE_CHIMIE,5E,COMMON,Organisation et transformations de la matière,Décrire la constitution et les états de la matière,PC.5E.MAT.interpreter-les-changements-detat-au-niveau-microscopique,Interpréter les changements d’état au niveau microscopique,PROVEN_OFFICIAL,SRC-C4-2020 | BO n°31 du 30 juillet 2020 — annexe 3 — NOR MENE2018714A,0,0,NO_CONTENT
PHYSIQUE_CHIMIE,5E,COMMON,Organisation et transformations de la matière,Décrire la constitution et les états de la matière,PC.5E.MAT.miscibilite,Miscibilité,PROVEN_OFFICIAL,SRC-C4-2020 | BO n°31 du 30 juillet 2020 — annexe 3 — NOR MENE2018714A,0,0,NO_CONTENT
PHYSIQUE_CHIMIE,5E,COMMON,Organisation et transformations de la matière,Décrire la constitution et les états de la matière,PC.5E.MAT.proposer-et-mettre-en-uvre-un-protocole-experimental-pour-etudier-les,Proposer et mettre en œuvre un protocole expérimental pour étudier les propriétés des changements d’état,PROVEN_OFFICIAL,SRC-C4-2020 | BO n°31 du 30 juillet 2020 — annexe 3 — NOR MENE2018714A,0,0,NO_CONTENT
PHYSIQUE_CHIMIE,5E,COMMON,Organisation et transformations de la matière,Décrire la constitution et les états de la matière,PC.5E.MAT.solubilite,Solubilité,PROVEN_OFFICIAL,SRC-C4-2020 | BO n°31 du 30 juillet 2020 — annexe 3 — NOR MENE2018714A,0,0,NO_CONTENT
PHYSIQUE_CHIMIE,5E,COMMON,Mouvement et interactions,Caractériser un mouvement,PC.5E.MVT.caracteriser-le-mouvement-dun-objet,Caractériser le mouvement d’un objet,PROVEN_OFFICIAL,SRC-C4-2020 | BO n°31 du 30 juillet 2020 — annexe 3 — NOR MENE2018714A,0,0,NO_CONTENT
PHYSIQUE_CHIMIE,5E,COMMON,Mouvement et interactions,Caractériser un mouvement,PC.5E.MVT.vitesse-direction-sens-et-valeur,"Vitesse : direction, sens et valeur",PROVEN_OFFICIAL,SRC-C4-2020 | BO n°31 du 30 juillet 2020 — annexe 3 — NOR MENE2018714A,0,0,NO_CONTENT
PHYSIQUE_CHIMIE,5E,COMMON,Mouvement et interactions,"Modéliser une action exercée sur un objet par une force caractérisée par une direction, un sens et une valeur",PC.5E.MVT.action-de-contact-et-action-a-distance,Action de contact et action à distance,PROVEN_OFFICIAL,SRC-C4-2020 | BO n°31 du 30 juillet 2020 — annexe 3 — NOR MENE2018714A,0,0,NO_CONTENT
PHYSIQUE_CHIMIE,5E,COMMON,"L’énergie, ses transferts et ses conversions","Identifier les sources, les transferts, les conversions et les formes d’énergie — Utiliser la conservation de l’énergie",PC.5E.NRJ.conversion-dune-forme-denergie-en-une-autre,Conversion d’une forme d’énergie en une autre,PROVEN_OFFICIAL,SRC-C4-2020 | BO n°31 du 30 juillet 2020 — annexe 3 — NOR MENE2018714A,0,0,NO_CONTENT
PHYSIQUE_CHIMIE,5E,COMMON,"L’énergie, ses transferts et ses conversions","Identifier les sources, les transferts, les conversions et les formes d’énergie — Utiliser la conservation de l’énergie",PC.5E.NRJ.sources,Sources,PROVEN_OFFICIAL,SRC-C4-2020 | BO n°31 du 30 juillet 2020 — annexe 3 — NOR MENE2018714A,0,0,NO_CONTENT
PHYSIQUE_CHIMIE,5E,COMMON,"L’énergie, ses transferts et ses conversions",Réaliser des circuits électriques simples et exploiter les lois de l’électricité,PC.5E.NRJ.dipoles-en-serie-dipoles-en-derivation,"Dipôles en série, dipôles en dérivation",PROVEN_OFFICIAL,SRC-C4-2020 | BO n°31 du 30 juillet 2020 — annexe 3 — NOR MENE2018714A,0,0,NO_CONTENT
PHYSIQUE_CHIMIE,5E,COMMON,"L’énergie, ses transferts et ses conversions",Réaliser des circuits électriques simples et exploiter les lois de l’électricité,PC.5E.NRJ.elaborer-et-mettre-en-uvre-un-protocole-experimental-simple-visant-a-r,Élaborer et mettre en œuvre un protocole expérimental simple visant à réaliser un circuit électrique répondant à un cahier des charges ou à vérifier une loi de…,PROVEN_OFFICIAL,SRC-C4-2020 | BO n°31 du 30 juillet 2020 — annexe 3 — NOR MENE2018714A,0,0,NO_CONTENT
PHYSIQUE_CHIMIE,4E,COMMON,Organisation et transformations de la matière,Décrire et expliquer des transformations chimiques,PC.4E.MAT.associer-leurs-symboles-aux-elements-a-laide-de-la-classification-peri,Associer leurs symboles aux éléments à l’aide de la classification périodique,PROVEN_OFFICIAL,SRC-C4-2020 | BO n°31 du 30 juillet 2020 — annexe 3 — NOR MENE2018714A,0,0,NO_CONTENT
PHYSIQUE_CHIMIE,4E,COMMON,Organisation et transformations de la matière,Décrire et expliquer des transformations chimiques,PC.4E.MAT.conservation-de-la-masse-lors-dune-transformation-chimique,Conservation de la masse lors d’une transformation chimique,PROVEN_OFFICIAL,SRC-C4-2020 | BO n°31 du 30 juillet 2020 — annexe 3 — NOR MENE2018714A,0,0,NO_CONTENT
PHYSIQUE_CHIMIE,4E,COMMON,Organisation et transformations de la matière,Décrire et expliquer des transformations chimiques,PC.4E.MAT.dioxygene-dihydrogene-diazote-eau-dioxyde-de-carbone-methane-protoxyde,"Dioxygène, dihydrogène, diazote, eau, dioxyde de carbone, méthane, protoxyde d’azote",PROVEN_OFFICIAL,SRC-C4-2020 | BO n°31 du 30 juillet 2020 — annexe 3 — NOR MENE2018714A,0,0,NO_CONTENT
PHYSIQUE_CHIMIE,4E,COMMON,Organisation et transformations de la matière,Décrire et expliquer des transformations chimiques,PC.4E.MAT.interpreter-une-formule-chimique-en-termes-atomiques,Interpréter une formule chimique en termes atomiques,PROVEN_OFFICIAL,SRC-C4-2020 | BO n°31 du 30 juillet 2020 — annexe 3 — NOR MENE2018714A,0,0,NO_CONTENT
PHYSIQUE_CHIMIE,4E,COMMON,Organisation et transformations de la matière,Décrire et expliquer des transformations chimiques,PC.4E.MAT.utiliser-une-equation-de-reaction-chimique-fournie-pour-decrire-une-tr,Utiliser une équation de réaction chimique fournie pour décrire une transformation chimique observée,PROVEN_OFFICIAL,SRC-C4-2020 | BO n°31 du 30 juillet 2020 — annexe 3 — NOR MENE2018714A,0,0,NO_CONTENT
PHYSIQUE_CHIMIE,4E,COMMON,Organisation et transformations de la matière,Décrire la constitution et les états de la matière,PC.4E.MAT.composition-de-lair,Composition de l’air,PROVEN_OFFICIAL,SRC-C4-2020 | BO n°31 du 30 juillet 2020 — annexe 3 — NOR MENE2018714A,0,0,NO_CONTENT
PHYSIQUE_CHIMIE,4E,COMMON,Organisation et transformations de la matière,Décrire la constitution et les états de la matière,PC.4E.MAT.exploiter-des-mesures-de-masse-volumique-pour-differencier-des-especes,Exploiter des mesures de masse volumique pour différencier des espèces chimiques,PROVEN_OFFICIAL,SRC-C4-2020 | BO n°31 du 30 juillet 2020 — annexe 3 — NOR MENE2018714A,0,0,NO_CONTENT
PHYSIQUE_CHIMIE,4E,COMMON,Organisation et transformations de la matière,Décrire la constitution et les états de la matière,PC.4E.MAT.proposer-et-mettre-en-uvre-un-protocole-experimental-pour-determiner-u,Proposer et mettre en œuvre un protocole expérimental pour déterminer une masse volumique d’un liquide ou d’un solide,PROVEN_OFFICIAL,SRC-C4-2020 | BO n°31 du 30 juillet 2020 — annexe 3 — NOR MENE2018714A,0,0,NO_CONTENT
PHYSIQUE_CHIMIE,4E,COMMON,Organisation et transformations de la matière,Décrire l’organisation de la matière dans l’Univers,PC.4E.MAT.comparer-les-ressources-terrestres-de-certains-elements,Comparer les ressources terrestres de certains éléments,PROVEN_OFFICIAL,SRC-C4-2020 | BO n°31 du 30 juillet 2020 — annexe 3 — NOR MENE2018714A,0,0,NO_CONTENT
PHYSIQUE_CHIMIE,4E,COMMON,Organisation et transformations de la matière,Décrire l’organisation de la matière dans l’Univers,PC.4E.MAT.decrire-la-structure-de-lunivers-et-du-systeme-solaire,Décrire la structure de l’Univers et du système solaire,PROVEN_OFFICIAL,SRC-C4-2020 | BO n°31 du 30 juillet 2020 — annexe 3 — NOR MENE2018714A,0,0,NO_CONTENT
PHYSIQUE_CHIMIE,4E,COMMON,Organisation et transformations de la matière,Décrire l’organisation de la matière dans l’Univers,PC.4E.MAT.galaxies-evolution-de-lunivers-formation-du-systeme-solaire-ages-geolo,"Galaxies, évolution de l’Univers, formation du système solaire, âges géologiques",PROVEN_OFFICIAL,SRC-C4-2020 | BO n°31 du 30 juillet 2020 — annexe 3 — NOR MENE2018714A,0,0,NO_CONTENT
PHYSIQUE_CHIMIE,4E,COMMON,Organisation et transformations de la matière,Décrire l’organisation de la matière dans l’Univers,PC.4E.MAT.les-elements-sur-terre-et-dans-lunivers-hydrogene-helium-elements-lour,"Les éléments sur Terre et dans l’Univers (hydrogène, hélium, éléments lourds : oxygène, carbone, fer, silicium, terres rares…)",PROVEN_OFFICIAL,SRC-C4-2020 | BO n°31 du 30 juillet 2020 — annexe 3 — NOR MENE2018714A,0,0,NO_CONTENT
PHYSIQUE_CHIMIE,4E,COMMON,Organisation et transformations de la matière,Décrire l’organisation de la matière dans l’Univers,PC.4E.MAT.ordres-de-grandeur-de-quelques-distances-astronomiques,Ordres de grandeur de quelques distances astronomiques,PROVEN_OFFICIAL,SRC-C4-2020 | BO n°31 du 30 juillet 2020 — annexe 3 — NOR MENE2018714A,0,0,NO_CONTENT
PHYSIQUE_CHIMIE,4E,COMMON,Organisation et transformations de la matière,Propriétés de quelques transformations chimiques,PC.4E.MAT.associer-le-caractere-acide-ou-basique-a-la-presence-dions-h-et-oh,Associer le caractère acide ou basique à la présence d’ions H+ et OH-,PROVEN_OFFICIAL,SRC-C4-2020 | BO n°31 du 30 juillet 2020 — annexe 3 — NOR MENE2018714A,0,0,NO_CONTENT
PHYSIQUE_CHIMIE,4E,COMMON,Organisation et transformations de la matière,Propriétés de quelques transformations chimiques,PC.4E.MAT.combustions-dans-lair,Combustions dans l’air,PROVEN_OFFICIAL,SRC-C4-2020 | BO n°31 du 30 juillet 2020 — annexe 3 — NOR MENE2018714A,0,0,NO_CONTENT
PHYSIQUE_CHIMIE,4E,COMMON,Organisation et transformations de la matière,Propriétés de quelques transformations chimiques,PC.4E.MAT.gaz-a-effet-de-serre,Gaz à effet de serre,PROVEN_OFFICIAL,SRC-C4-2020 | BO n°31 du 30 juillet 2020 — annexe 3 — NOR MENE2018714A,0,0,NO_CONTENT
PHYSIQUE_CHIMIE,4E,COMMON,Organisation et transformations de la matière,Propriétés de quelques transformations chimiques,PC.4E.MAT.identifier-le-caractere-acide-ou-basique-dune-solution-par-mesure-de-p,Identifier le caractère acide ou basique d’une solution par mesure de pH,PROVEN_OFFICIAL,SRC-C4-2020 | BO n°31 du 30 juillet 2020 — annexe 3 — NOR MENE2018714A,0,0,NO_CONTENT
PHYSIQUE_CHIMIE,4E,COMMON,Organisation et transformations de la matière,Propriétés de quelques transformations chimiques,PC.4E.MAT.identifier-les-gaz-a-effet-de-serre-produits-lors-de-transformations-c,Identifier les gaz à effet de serre produits lors de transformations chimiques,PROVEN_OFFICIAL,SRC-C4-2020 | BO n°31 du 30 juillet 2020 — annexe 3 — NOR MENE2018714A,0,0,NO_CONTENT
PHYSIQUE_CHIMIE,4E,COMMON,Organisation et transformations de la matière,Propriétés de quelques transformations chimiques,PC.4E.MAT.ions-h-et-oh,Ions H+ et OH-,PROVEN_OFFICIAL,SRC-C4-2020 | BO n°31 du 30 juillet 2020 — annexe 3 — NOR MENE2018714A,0,0,NO_CONTENT
PHYSIQUE_CHIMIE,4E,COMMON,Organisation et transformations de la matière,Propriétés de quelques transformations chimiques,PC.4E.MAT.mesure-du-ph,Mesure du pH,PROVEN_OFFICIAL,SRC-C4-2020 | BO n°31 du 30 juillet 2020 — annexe 3 — NOR MENE2018714A,0,0,NO_CONTENT
PHYSIQUE_CHIMIE,4E,COMMON,Organisation et transformations de la matière,Propriétés de quelques transformations chimiques,PC.4E.MAT.reactions-de-corrosion-dun-metal,Réactions de corrosion d’un métal,PROVEN_OFFICIAL,SRC-C4-2020 | BO n°31 du 30 juillet 2020 — annexe 3 — NOR MENE2018714A,0,0,NO_CONTENT
PHYSIQUE_CHIMIE,4E,COMMON,Mouvement et interactions,Caractériser un mouvement,PC.4E.MVT.mouvements-rectilignes-et-circulaires,Mouvements rectilignes et circulaires,PROVEN_OFFICIAL,SRC-C4-2020 | BO n°31 du 30 juillet 2020 — annexe 3 — NOR MENE2018714A,0,0,NO_CONTENT
PHYSIQUE_CHIMIE,4E,COMMON,Mouvement et interactions,Caractériser un mouvement,PC.4E.MVT.mouvements-uniformes-et-mouvements-dont-la-vitesse-varie-au-cours-du-t,Mouvements uniformes et mouvements dont la vitesse varie au cours du temps en direction ou en valeur,PROVEN_OFFICIAL,SRC-C4-2020 | BO n°31 du 30 juillet 2020 — annexe 3 — NOR MENE2018714A,0,0,NO_CONTENT
PHYSIQUE_CHIMIE,4E,COMMON,Mouvement et interactions,Caractériser un mouvement,PC.4E.MVT.relativite-du-mouvement-dans-des-cas-simples,Relativité du mouvement dans des cas simples,PROVEN_OFFICIAL,SRC-C4-2020 | BO n°31 du 30 juillet 2020 — annexe 3 — NOR MENE2018714A,0,0,NO_CONTENT
PHYSIQUE_CHIMIE,4E,COMMON,Mouvement et interactions,Caractériser un mouvement,PC.4E.MVT.utiliser-la-relation-liant-vitesse-distance-et-duree-dans-le-cas-dun-m,"Utiliser la relation liant vitesse, distance et durée dans le cas d’un mouvement uniforme",PROVEN_OFFICIAL,SRC-C4-2020 | BO n°31 du 30 juillet 2020 — annexe 3 — NOR MENE2018714A,0,0,NO_CONTENT
PHYSIQUE_CHIMIE,4E,COMMON,Mouvement et interactions,"Modéliser une action exercée sur un objet par une force caractérisée par une direction, un sens et une valeur",PC.4E.MVT.force-direction-sens-et-valeur,"Force : direction, sens et valeur",PROVEN_OFFICIAL,SRC-C4-2020 | BO n°31 du 30 juillet 2020 — annexe 3 — NOR MENE2018714A,0,0,NO_CONTENT
PHYSIQUE_CHIMIE,4E,COMMON,Mouvement et interactions,"Modéliser une action exercée sur un objet par une force caractérisée par une direction, un sens et une valeur",PC.4E.MVT.identifier-les-actions-mises-en-jeu-de-contact-ou-a-distance-et-les-mo,Identifier les actions mises en jeu (de contact ou à distance) et les modéliser par des forces,PROVEN_OFFICIAL,SRC-C4-2020 | BO n°31 du 30 juillet 2020 — annexe 3 — NOR MENE2018714A,0,0,NO_CONTENT
PHYSIQUE_CHIMIE,4E,COMMON,"L’énergie, ses transferts et ses conversions","Identifier les sources, les transferts, les conversions et les formes d’énergie — Utiliser la conservation de l’énergie",PC.4E.NRJ.absorption-du-rayonnement-terrestre-par-les-gaz-a-effet-de-serre,Absorption du rayonnement terrestre par les gaz à effet de serre,PROVEN_OFFICIAL,SRC-C4-2020 | BO n°31 du 30 juillet 2020 — annexe 3 — NOR MENE2018714A,0,0,NO_CONTENT
PHYSIQUE_CHIMIE,4E,COMMON,"L’énergie, ses transferts et ses conversions","Identifier les sources, les transferts, les conversions et les formes d’énergie — Utiliser la conservation de l’énergie",PC.4E.NRJ.absorption-dun-rayonnement-par-un-objet,Absorption d’un rayonnement par un objet,PROVEN_OFFICIAL,SRC-C4-2020 | BO n°31 du 30 juillet 2020 — annexe 3 — NOR MENE2018714A,0,0,NO_CONTENT
PHYSIQUE_CHIMIE,4E,COMMON,"L’énergie, ses transferts et ses conversions","Identifier les sources, les transferts, les conversions et les formes d’énergie — Utiliser la conservation de l’énergie",PC.4E.NRJ.analyser-une-situation-ou-pour-un-systeme-donne-les-valeurs-des-transf,"Analyser une situation où, pour un système donné, les valeurs des transferts d’énergie entrant et sortant sont différentes",PROVEN_OFFICIAL,SRC-C4-2020 | BO n°31 du 30 juillet 2020 — annexe 3 — NOR MENE2018714A,0,0,NO_CONTENT
PHYSIQUE_CHIMIE,4E,COMMON,"L’énergie, ses transferts et ses conversions","Identifier les sources, les transferts, les conversions et les formes d’énergie — Utiliser la conservation de l’énergie",PC.4E.NRJ.associer-lemission-et-labsorption-dun-rayonnement-a-un-transfert-dener,Associer l’émission et l’absorption d’un rayonnement à un transfert d’énergie,PROVEN_OFFICIAL,SRC-C4-2020 | BO n°31 du 30 juillet 2020 — annexe 3 — NOR MENE2018714A,0,0,NO_CONTENT
PHYSIQUE_CHIMIE,4E,COMMON,"L’énergie, ses transferts et ses conversions","Identifier les sources, les transferts, les conversions et les formes d’énergie — Utiliser la conservation de l’énergie",PC.4E.NRJ.identifier-les-differentes-formes-denergie,Identifier les différentes formes d’énergie,PROVEN_OFFICIAL,SRC-C4-2020 | BO n°31 du 30 juillet 2020 — annexe 3 — NOR MENE2018714A,0,0,NO_CONTENT
PHYSIQUE_CHIMIE,4E,COMMON,"L’énergie, ses transferts et ses conversions","Identifier les sources, les transferts, les conversions et les formes d’énergie — Utiliser la conservation de l’énergie",PC.4E.NRJ.identifier-un-dispositif-de-conversion-denergie-dont-le-fonctionnement,Identifier un dispositif de conversion d’énergie dont le fonctionnement s’accompagne d’une émission de dioxyde de carbone,PROVEN_OFFICIAL,SRC-C4-2020 | BO n°31 du 30 juillet 2020 — annexe 3 — NOR MENE2018714A,0,0,NO_CONTENT
PHYSIQUE_CHIMIE,4E,COMMON,"L’énergie, ses transferts et ses conversions","Identifier les sources, les transferts, les conversions et les formes d’énergie — Utiliser la conservation de l’énergie",PC.4E.NRJ.rayonnement-emis-par-un-objet,Rayonnement émis par un objet,PROVEN_OFFICIAL,SRC-C4-2020 | BO n°31 du 30 juillet 2020 — annexe 3 — NOR MENE2018714A,0,0,NO_CONTENT
PHYSIQUE_CHIMIE,4E,COMMON,"L’énergie, ses transferts et ses conversions","Identifier les sources, les transferts, les conversions et les formes d’énergie — Utiliser la conservation de l’énergie",PC.4E.NRJ.transfert-denergie-par-rayonnement,Transfert d’énergie par rayonnement,PROVEN_OFFICIAL,SRC-C4-2020 | BO n°31 du 30 juillet 2020 — annexe 3 — NOR MENE2018714A,0,0,NO_CONTENT
PHYSIQUE_CHIMIE,4E,COMMON,"L’énergie, ses transferts et ses conversions","Identifier les sources, les transferts, les conversions et les formes d’énergie — Utiliser la conservation de l’énergie",PC.4E.NRJ.transferts,Transferts,PROVEN_OFFICIAL,SRC-C4-2020 | BO n°31 du 30 juillet 2020 — annexe 3 — NOR MENE2018714A,0,0,NO_CONTENT
PHYSIQUE_CHIMIE,4E,COMMON,"L’énergie, ses transferts et ses conversions","Identifier les sources, les transferts, les conversions et les formes d’énergie — Utiliser la conservation de l’énergie",PC.4E.NRJ.unites-denergie,Unités d’énergie,PROVEN_OFFICIAL,SRC-C4-2020 | BO n°31 du 30 juillet 2020 — annexe 3 — NOR MENE2018714A,0,0,NO_CONTENT
PHYSIQUE_CHIMIE,4E,COMMON,"L’énergie, ses transferts et ses conversions",Réaliser des circuits électriques simples et exploiter les lois de l’électricité,PC.4E.NRJ.exploiter-les-lois-de-lelectricite,Exploiter les lois de l’électricité,PROVEN_OFFICIAL,SRC-C4-2020 | BO n°31 du 30 juillet 2020 — annexe 3 — NOR MENE2018714A,0,0,NO_CONTENT
PHYSIQUE_CHIMIE,4E,COMMON,"L’énergie, ses transferts et ses conversions",Réaliser des circuits électriques simples et exploiter les lois de l’électricité,PC.4E.NRJ.lintensite-du-courant-electrique-est-la-meme-en-tout-point-dun-circuit,L’intensité du courant électrique est la même en tout point d’un circuit qui ne compte que des dipôles en série,PROVEN_OFFICIAL,SRC-C4-2020 | BO n°31 du 30 juillet 2020 — annexe 3 — NOR MENE2018714A,0,0,NO_CONTENT
PHYSIQUE_CHIMIE,4E,COMMON,"L’énergie, ses transferts et ses conversions",Réaliser des circuits électriques simples et exploiter les lois de l’électricité,PC.4E.NRJ.loi-dadditivite-des-intensites-circuit-a-deux-mailles,Loi d’additivité des intensités (circuit à deux mailles),PROVEN_OFFICIAL,SRC-C4-2020 | BO n°31 du 30 juillet 2020 — annexe 3 — NOR MENE2018714A,0,0,NO_CONTENT
PHYSIQUE_CHIMIE,4E,COMMON,"L’énergie, ses transferts et ses conversions",Réaliser des circuits électriques simples et exploiter les lois de l’électricité,PC.4E.NRJ.loi-dadditivite-des-tensions-circuit-a-une-seule-maille,Loi d’additivité des tensions (circuit à une seule maille),PROVEN_OFFICIAL,SRC-C4-2020 | BO n°31 du 30 juillet 2020 — annexe 3 — NOR MENE2018714A,0,0,NO_CONTENT
PHYSIQUE_CHIMIE,4E,COMMON,"L’énergie, ses transferts et ses conversions",Réaliser des circuits électriques simples et exploiter les lois de l’électricité,PC.4E.NRJ.mettre-en-relation-les-lois-de-lelectricite-et-les-regles-de-securite,Mettre en relation les lois de l’électricité et les règles de sécurité dans ce domaine,PROVEN_OFFICIAL,SRC-C4-2020 | BO n°31 du 30 juillet 2020 — annexe 3 — NOR MENE2018714A,0,0,NO_CONTENT
PHYSIQUE_CHIMIE,4E,COMMON,"L’énergie, ses transferts et ses conversions",Réaliser des circuits électriques simples et exploiter les lois de l’électricité,PC.4E.NRJ.relation-tension-courant-loi-dohm,Relation tension-courant : loi d’Ohm,PROVEN_OFFICIAL,SRC-C4-2020 | BO n°31 du 30 juillet 2020 — annexe 3 — NOR MENE2018714A,0,0,NO_CONTENT
PHYSIQUE_CHIMIE,4E,COMMON,Des signaux pour observer et communiquer,Signaux lumineux,PC.4E.SIG.distinguer-une-source-primaire-objet-lumineux-dun-objet-diffusant,Distinguer une source primaire (objet lumineux) d’un objet diffusant,PROVEN_OFFICIAL,SRC-C4-2020 | BO n°31 du 30 juillet 2020 — annexe 3 — NOR MENE2018714A,0,0,NO_CONTENT
PHYSIQUE_CHIMIE,4E,COMMON,Des signaux pour observer et communiquer,Signaux lumineux,PC.4E.SIG.exploiter-experimentalement-la-propagation-rectiligne-de-la-lumiere-da,Exploiter expérimentalement la propagation rectiligne de la lumière dans le vide et le modèle du rayon lumineux,PROVEN_OFFICIAL,SRC-C4-2020 | BO n°31 du 30 juillet 2020 — annexe 3 — NOR MENE2018714A,0,0,NO_CONTENT
PHYSIQUE_CHIMIE,4E,COMMON,Des signaux pour observer et communiquer,Signaux lumineux,PC.4E.SIG.lumiere-sources-propagation-vitesse-de-propagation-annee-lumiere,"Lumière : sources, propagation, vitesse de propagation, année-lumière",PROVEN_OFFICIAL,SRC-C4-2020 | BO n°31 du 30 juillet 2020 — annexe 3 — NOR MENE2018714A,0,0,NO_CONTENT
PHYSIQUE_CHIMIE,4E,COMMON,Des signaux pour observer et communiquer,Signaux lumineux,PC.4E.SIG.modele-du-rayon-lumineux,Modèle du rayon lumineux,PROVEN_OFFICIAL,SRC-C4-2020 | BO n°31 du 30 juillet 2020 — annexe 3 — NOR MENE2018714A,0,0,NO_CONTENT
PHYSIQUE_CHIMIE,4E,COMMON,Des signaux pour observer et communiquer,Signaux lumineux,PC.4E.SIG.utiliser-lunite-annee-lumiere-comme-unite-de-distance,Utiliser l’unité « année-lumière » comme unité de distance,PROVEN_OFFICIAL,SRC-C4-2020 | BO n°31 du 30 juillet 2020 — annexe 3 — NOR MENE2018714A,0,0,NO_CONTENT
PHYSIQUE_CHIMIE,4E,COMMON,Des signaux pour observer et communiquer,Signaux sonores,PC.4E.SIG.decrire-les-conditions-de-propagation-dun-son,Décrire les conditions de propagation d’un son,PROVEN_OFFICIAL,SRC-C4-2020 | BO n°31 du 30 juillet 2020 — annexe 3 — NOR MENE2018714A,0,0,NO_CONTENT
PHYSIQUE_CHIMIE,4E,COMMON,Des signaux pour observer et communiquer,Signaux sonores,PC.4E.SIG.relier-la-distance-parcourue-par-un-son-a-la-duree-de-propagation,Relier la distance parcourue par un son à la durée de propagation,PROVEN_OFFICIAL,SRC-C4-2020 | BO n°31 du 30 juillet 2020 — annexe 3 — NOR MENE2018714A,0,0,NO_CONTENT
PHYSIQUE_CHIMIE,4E,COMMON,Des signaux pour observer et communiquer,Signaux sonores,PC.4E.SIG.vitesse-de-propagation,Vitesse de propagation,PROVEN_OFFICIAL,SRC-C4-2020 | BO n°31 du 30 juillet 2020 — annexe 3 — NOR MENE2018714A,0,0,NO_CONTENT
PHYSIQUE_CHIMIE,3E,COMMON,Organisation et transformations de la matière,Attendus de fin de cycle,PC.3E.MAT.decrire-et-expliquer-des-transformations-chimiques,Décrire et expliquer des transformations chimiques …,PROVEN_OFFICIAL,SRC-C4-2020 | BO n°31 du 30 juillet 2020 — annexe 3 — NOR MENE2018714A,0,0,NO_CONTENT
PHYSIQUE_CHIMIE,3E,COMMON,Organisation et transformations de la matière,Attendus de fin de cycle,PC.3E.MAT.decrire-la-constitution-et-les-etats-de-la-matiere,Décrire la constitution et les états de la matière …,PROVEN_OFFICIAL,SRC-C4-2020 | BO n°31 du 30 juillet 2020 — annexe 3 — NOR MENE2018714A,0,0,NO_CONTENT
PHYSIQUE_CHIMIE,3E,COMMON,Organisation et transformations de la matière,Attendus de fin de cycle,PC.3E.MAT.decrire-lorganisation-de-la-matiere-dans-lunivers,Décrire l’organisation de la matière dans l’Univers …,PROVEN_OFFICIAL,SRC-C4-2020 | BO n°31 du 30 juillet 2020 — annexe 3 — NOR MENE2018714A,0,0,NO_CONTENT
PHYSIQUE_CHIMIE,3E,COMMON,Organisation et transformations de la matière,Décrire l’organisation de la matière dans l’Univers,PC.3E.MAT.constituants-de-latome-structure-interne-dun-noyau-atomique-nucleons-p,"Constituants de l’atome, structure interne d’un noyau atomique (nucléons : protons, neutrons), électrons",PROVEN_OFFICIAL,SRC-C4-2020 | BO n°31 du 30 juillet 2020 — annexe 3 — NOR MENE2018714A,0,0,NO_CONTENT
PHYSIQUE_CHIMIE,3E,COMMON,Mouvement et interactions,Attendus de fin de cycle,PC.3E.MVT.caracteriser-un-mouvement,Caractériser un mouvement,PROVEN_OFFICIAL,SRC-C4-2020 | BO n°31 du 30 juillet 2020 — annexe 3 — NOR MENE2018714A,0,0,NO_CONTENT
PHYSIQUE_CHIMIE,3E,COMMON,Mouvement et interactions,Attendus de fin de cycle,PC.3E.MVT.modeliser-une-action-exercee-sur-un-objet-par-une-force-caracterisee-p,"Modéliser une action exercée sur un objet par une force caractérisée par une direction, un sens et une valeur",PROVEN_OFFICIAL,SRC-C4-2020 | BO n°31 du 30 juillet 2020 — annexe 3 — NOR MENE2018714A,0,0,NO_CONTENT
PHYSIQUE_CHIMIE,3E,COMMON,Mouvement et interactions,"Modéliser une action exercée sur un objet par une force caractérisée par une direction, un sens et une valeur",PC.3E.MVT.exploiter-lexpression-litterale-scalaire-de-la-loi-de-gravitation-univ,"Exploiter l’expression littérale scalaire de la loi de gravitation universelle, la loi étant fournie",PROVEN_OFFICIAL,SRC-C4-2020 | BO n°31 du 30 juillet 2020 — annexe 3 — NOR MENE2018714A,0,0,NO_CONTENT
PHYSIQUE_CHIMIE,3E,COMMON,Mouvement et interactions,"Modéliser une action exercée sur un objet par une force caractérisée par une direction, un sens et une valeur",PC.3E.MVT.force-de-pesanteur-et-son-expression-p-mg,Force de pesanteur et son expression P=mg,PROVEN_OFFICIAL,SRC-C4-2020 | BO n°31 du 30 juillet 2020 — annexe 3 — NOR MENE2018714A,0,0,NO_CONTENT
PHYSIQUE_CHIMIE,3E,COMMON,"L’énergie, ses transferts et ses conversions",Attendus de fin de cycle,PC.3E.NRJ.identifier-les-sources-les-transferts-les-conversions-et-les-formes-de,"Identifier les sources, les transferts, les conversions et les formes d’énergie",PROVEN_OFFICIAL,SRC-C4-2020 | BO n°31 du 30 juillet 2020 — annexe 3 — NOR MENE2018714A,0,0,NO_CONTENT
PHYSIQUE_CHIMIE,3E,COMMON,"L’énergie, ses transferts et ses conversions",Attendus de fin de cycle,PC.3E.NRJ.realiser-des-circuits-electriques-simples-et-exploiter-les-lois-de-lel,Réaliser des circuits électriques simples et exploiter les lois de l’électricité,PROVEN_OFFICIAL,SRC-C4-2020 | BO n°31 du 30 juillet 2020 — annexe 3 — NOR MENE2018714A,0,0,NO_CONTENT
PHYSIQUE_CHIMIE,3E,COMMON,"L’énergie, ses transferts et ses conversions",Attendus de fin de cycle,PC.3E.NRJ.utiliser-la-conservation-de-lenergie,Utiliser la conservation de l’énergie,PROVEN_OFFICIAL,SRC-C4-2020 | BO n°31 du 30 juillet 2020 — annexe 3 — NOR MENE2018714A,0,0,NO_CONTENT
PHYSIQUE_CHIMIE,3E,COMMON,"L’énergie, ses transferts et ses conversions","Identifier les sources, les transferts, les conversions et les formes d’énergie — Utiliser la conservation de l’énergie",PC.3E.NRJ.conservation-de-lenergie,Conservation de l’énergie,PROVEN_OFFICIAL,SRC-C4-2020 | BO n°31 du 30 juillet 2020 — annexe 3 — NOR MENE2018714A,0,0,NO_CONTENT
PHYSIQUE_CHIMIE,3E,COMMON,"L’énergie, ses transferts et ses conversions","Identifier les sources, les transferts, les conversions et les formes d’énergie — Utiliser la conservation de l’énergie",PC.3E.NRJ.energies-cinetique-relation-ec-12-mv2-potentielle-dependant-de-la-posi,"Énergies cinétique (relation Ec = ½ mv2), potentielle (dépendant de la position), thermique, électrique, chimique, nucléaire, lumineuse",PROVEN_OFFICIAL,SRC-C4-2020 | BO n°31 du 30 juillet 2020 — annexe 3 — NOR MENE2018714A,0,0,NO_CONTENT
PHYSIQUE_CHIMIE,3E,COMMON,"L’énergie, ses transferts et ses conversions","Identifier les sources, les transferts, les conversions et les formes d’énergie — Utiliser la conservation de l’énergie",PC.3E.NRJ.etablir-un-bilan-energetique-pour-un-systeme-simple,Établir un bilan énergétique pour un système simple,PROVEN_OFFICIAL,SRC-C4-2020 | BO n°31 du 30 juillet 2020 — annexe 3 — NOR MENE2018714A,0,0,NO_CONTENT
PHYSIQUE_CHIMIE,3E,COMMON,"L’énergie, ses transferts et ses conversions","Identifier les sources, les transferts, les conversions et les formes d’énergie — Utiliser la conservation de l’énergie",PC.3E.NRJ.notion-de-puissance,Notion de puissance,PROVEN_OFFICIAL,SRC-C4-2020 | BO n°31 du 30 juillet 2020 — annexe 3 — NOR MENE2018714A,0,0,NO_CONTENT
PHYSIQUE_CHIMIE,3E,COMMON,"L’énergie, ses transferts et ses conversions","Identifier les sources, les transferts, les conversions et les formes d’énergie — Utiliser la conservation de l’énergie",PC.3E.NRJ.utiliser-la-relation-liant-puissance-energie-et-duree,"Utiliser la relation liant puissance, énergie et durée",PROVEN_OFFICIAL,SRC-C4-2020 | BO n°31 du 30 juillet 2020 — annexe 3 — NOR MENE2018714A,0,0,NO_CONTENT
PHYSIQUE_CHIMIE,3E,COMMON,"L’énergie, ses transferts et ses conversions",Réaliser des circuits électriques simples et exploiter les lois de l’électricité,PC.3E.NRJ.conduire-un-calcul-de-consommation-denergie-electrique-relatif-a-une-s,Conduire un calcul de consommation d’énergie électrique relatif à une situation de la vie courante,PROVEN_OFFICIAL,SRC-C4-2020 | BO n°31 du 30 juillet 2020 — annexe 3 — NOR MENE2018714A,0,0,NO_CONTENT
PHYSIQUE_CHIMIE,3E,COMMON,"L’énergie, ses transferts et ses conversions",Réaliser des circuits électriques simples et exploiter les lois de l’électricité,PC.3E.NRJ.puissance-electrique-p-u-i,Puissance électrique P= U.I,PROVEN_OFFICIAL,SRC-C4-2020 | BO n°31 du 30 juillet 2020 — annexe 3 — NOR MENE2018714A,0,0,NO_CONTENT
PHYSIQUE_CHIMIE,3E,COMMON,"L’énergie, ses transferts et ses conversions",Réaliser des circuits électriques simples et exploiter les lois de l’électricité,PC.3E.NRJ.relation-liant-lenergie-la-puissance-electrique-et-la-duree,"Relation liant l’énergie, la puissance électrique et la durée",PROVEN_OFFICIAL,SRC-C4-2020 | BO n°31 du 30 juillet 2020 — annexe 3 — NOR MENE2018714A,0,0,NO_CONTENT
PHYSIQUE_CHIMIE,3E,COMMON,Des signaux pour observer et communiquer,Attendus de fin de cycle,PC.3E.SIG.caracteriser-differents-types-de-signaux-lumineux-sonores-radio,"Caractériser différents types de signaux (lumineux, sonores, radio…)",PROVEN_OFFICIAL,SRC-C4-2020 | BO n°31 du 30 juillet 2020 — annexe 3 — NOR MENE2018714A,0,0,NO_CONTENT
PHYSIQUE_CHIMIE,3E,COMMON,Des signaux pour observer et communiquer,Attendus de fin de cycle,PC.3E.SIG.utiliser-les-proprietes-de-ces-signaux,Utiliser les propriétés de ces signaux,PROVEN_OFFICIAL,SRC-C4-2020 | BO n°31 du 30 juillet 2020 — annexe 3 — NOR MENE2018714A,0,0,NO_CONTENT
PHYSIQUE_CHIMIE,3E,COMMON,Des signaux pour observer et communiquer,Signaux sonores,PC.3E.SIG.notion-de-frequence-sons-audibles-infrasons-et-ultrasons,"Notion de fréquence : sons audibles, infrasons et ultrasons",PROVEN_OFFICIAL,SRC-C4-2020 | BO n°31 du 30 juillet 2020 — annexe 3 — NOR MENE2018714A,0,0,NO_CONTENT
PHYSIQUE_CHIMIE,2NDE,,,,,aucune notion dans le registre,,,0,0,NO_NOTION
PHYSIQUE_CHIMIE,1RE,,,,,aucune notion dans le registre,,,0,0,NO_NOTION
PHYSIQUE_CHIMIE,TLE,,,,,aucune notion dans le registre,,,0,0,NO_NOTION
SVT,CP,,,,,en 6e (cycle 3) : enseignement « Sciences et technologie » (voir SUBJECT=SCIENCES_TECHNOLOGIE),,,0,0,NOT_APPLICABLE
SVT,CE1,,,,,en 6e (cycle 3) : enseignement « Sciences et technologie » (voir SUBJECT=SCIENCES_TECHNOLOGIE),,,0,0,NOT_APPLICABLE
SVT,CE2,,,,,en 6e (cycle 3) : enseignement « Sciences et technologie » (voir SUBJECT=SCIENCES_TECHNOLOGIE),,,0,0,NOT_APPLICABLE
SVT,CM1,,,,,en 6e (cycle 3) : enseignement « Sciences et technologie » (voir SUBJECT=SCIENCES_TECHNOLOGIE),,,0,0,NOT_APPLICABLE
SVT,CM2,,,,,en 6e (cycle 3) : enseignement « Sciences et technologie » (voir SUBJECT=SCIENCES_TECHNOLOGIE),,,0,0,NOT_APPLICABLE
SVT,6E,,,,,en 6e (cycle 3) : enseignement « Sciences et technologie » (voir SUBJECT=SCIENCES_TECHNOLOGIE),,,0,0,NOT_APPLICABLE
SVT,5E,COMMON,Le corps humain et la santé,"Activités musculaire, nerveuse et cardiovasculaire ; activité cérébrale",SVT.5E.CORPS.expliquer-comment-le-systeme-nerveux-le-systeme-respiratoire-et-le-sys,"Expliquer comment le système nerveux, le système respiratoire et le système cardiovasculaire interviennent lors d’un effort musculaire, en identifiant les…",PROVEN_OFFICIAL,SRC-C4-2020 | BO n°31 du 30 juillet 2020 — annexe 3 — NOR MENE2018714A,0,0,NO_CONTENT
SVT,5E,COMMON,Le corps humain et la santé,"Activités musculaire, nerveuse et cardiovasculaire ; activité cérébrale",SVT.5E.CORPS.rythmes-cardiaque-et-respiratoire-et-effort-physique,"Rythmes cardiaque et respiratoire, et effort physique …",PROVEN_OFFICIAL,SRC-C4-2020 | BO n°31 du 30 juillet 2020 — annexe 3 — NOR MENE2018714A,0,0,NO_CONTENT
SVT,5E,COMMON,"La planète Terre, l’environnement et l’action humaine","Ressources naturelles, écosystèmes et activités humaines",SVT.5E.TER.caracteriser-quelques-uns-des-principaux-enjeux-de-lexploitation-dune,"Caractériser quelques-uns des principaux enjeux de l’exploitation d’une ressource naturelle par l’être humain, en lien avec quelques grandes questions de…",PROVEN_OFFICIAL,SRC-C4-2020 | BO n°31 du 30 juillet 2020 — annexe 3 — NOR MENE2018714A,0,0,NO_CONTENT
SVT,5E,COMMON,"La planète Terre, l’environnement et l’action humaine","Ressources naturelles, écosystèmes et activités humaines",SVT.5E.TER.expliquer-les-choix-en-matiere-de-gestion-de-ressources-naturelles-a-d,Expliquer les choix en matière de gestion de ressources naturelles à différentes échelles,PROVEN_OFFICIAL,SRC-C4-2020 | BO n°31 du 30 juillet 2020 — annexe 3 — NOR MENE2018714A,0,0,NO_CONTENT
SVT,5E,COMMON,"La planète Terre, l’environnement et l’action humaine","Ressources naturelles, écosystèmes et activités humaines",SVT.5E.TER.lexploitation-de-quelques-ressources-naturelles-par-letre-humain-eau-s,"L’exploitation de quelques ressources naturelles par l’être humain (eau, sol, pétrole, charbon, bois, ressources minérales, ressources halieutiques…) pour ses…",PROVEN_OFFICIAL,SRC-C4-2020 | BO n°31 du 30 juillet 2020 — annexe 3 — NOR MENE2018714A,0,0,NO_CONTENT
SVT,5E,COMMON,Le vivant et son évolution,La diversité génétique des individus,SVT.5E.VIV.diversite-et-dynamique-du-monde-vivant-a-differents-niveaux-dorganisat,Diversité et dynamique du monde vivant à différents niveaux d’organisation ; diversité des relations interspécifiques,PROVEN_OFFICIAL,SRC-C4-2020 | BO n°31 du 30 juillet 2020 — annexe 3 — NOR MENE2018714A,0,0,NO_CONTENT
SVT,5E,COMMON,Le vivant et son évolution,La dynamique des populations,SVT.5E.VIV.relier-des-elements-de-biologie-de-la-reproduction-sexuee-et-asexuee-d,"Relier des éléments de biologie de la reproduction sexuée et asexuée des êtres vivants et l’influence du milieu sur la survie des individus, à la dynamique des…",PROVEN_OFFICIAL,SRC-C4-2020 | BO n°31 du 30 juillet 2020 — annexe 3 — NOR MENE2018714A,0,0,NO_CONTENT
SVT,5E,COMMON,Le vivant et son évolution,La dynamique des populations,SVT.5E.VIV.reproductions-sexuee-et-asexuee-rencontre-des-gametes-milieux-et-modes,"Reproductions sexuée et asexuée, rencontre des gamètes, milieux et modes de reproduction et de dissémination",PROVEN_OFFICIAL,SRC-C4-2020 | BO n°31 du 30 juillet 2020 — annexe 3 — NOR MENE2018714A,0,0,NO_CONTENT
SVT,5E,COMMON,Le vivant et son évolution,La nutrition des organismes,SVT.5E.VIV.nutrition-et-organisation-fonctionnelle-a-lechelle-de-lorganisme-des-o,"Nutrition et organisation fonctionnelle à l’échelle de l’organisme, des organes, des tissus et des cellules",PROVEN_OFFICIAL,SRC-C4-2020 | BO n°31 du 30 juillet 2020 — annexe 3 — NOR MENE2018714A,0,0,NO_CONTENT
SVT,5E,COMMON,Le vivant et son évolution,La nutrition des organismes,SVT.5E.VIV.relier-les-besoins-des-cellules-dune-plante-chlorophyllienne-co2-eau-s,"Relier les besoins des cellules d’une plante chlorophyllienne (CO2, eau, sels minéraux et énergie lumineuse), les lieux de production ou de prélèvement de…",PROVEN_OFFICIAL,SRC-C4-2020 | BO n°31 du 30 juillet 2020 — annexe 3 — NOR MENE2018714A,0,0,NO_CONTENT
SVT,5E,COMMON,Le vivant et son évolution,La nutrition des organismes,SVT.5E.VIV.relier-les-besoins-en-nutriments-et-dioxygene-des-cellules-animales-et,Relier les besoins en nutriments et dioxygène des cellules animales et le rôle des systèmes de transport dans l’organisme,PROVEN_OFFICIAL,SRC-C4-2020 | BO n°31 du 30 juillet 2020 — annexe 3 — NOR MENE2018714A,0,0,NO_CONTENT
SVT,4E,COMMON,Le corps humain et la santé,"Activités musculaire, nerveuse et cardiovasculaire ; activité cérébrale",SVT.4E.CORPS.activite-cerebrale-hygiene-de-vie-conditions-dun-bon-fonctionnement-du,"Activité cérébrale ; hygiène de vie : conditions d’un bon fonctionnement du système nerveux, perturbations par certaines situations ou consommations (seuils…",PROVEN_OFFICIAL,SRC-C4-2020 | BO n°31 du 30 juillet 2020 — annexe 3 — NOR MENE2018714A,0,0,NO_CONTENT
SVT,4E,COMMON,Le corps humain et la santé,"Activités musculaire, nerveuse et cardiovasculaire ; activité cérébrale",SVT.4E.CORPS.message-nerveux-centres-nerveux-nerfs-cellules-nerveuses,"Message nerveux, centres nerveux, nerfs, cellules nerveuses",PROVEN_OFFICIAL,SRC-C4-2020 | BO n°31 du 30 juillet 2020 — annexe 3 — NOR MENE2018714A,0,0,NO_CONTENT
SVT,4E,COMMON,Le corps humain et la santé,"Activités musculaire, nerveuse et cardiovasculaire ; activité cérébrale",SVT.4E.CORPS.mettre-en-evidence-le-role-du-cerveau-dans-la-reception-et-lintegratio,Mettre en évidence le rôle du cerveau dans la réception et l’intégration d’informations multiples,PROVEN_OFFICIAL,SRC-C4-2020 | BO n°31 du 30 juillet 2020 — annexe 3 — NOR MENE2018714A,0,0,NO_CONTENT
SVT,4E,COMMON,Le corps humain et la santé,"Activités musculaire, nerveuse et cardiovasculaire ; activité cérébrale",SVT.4E.CORPS.relier-quelques-comportements-a-leurs-effets-sur-le-fonctionnement-du,Relier quelques comportements à leurs effets sur le fonctionnement du système nerveux,PROVEN_OFFICIAL,SRC-C4-2020 | BO n°31 du 30 juillet 2020 — annexe 3 — NOR MENE2018714A,0,0,NO_CONTENT
SVT,4E,COMMON,Le corps humain et la santé,Alimentation et digestion,SVT.4E.CORPS.groupes-daliments-besoins-alimentaires-besoins-nutritionnels-et-divers,"Groupes d’aliments, besoins alimentaires, besoins nutritionnels et diversité des régimes alimentaires",PROVEN_OFFICIAL,SRC-C4-2020 | BO n°31 du 30 juillet 2020 — annexe 3 — NOR MENE2018714A,0,0,NO_CONTENT
SVT,4E,COMMON,Le corps humain et la santé,Alimentation et digestion,SVT.4E.CORPS.relier-la-nature-des-aliments-et-leurs-apports-qualitatifs-et-quantita,Relier la nature des aliments et leurs apports qualitatifs et quantitatifs pour comprendre l’importance de l’alimentation pour l’organisme (besoins…,PROVEN_OFFICIAL,SRC-C4-2020 | BO n°31 du 30 juillet 2020 — annexe 3 — NOR MENE2018714A,0,0,NO_CONTENT
SVT,4E,COMMON,Le corps humain et la santé,Relations avec le monde microbien,SVT.4E.CORPS.mesures-dhygiene-vaccination-action-des-antiseptiques-et-des-antibioti,"Mesures d’hygiène, vaccination, action des antiseptiques et des antibiotiques",PROVEN_OFFICIAL,SRC-C4-2020 | BO n°31 du 30 juillet 2020 — annexe 3 — NOR MENE2018714A,0,0,NO_CONTENT
SVT,4E,COMMON,Le corps humain et la santé,Relations avec le monde microbien,SVT.4E.CORPS.relier-le-monde-microbien-heberge-par-notre-organisme-et-son-fonctionn,Relier le monde microbien hébergé par notre organisme et son fonctionnement,PROVEN_OFFICIAL,SRC-C4-2020 | BO n°31 du 30 juillet 2020 — annexe 3 — NOR MENE2018714A,0,0,NO_CONTENT
SVT,4E,COMMON,Le corps humain et la santé,Relations avec le monde microbien,SVT.4E.CORPS.relier-ses-connaissances-aux-politiques-de-prevention-et-de-lutte-cont,Relier ses connaissances aux politiques de prévention et de lutte contre la contamination et/ou l’infection,PROVEN_OFFICIAL,SRC-C4-2020 | BO n°31 du 30 juillet 2020 — annexe 3 — NOR MENE2018714A,0,0,NO_CONTENT
SVT,4E,COMMON,Le corps humain et la santé,Relations avec le monde microbien,SVT.4E.CORPS.ubiquite-diversite-et-evolution-du-monde-bacterien-dont-la-resistance,"Ubiquité, diversité et évolution du monde bactérien (dont la résistance aux antibiotiques)",PROVEN_OFFICIAL,SRC-C4-2020 | BO n°31 du 30 juillet 2020 — annexe 3 — NOR MENE2018714A,0,0,NO_CONTENT
SVT,4E,COMMON,Le corps humain et la santé,Reproduction et sexualité,SVT.4E.CORPS.expliquer-sur-quoi-reposent-les-comportements-responsables-dans-le-dom,"Expliquer sur quoi reposent les comportements responsables dans le domaine de la sexualité : fertilité, grossesse, respect de l’autre, choix raisonné de la…",PROVEN_OFFICIAL,SRC-C4-2020 | BO n°31 du 30 juillet 2020 — annexe 3 — NOR MENE2018714A,0,0,NO_CONTENT
SVT,4E,COMMON,Le corps humain et la santé,Reproduction et sexualité,SVT.4E.CORPS.puberte-organes-reproducteurs-production-de-cellules-reproductrices-co,"Puberté, organes reproducteurs, production de cellules reproductrices, contrôles hormonaux",PROVEN_OFFICIAL,SRC-C4-2020 | BO n°31 du 30 juillet 2020 — annexe 3 — NOR MENE2018714A,0,0,NO_CONTENT
SVT,4E,COMMON,Le corps humain et la santé,Reproduction et sexualité,SVT.4E.CORPS.relier-le-fonctionnement-des-appareils-reproducteurs-a-partir-de-la-pu,Relier le fonctionnement des appareils reproducteurs à partir de la puberté aux principes de la maîtrise de la reproduction,PROVEN_OFFICIAL,SRC-C4-2020 | BO n°31 du 30 juillet 2020 — annexe 3 — NOR MENE2018714A,0,0,NO_CONTENT
SVT,4E,COMMON,"La planète Terre, l’environnement et l’action humaine",Les phénomènes géologiques liés au fonctionnement de la Terre / éléments de climatologie et de météorologie,SVT.4E.TER.difference-entre-meteo-et-climat-les-grandes-zones-climatiques-de-la-t,Différence entre météo et climat ; Les grandes zones climatiques de la Terre et la répartition des faunes et des flores,PROVEN_OFFICIAL,SRC-C4-2020 | BO n°31 du 30 juillet 2020 — annexe 3 — NOR MENE2018714A,0,0,NO_CONTENT
SVT,4E,COMMON,"La planète Terre, l’environnement et l’action humaine",Les phénomènes géologiques liés au fonctionnement de la Terre / éléments de climatologie et de météorologie,SVT.4E.TER.eres-geologiques,Ères géologiques,PROVEN_OFFICIAL,SRC-C4-2020 | BO n°31 du 30 juillet 2020 — annexe 3 — NOR MENE2018714A,0,0,NO_CONTENT
SVT,4E,COMMON,"La planète Terre, l’environnement et l’action humaine",Les phénomènes géologiques liés au fonctionnement de la Terre / éléments de climatologie et de météorologie,SVT.4E.TER.expliquer-quelques-phenomenes-geologiques-a-partir-du-contexte-geodyna,Expliquer quelques phénomènes géologiques à partir du contexte géodynamique global,PROVEN_OFFICIAL,SRC-C4-2020 | BO n°31 du 30 juillet 2020 — annexe 3 — NOR MENE2018714A,0,0,NO_CONTENT
SVT,4E,COMMON,"La planète Terre, l’environnement et l’action humaine",Les phénomènes géologiques liés au fonctionnement de la Terre / éléments de climatologie et de météorologie,SVT.4E.TER.expliquer-quelques-phenomenes-meteorologiques-et-climatiques,Expliquer quelques phénomènes météorologiques et climatiques,PROVEN_OFFICIAL,SRC-C4-2020 | BO n°31 du 30 juillet 2020 — annexe 3 — NOR MENE2018714A,0,0,NO_CONTENT
SVT,4E,COMMON,"La planète Terre, l’environnement et l’action humaine",Les phénomènes géologiques liés au fonctionnement de la Terre / éléments de climatologie et de météorologie,SVT.4E.TER.la-terre-dans-le-systeme-solaire-le-globe-terrestre-dynamique-interne,"La Terre dans le système solaire ; le globe terrestre, dynamique interne et tectonique des plaques lithosphériques ; séismes, éruptions volcaniques",PROVEN_OFFICIAL,SRC-C4-2020 | BO n°31 du 30 juillet 2020 — annexe 3 — NOR MENE2018714A,0,0,NO_CONTENT
SVT,4E,COMMON,"La planète Terre, l’environnement et l’action humaine",Les phénomènes géologiques liés au fonctionnement de la Terre / éléments de climatologie et de météorologie,SVT.4E.TER.les-changements-climatiques-passes-temps-geologiques-et-actuels-influe,Les changements climatiques passés (temps géologiques) et actuels (influence des activités humaines sur le climat notamment par l’émission de gaz à effet de…,PROVEN_OFFICIAL,SRC-C4-2020 | BO n°31 du 30 juillet 2020 — annexe 3 — NOR MENE2018714A,0,0,NO_CONTENT
SVT,4E,COMMON,"La planète Terre, l’environnement et l’action humaine",Les phénomènes géologiques liés au fonctionnement de la Terre / éléments de climatologie et de météorologie,SVT.4E.TER.les-phenomenes-naturels-risques-et-enjeux-pour-letre-humain,Les phénomènes naturels : risques et enjeux pour l’être humain,PROVEN_OFFICIAL,SRC-C4-2020 | BO n°31 du 30 juillet 2020 — annexe 3 — NOR MENE2018714A,0,0,NO_CONTENT
SVT,4E,COMMON,"La planète Terre, l’environnement et l’action humaine",Les phénomènes géologiques liés au fonctionnement de la Terre / éléments de climatologie et de météorologie,SVT.4E.TER.meteorologie-dynamique-des-masses-dair-et-des-masses-deau-vents-et-cou,Météorologie ; dynamique des masses d’air et des masses d’eau ; vents et courants océaniques,PROVEN_OFFICIAL,SRC-C4-2020 | BO n°31 du 30 juillet 2020 — annexe 3 — NOR MENE2018714A,0,0,NO_CONTENT
SVT,4E,COMMON,"La planète Terre, l’environnement et l’action humaine",Les phénomènes géologiques liés au fonctionnement de la Terre / éléments de climatologie et de météorologie,SVT.4E.TER.notions-daleas-de-vulnerabilite-et-de-risque-en-lien-avec-les-phenomen,"Notions d’aléas, de vulnérabilité et de risque en lien avec les phénomènes naturels ; prévisions",PROVEN_OFFICIAL,SRC-C4-2020 | BO n°31 du 30 juillet 2020 — annexe 3 — NOR MENE2018714A,0,0,NO_CONTENT
SVT,4E,COMMON,"La planète Terre, l’environnement et l’action humaine",Les phénomènes géologiques liés au fonctionnement de la Terre / éléments de climatologie et de météorologie,SVT.4E.TER.relier-les-connaissances-scientifiques-sur-les-risques-naturels-ex-sei,"Relier les connaissances scientifiques sur les risques naturels (ex. : séismes, cyclones, inondations) ainsi que ceux liés aux activités humaines (pollution de…",PROVEN_OFFICIAL,SRC-C4-2020 | BO n°31 du 30 juillet 2020 — annexe 3 — NOR MENE2018714A,0,0,NO_CONTENT
SVT,4E,COMMON,"La planète Terre, l’environnement et l’action humaine","Ressources naturelles, écosystèmes et activités humaines",SVT.4E.TER.analyser-les-impacts-engendres-par-le-rythme-la-nature-benefices-nuisa,"Analyser les impacts engendrés par le rythme, la nature (bénéfices/nuisances), l’importance et la variabilité des actions de l’être humain sur l’environnement",PROVEN_OFFICIAL,SRC-C4-2020 | BO n°31 du 30 juillet 2020 — annexe 3 — NOR MENE2018714A,0,0,NO_CONTENT
SVT,4E,COMMON,"La planète Terre, l’environnement et l’action humaine","Ressources naturelles, écosystèmes et activités humaines",SVT.4E.TER.quelques-exemples-dinteractions-entre-les-activites-humaines-et-lenvir,"Quelques exemples d’interactions entre les activités humaines et l’environnement, dont l’interaction être humain - biodiversité (de l’échelle d’un écosystème…",PROVEN_OFFICIAL,SRC-C4-2020 | BO n°31 du 30 juillet 2020 — annexe 3 — NOR MENE2018714A,0,0,NO_CONTENT
SVT,4E,COMMON,Le vivant et son évolution,La classification du vivant et l’évolution des êtres vivants,SVT.4E.VIV.caracteres-partages-et-classification,Caractères partagés et classification,PROVEN_OFFICIAL,SRC-C4-2020 | BO n°31 du 30 juillet 2020 — annexe 3 — NOR MENE2018714A,0,0,NO_CONTENT
SVT,4E,COMMON,Le vivant et son évolution,La classification du vivant et l’évolution des êtres vivants,SVT.4E.VIV.les-grands-groupes-detres-vivants-dont-homo-sapiens-leur-parente-et-le,"Les grands groupes d’êtres vivants, dont Homo sapiens, leur parenté et leur évolution",PROVEN_OFFICIAL,SRC-C4-2020 | BO n°31 du 30 juillet 2020 — annexe 3 — NOR MENE2018714A,0,0,NO_CONTENT
SVT,4E,COMMON,Le vivant et son évolution,La classification du vivant et l’évolution des êtres vivants,SVT.4E.VIV.montrer-que-certains-evenements-majeurs-passes-ou-actuels-eruptions-vo,"Montrer que certains événements majeurs passés ou actuels (éruptions volcaniques de grande ampleur, introduction d’espèces invasives, compétitions entre…",PROVEN_OFFICIAL,SRC-C4-2020 | BO n°31 du 30 juillet 2020 — annexe 3 — NOR MENE2018714A,0,0,NO_CONTENT
SVT,4E,COMMON,Le vivant et son évolution,La classification du vivant et l’évolution des êtres vivants,SVT.4E.VIV.relier-letude-des-relations-de-parente-entre-les-etres-vivants-et-levo,"Relier l’étude des relations de parenté entre les êtres vivants, et l’évolution",PROVEN_OFFICIAL,SRC-C4-2020 | BO n°31 du 30 juillet 2020 — annexe 3 — NOR MENE2018714A,0,0,NO_CONTENT
SVT,4E,COMMON,Le vivant et son évolution,La classification du vivant et l’évolution des êtres vivants,SVT.4E.VIV.utiliser-des-connaissances-pour-evaluer-et-argumenter-la-possibilite-e,Utiliser des connaissances pour évaluer et argumenter la possibilité et les formes de vie sur d’autres planètes,PROVEN_OFFICIAL,SRC-C4-2020 | BO n°31 du 30 juillet 2020 — annexe 3 — NOR MENE2018714A,0,0,NO_CONTENT
SVT,4E,COMMON,Le vivant et son évolution,La diversité génétique des individus,SVT.4E.VIV.diversite-genetique-au-sein-dune-population-heritabilite-stabilite-des,"Diversité génétique au sein d’une population ; héritabilité, stabilité des groupes",PROVEN_OFFICIAL,SRC-C4-2020 | BO n°31 du 30 juillet 2020 — annexe 3 — NOR MENE2018714A,0,0,NO_CONTENT
SVT,4E,COMMON,Le vivant et son évolution,La diversité génétique des individus,SVT.4E.VIV.expliquer-sur-quoi-reposent-la-diversite-et-la-stabilite-genetique-des,Expliquer sur quoi reposent la diversité et la stabilité génétique des individus,PROVEN_OFFICIAL,SRC-C4-2020 | BO n°31 du 30 juillet 2020 — annexe 3 — NOR MENE2018714A,0,0,NO_CONTENT
SVT,4E,COMMON,Le vivant et son évolution,La diversité génétique des individus,SVT.4E.VIV.relier-comme-des-processus-dynamiques-la-diversite-genetique-et-la-bio,"Relier, comme des processus dynamiques, la diversité génétique et la biodiversité",PROVEN_OFFICIAL,SRC-C4-2020 | BO n°31 du 30 juillet 2020 — annexe 3 — NOR MENE2018714A,0,0,NO_CONTENT
SVT,4E,COMMON,Le vivant et son évolution,La dynamique des populations,SVT.4E.VIV.gametes-et-patrimoine-genetique-chez-les-vertebres-et-les-plantes-a-fl,Gamètes et patrimoine génétique chez les Vertébrés et les plantes à fleurs,PROVEN_OFFICIAL,SRC-C4-2020 | BO n°31 du 30 juillet 2020 — annexe 3 — NOR MENE2018714A,0,0,NO_CONTENT
SVT,3E,COMMON,Le corps humain et la santé,Alimentation et digestion,SVT.3E.CORPS.expliquer-le-devenir-des-aliments-dans-le-tube-digestif,Expliquer le devenir des aliments dans le tube digestif,PROVEN_OFFICIAL,SRC-C4-2020 | BO n°31 du 30 juillet 2020 — annexe 3 — NOR MENE2018714A,0,0,NO_CONTENT
SVT,3E,COMMON,Le corps humain et la santé,Alimentation et digestion,SVT.3E.CORPS.systeme-digestif-digestion-absorption-aliments-et-nutriments,"Système digestif, digestion, absorption ; aliments et nutriments",PROVEN_OFFICIAL,SRC-C4-2020 | BO n°31 du 30 juillet 2020 — annexe 3 — NOR MENE2018714A,0,0,NO_CONTENT
SVT,3E,COMMON,Le corps humain et la santé,Attendus de fin de cycle,SVT.3E.CORPS.relier-la-connaissance-de-ces-processus-biologiques-aux-enjeux-lies-au,Relier la connaissance de ces processus biologiques aux enjeux liés aux comportements responsables individuels et collectifs en matière de santé,PROVEN_OFFICIAL,SRC-C4-2020 | BO n°31 du 30 juillet 2020 — annexe 3 — NOR MENE2018714A,0,0,NO_CONTENT
SVT,3E,COMMON,Le corps humain et la santé,Relations avec le monde microbien,SVT.3E.CORPS.reactions-immunitaires,Réactions immunitaires,PROVEN_OFFICIAL,SRC-C4-2020 | BO n°31 du 30 juillet 2020 — annexe 3 — NOR MENE2018714A,0,0,NO_CONTENT
SVT,3E,COMMON,"La planète Terre, l’environnement et l’action humaine",Attendus de fin de cycle,SVT.3E.TER.envisager-ou-justifier-des-comportements-responsables-face-a-lenvironn,Envisager ou justifier des comportements responsables face à l’environnement et à la préservation des ressources limitées de la planète,PROVEN_OFFICIAL,SRC-C4-2020 | BO n°31 du 30 juillet 2020 — annexe 3 — NOR MENE2018714A,0,0,NO_CONTENT
SVT,3E,COMMON,"La planète Terre, l’environnement et l’action humaine",Attendus de fin de cycle,SVT.3E.TER.explorer-et-expliquer-certains-elements-de-meteorologie-et-de-climatol,Explorer et expliquer certains éléments de météorologie et de climatologie,PROVEN_OFFICIAL,SRC-C4-2020 | BO n°31 du 30 juillet 2020 — annexe 3 — NOR MENE2018714A,0,0,NO_CONTENT
SVT,3E,COMMON,"La planète Terre, l’environnement et l’action humaine",Attendus de fin de cycle,SVT.3E.TER.explorer-et-expliquer-certains-phenomenes-geologiques-lies-au-fonction,Explorer et expliquer certains phénomènes géologiques liés au fonctionnement de la Terre,PROVEN_OFFICIAL,SRC-C4-2020 | BO n°31 du 30 juillet 2020 — annexe 3 — NOR MENE2018714A,0,0,NO_CONTENT
SVT,3E,COMMON,"La planète Terre, l’environnement et l’action humaine",Attendus de fin de cycle,SVT.3E.TER.identifier-les-principaux-impacts-de-laction-humaine-benefices-et-risq,"Identifier les principaux impacts de l’action humaine, bénéfices et risques, à la surface de la planète Terre",PROVEN_OFFICIAL,SRC-C4-2020 | BO n°31 du 30 juillet 2020 — annexe 3 — NOR MENE2018714A,0,0,NO_CONTENT
SVT,3E,COMMON,"La planète Terre, l’environnement et l’action humaine","Ressources naturelles, écosystèmes et activités humaines",SVT.3E.TER.expliquer-comment-une-activite-humaine-peut-modifier-lorganisation-et,Expliquer comment une activité humaine peut modifier l’organisation et le fonctionnement des écosystèmes en lien avec quelques questions environnementales…,PROVEN_OFFICIAL,SRC-C4-2020 | BO n°31 du 30 juillet 2020 — annexe 3 — NOR MENE2018714A,0,0,NO_CONTENT
SVT,3E,COMMON,Le vivant et son évolution,Attendus de fin de cycle,SVT.3E.VIV.etablir-des-relations-de-causalite-entre-differents-faits-pour-expliqu,Établir des relations de causalité entre différents faits pour expliquer : - la nutrition des organismes ; - la dynamique des populations ; - la classification…,PROVEN_OFFICIAL,SRC-C4-2020 | BO n°31 du 30 juillet 2020 — annexe 3 — NOR MENE2018714A,0,0,NO_CONTENT
SVT,3E,COMMON,Le vivant et son évolution,Attendus de fin de cycle,SVT.3E.VIV.expliquer-lorganisation-et-le-fonctionnement-du-monde-vivant-sa-dynami,"Expliquer l’organisation et le fonctionnement du monde vivant, sa dynamique à différentes échelles d’espace et de temps",PROVEN_OFFICIAL,SRC-C4-2020 | BO n°31 du 30 juillet 2020 — annexe 3 — NOR MENE2018714A,0,0,NO_CONTENT
SVT,3E,COMMON,Le vivant et son évolution,La classification du vivant et l’évolution des êtres vivants,SVT.3E.VIV.apparition-et-disparition-despeces-au-cours-du-temps-traces-fossiles-d,Apparition et disparition d’espèces au cours du temps (traces fossiles des premiers organismes vivants sur Terre),PROVEN_OFFICIAL,SRC-C4-2020 | BO n°31 du 30 juillet 2020 — annexe 3 — NOR MENE2018714A,0,0,NO_CONTENT
SVT,3E,COMMON,Le vivant et son évolution,La classification du vivant et l’évolution des êtres vivants,SVT.3E.VIV.maintien-des-formes-aptes-a-se-reproduire-hasard-selection-naturelle,"Maintien des formes aptes à se reproduire, hasard, sélection naturelle",PROVEN_OFFICIAL,SRC-C4-2020 | BO n°31 du 30 juillet 2020 — annexe 3 — NOR MENE2018714A,0,0,NO_CONTENT
SVT,3E,COMMON,Le vivant et son évolution,La classification du vivant et l’évolution des êtres vivants,SVT.3E.VIV.mettre-en-evidence-des-faits-devolution-des-especes-et-donner-des-argu,Mettre en évidence des faits d’évolution des espèces et donner des arguments en faveur de quelques mécanismes de l’évolution,PROVEN_OFFICIAL,SRC-C4-2020 | BO n°31 du 30 juillet 2020 — annexe 3 — NOR MENE2018714A,0,0,NO_CONTENT
SVT,3E,COMMON,Le vivant et son évolution,La diversité génétique des individus,SVT.3E.VIV.adn-mutations-brassage-gene-meiose-et-fecondation,"ADN, mutations, brassage, gène, méiose et fécondation",PROVEN_OFFICIAL,SRC-C4-2020 | BO n°31 du 30 juillet 2020 — annexe 3 — NOR MENE2018714A,0,0,NO_CONTENT
SVT,3E,COMMON,Le vivant et son évolution,La diversité génétique des individus,SVT.3E.VIV.expliquer-comment-les-phenotypes-sont-determines-par-les-genotypes-et,Expliquer comment les phénotypes sont déterminés par les génotypes et par l’action de l’environnement,PROVEN_OFFICIAL,SRC-C4-2020 | BO n°31 du 30 juillet 2020 — annexe 3 — NOR MENE2018714A,0,0,NO_CONTENT
SVT,3E,COMMON,Le vivant et son évolution,La diversité génétique des individus,SVT.3E.VIV.expliquer-les-mecanismes-a-lorigine-de-la-diversite-et-de-la-stabilite,Expliquer les mécanismes à l’origine de la diversité et de la stabilité génétique des individus,PROVEN_OFFICIAL,SRC-C4-2020 | BO n°31 du 30 juillet 2020 — annexe 3 — NOR MENE2018714A,0,0,NO_CONTENT
SVT,3E,COMMON,Le vivant et son évolution,La dynamique des populations,SVT.3E.VIV.dynamique-des-populations-et-parametres-dinfluence,Dynamique des populations et paramètres d’influence,PROVEN_OFFICIAL,SRC-C4-2020 | BO n°31 du 30 juillet 2020 — annexe 3 — NOR MENE2018714A,0,0,NO_CONTENT
SVT,2NDE,,,,,aucune notion dans le registre,,,0,0,NO_NOTION
SVT,1RE,,,,,aucune notion dans le registre,,,0,0,NO_NOTION
SVT,TLE,,,,,aucune notion dans le registre,,,0,0,NO_NOTION
SCIENCES_TECHNOLOGIE,CP,COMMON,Le corps humain et la santé,Alimentation,ST.CP.CORPS.decouvrir-et-nommer-les-categories-daliments-et-leur-origine-en-utilis,"Découvrir et nommer les catégories d’aliments et leur origine, en utilisant le vocabulaire associé",PROVEN_OFFICIAL,SRC-C2-ST-2026 | BO 2026 — annexe 1 — NOR MENE2611650A,0,0,NO_CONTENT
SCIENCES_TECHNOLOGIE,CP,COMMON,Le corps humain et la santé,Croissance et mouvement,ST.CP.CORPS.decrire-le-schema-corporel-et-nommer-les-principales-articulations-et,"Décrire le schéma corporel et nommer les principales articulations et quelques os associés du squelette, en enrichissant le vocabulaire anatomique",PROVEN_OFFICIAL,SRC-C2-ST-2026 | BO 2026 — annexe 1 — NOR MENE2611650A,0,0,NO_CONTENT
SCIENCES_TECHNOLOGIE,CP,COMMON,Le corps humain et la santé,Croissance et mouvement,ST.CP.CORPS.reperer-sur-soi-et-sur-une-maquette-simple-les-elements-permettant-la,Repérer sur soi et sur une maquette simple les éléments permettant la réalisation d’un mouvement corporel,PROVEN_OFFICIAL,SRC-C2-ST-2026 | BO 2026 — annexe 1 — NOR MENE2611650A,0,0,NO_CONTENT
SCIENCES_TECHNOLOGIE,CP,COMMON,Le corps humain et la santé,Santé et hygiène de vie,ST.CP.CORPS.identifier-quelques-regles-dhygiene-de-vie-au-quotidien-et-les-relier,"Identifier quelques règles d’hygiène de vie au quotidien et les relier à sa santé (sommeil, variété alimentaire, activité physique régulière, repos, lavage des…",PROVEN_OFFICIAL,SRC-C2-ST-2026 | BO 2026 — annexe 1 — NOR MENE2611650A,0,0,NO_CONTENT
SCIENCES_TECHNOLOGIE,CP,COMMON,Le corps humain et la santé,Santé et hygiène de vie,ST.CP.CORPS.observer-son-rythme-dactivite-quotidien-sommeil-activite-physique-acti,"Observer son rythme d’activité quotidien (sommeil, activité physique, activité intellectuelle, repos et relaxation)",PROVEN_OFFICIAL,SRC-C2-ST-2026 | BO 2026 — annexe 1 — NOR MENE2611650A,0,0,NO_CONTENT
SCIENCES_TECHNOLOGIE,CP,COMMON,"La matière, les mesures, l’électricité","Masse, volumes et mesure de température",ST.CP.MAT.comparer-les-masses-de-differents-objets,Comparer les masses de différents objets,PROVEN_OFFICIAL,SRC-C2-ST-2026 | BO 2026 — annexe 1 — NOR MENE2611650A,0,0,NO_CONTENT
SCIENCES_TECHNOLOGIE,CP,COMMON,"La matière, les mesures, l’électricité","Masse, volumes et mesure de température",ST.CP.MAT.lire-la-valeur-de-la-temperature-avec-un-thermometre-a-liquide,Lire la valeur de la température avec un thermomètre à liquide,PROVEN_OFFICIAL,SRC-C2-ST-2026 | BO 2026 — annexe 1 — NOR MENE2611650A,0,0,NO_CONTENT
SCIENCES_TECHNOLOGIE,CP,COMMON,"La matière, les mesures, l’électricité","Masse, volumes et mesure de température",ST.CP.MAT.utiliser-le-vocabulaire-associe-aux-masses,Utiliser le vocabulaire associé aux masses,PROVEN_OFFICIAL,SRC-C2-ST-2026 | BO 2026 — annexe 1 — NOR MENE2611650A,0,0,NO_CONTENT
SCIENCES_TECHNOLOGIE,CP,COMMON,"La matière, les mesures, l’électricité",États physiques de la matière,ST.CP.MAT.reconnaitre-et-identifier-les-etats-solides-et-liquides-de-leau,Reconnaitre et identifier les états solides et liquides de l’eau,PROVEN_OFFICIAL,SRC-C2-ST-2026 | BO 2026 — annexe 1 — NOR MENE2611650A,0,0,NO_CONTENT
SCIENCES_TECHNOLOGIE,CP,COMMON,Les objets techniques au cœur de la société,Les objets techniques au cœur de la société,ST.CP.TEC.identifier-des-activites-de-la-vie-quotidienne-faisant-appel-a-des-obj,Identifier des activités de la vie quotidienne faisant appel à des objets techniques répondant à un besoin,PROVEN_OFFICIAL,SRC-C2-ST-2026 | BO 2026 — annexe 1 — NOR MENE2611650A,0,0,NO_CONTENT
SCIENCES_TECHNOLOGIE,CP,COMMON,Les objets techniques au cœur de la société,Les objets techniques au cœur de la société,ST.CP.TEC.identifier-quun-objet-technique-est-obtenu-par-intervention-des-etres,Identifier qu’un objet technique est obtenu par intervention des êtres humains,PROVEN_OFFICIAL,SRC-C2-ST-2026 | BO 2026 — annexe 1 — NOR MENE2611650A,0,0,NO_CONTENT
SCIENCES_TECHNOLOGIE,CP,COMMON,Les êtres vivants dans leur environnement,Agir pour protéger l’environnement,ST.CP.VIV.constater-quelques-modifications-de-lenvironnement-proche-par-des-acti,Constater quelques modifications de l’environnement proche par des activités humaines,PROVEN_OFFICIAL,SRC-C2-ST-2026 | BO 2026 — annexe 1 — NOR MENE2611650A,0,0,NO_CONTENT
SCIENCES_TECHNOLOGIE,CP,COMMON,Les êtres vivants dans leur environnement,Agir pour protéger l’environnement,ST.CP.VIV.developper-un-rapport-sensible-a-la-nature,Développer un rapport sensible à la nature,PROVEN_OFFICIAL,SRC-C2-ST-2026 | BO 2026 — annexe 1 — NOR MENE2611650A,0,0,NO_CONTENT
SCIENCES_TECHNOLOGIE,CP,COMMON,Les êtres vivants dans leur environnement,Agir pour protéger l’environnement,ST.CP.VIV.identifier-et-mettre-en-uvre-quelques-gestes-simples-favorables-a-la-p,Identifier et mettre en œuvre quelques gestes simples favorables à la protection de l’environnement proche de l’école,PROVEN_OFFICIAL,SRC-C2-ST-2026 | BO 2026 — annexe 1 — NOR MENE2611650A,0,0,NO_CONTENT
SCIENCES_TECHNOLOGIE,CP,COMMON,Les êtres vivants dans leur environnement,Agir pour protéger l’environnement,ST.CP.VIV.prendre-conscience-des-possibilites-dagir-tant-individuellement-que-co,"Prendre conscience des possibilités d’agir, tant individuellement que collectivement, pour protéger l’environnement",PROVEN_OFFICIAL,SRC-C2-ST-2026 | BO 2026 — annexe 1 — NOR MENE2611650A,0,0,NO_CONTENT
SCIENCES_TECHNOLOGIE,CP,COMMON,Les êtres vivants dans leur environnement,Observer et décrire son environnement proche,ST.CP.VIV.observer-son-environnement-proche-decrire-les-etres-vivants-qui-y-vive,Observer son environnement proche : décrire les êtres vivants qui y vivent et les caractéristiques du milieu de vie,PROVEN_OFFICIAL,SRC-C2-ST-2026 | BO 2026 — annexe 1 — NOR MENE2611650A,0,0,NO_CONTENT
SCIENCES_TECHNOLOGIE,CP,COMMON,Les êtres vivants dans leur environnement,Observer et décrire son environnement proche,ST.CP.VIV.se-reperer-dans-son-environnement-proche,Se repérer dans son environnement proche,PROVEN_OFFICIAL,SRC-C2-ST-2026 | BO 2026 — annexe 1 — NOR MENE2611650A,0,0,NO_CONTENT
SCIENCES_TECHNOLOGIE,CP,COMMON,Les êtres vivants dans leur environnement,Unité et diversité du vivant,ST.CP.VIV.caracteriser-et-justifier-a-laide-de-criteres-simples-ce-qui-est-vivan,"Caractériser et justifier à l’aide de critères simples ce qui est vivant, non vivant ou élaboré par des êtres vivants",PROVEN_OFFICIAL,SRC-C2-ST-2026 | BO 2026 — annexe 1 — NOR MENE2611650A,0,0,NO_CONTENT
SCIENCES_TECHNOLOGIE,CE1,COMMON,Le corps humain et la santé,Alimentation,ST.CE1.CORPS.etablir-la-notion-dequilibre-alimentaire,Établir la notion d’équilibre alimentaire,PROVEN_OFFICIAL,SRC-C2-ST-2026 | BO 2026 — annexe 1 — NOR MENE2611650A,0,0,NO_CONTENT
SCIENCES_TECHNOLOGIE,CE1,COMMON,Le corps humain et la santé,Alimentation,ST.CE1.CORPS.identifier-les-apports-specifiques-des-aliments-sources-denergie-deau,"Identifier les apports spécifiques des aliments : sources d’énergie, d’eau, de minéraux, de matière",PROVEN_OFFICIAL,SRC-C2-ST-2026 | BO 2026 — annexe 1 — NOR MENE2611650A,0,0,NO_CONTENT
SCIENCES_TECHNOLOGIE,CE1,COMMON,Le corps humain et la santé,Croissance et mouvement,ST.CE1.CORPS.comparer-la-croissance-de-differentes-personnes-taille-masse-pointure,"Comparer la croissance de différentes personnes (taille, masse, pointure) pour prendre conscience de la diversité morphologique humaine et respecter les…",PROVEN_OFFICIAL,SRC-C2-ST-2026 | BO 2026 — annexe 1 — NOR MENE2611650A,0,0,NO_CONTENT
SCIENCES_TECHNOLOGIE,CE1,COMMON,Le corps humain et la santé,Croissance et mouvement,ST.CE1.CORPS.observer-les-modifications-de-la-dentition-au-cours-de-la-croissance,Observer les modifications de la dentition au cours de la croissance,PROVEN_OFFICIAL,SRC-C2-ST-2026 | BO 2026 — annexe 1 — NOR MENE2611650A,0,0,NO_CONTENT
SCIENCES_TECHNOLOGIE,CE1,COMMON,Le corps humain et la santé,Croissance et mouvement,ST.CE1.CORPS.utiliser-des-instruments-de-mesure-pour-suivre-la-croissance-du-corps,"Utiliser des instruments de mesure pour suivre la croissance du corps, en particulier du squelette (os)",PROVEN_OFFICIAL,SRC-C2-ST-2026 | BO 2026 — annexe 1 — NOR MENE2611650A,0,0,NO_CONTENT
SCIENCES_TECHNOLOGIE,CE1,COMMON,Le corps humain et la santé,Santé et hygiène de vie,ST.CE1.CORPS.identifier-quelques-regles-dhygiene-de-vie-au-quotidien-et-les-relier,Identifier quelques règles d’hygiène de vie au quotidien et les relier à sa santé,PROVEN_OFFICIAL,SRC-C2-ST-2026 | BO 2026 — annexe 1 — NOR MENE2611650A,0,0,NO_CONTENT
SCIENCES_TECHNOLOGIE,CE1,COMMON,Le corps humain et la santé,Santé et hygiène de vie,ST.CE1.CORPS.prendre-conscience-du-role-que-joue-l-attention-cognitive-dans-les-app,Prendre conscience du rôle que joue l'attention cognitive dans les apprentissages,PROVEN_OFFICIAL,SRC-C2-ST-2026 | BO 2026 — annexe 1 — NOR MENE2611650A,0,0,NO_CONTENT
SCIENCES_TECHNOLOGIE,CE1,COMMON,"La matière, les mesures, l’électricité",L’électricité,ST.CE1.MAT.realiser-un-circuit-electrique-a-une-boucle-associant-un-generateur-pi,"Réaliser un circuit électrique à une boucle associant un générateur (pile), un interrupteur, un récepteur (ampoule) pour mettre en évidence la circulation du…",PROVEN_OFFICIAL,SRC-C2-ST-2026 | BO 2026 — annexe 1 — NOR MENE2611650A,0,0,NO_CONTENT
SCIENCES_TECHNOLOGIE,CE1,COMMON,"La matière, les mesures, l’électricité",L’électricité,ST.CE1.MAT.tester-des-materiaux-pour-determiner-leur-caractere-isolant-ou-conduct,Tester des matériaux pour déterminer leur caractère isolant ou conducteur,PROVEN_OFFICIAL,SRC-C2-ST-2026 | BO 2026 — annexe 1 — NOR MENE2611650A,0,0,NO_CONTENT
SCIENCES_TECHNOLOGIE,CE1,COMMON,"La matière, les mesures, l’électricité",Masse et volumes,ST.CE1.MAT.mesurer-les-masses-des-objets-avec-une-balance-comparer-et-classer-les,"Mesurer les masses des objets avec une balance, comparer et classer les masses grâce à la mesure",PROVEN_OFFICIAL,SRC-C2-ST-2026 | BO 2026 — annexe 1 — NOR MENE2611650A,0,0,NO_CONTENT
SCIENCES_TECHNOLOGIE,CE1,COMMON,"La matière, les mesures, l’électricité",États physiques de la matière,ST.CE1.MAT.constater-la-conservation-de-la-masse-lors-dun-changement-detat,Constater la conservation de la masse lors d’un changement d’état,PROVEN_OFFICIAL,SRC-C2-ST-2026 | BO 2026 — annexe 1 — NOR MENE2611650A,0,0,NO_CONTENT
SCIENCES_TECHNOLOGIE,CE1,COMMON,"La matière, les mesures, l’électricité",États physiques de la matière,ST.CE1.MAT.constater-que-le-volume-de-leau-ne-se-conserve-pas-lors-de-sa-solidifi,Constater que le volume de l’eau ne se conserve pas lors de sa solidification,PROVEN_OFFICIAL,SRC-C2-ST-2026 | BO 2026 — annexe 1 — NOR MENE2611650A,0,0,NO_CONTENT
SCIENCES_TECHNOLOGIE,CE1,COMMON,"La matière, les mesures, l’électricité",États physiques de la matière,ST.CE1.MAT.nommer-le-changement-detat-solidification-et-fusion,Nommer le changement d’état (solidification et fusion),PROVEN_OFFICIAL,SRC-C2-ST-2026 | BO 2026 — annexe 1 — NOR MENE2611650A,0,0,NO_CONTENT
SCIENCES_TECHNOLOGIE,CE1,COMMON,"La matière, les mesures, l’électricité",États physiques de la matière,ST.CE1.MAT.observer-le-changement-detat-physique-de-leau-solide-et-liquide-et-sa,Observer le changement d’état physique de l’eau (solide et liquide) et sa réversibilité,PROVEN_OFFICIAL,SRC-C2-ST-2026 | BO 2026 — annexe 1 — NOR MENE2611650A,0,0,NO_CONTENT
SCIENCES_TECHNOLOGIE,CE1,COMMON,"La matière, les mesures, l’électricité",États physiques de la matière,ST.CE1.MAT.realiser-des-experiences-mettant-en-evidence-la-materialite-de-lair,Réaliser des expériences mettant en évidence la matérialité de l’air,PROVEN_OFFICIAL,SRC-C2-ST-2026 | BO 2026 — annexe 1 — NOR MENE2611650A,0,0,NO_CONTENT
SCIENCES_TECHNOLOGIE,CE1,COMMON,Les objets techniques au cœur de la société,Les objets techniques au cœur de la société,ST.CE1.TEC.commander-un-robot-avec-des-consignes-simples-en-programmant-un-deplac,Commander un robot avec des consignes simples en programmant un déplacement,PROVEN_OFFICIAL,SRC-C2-ST-2026 | BO 2026 — annexe 1 — NOR MENE2611650A,0,0,NO_CONTENT
SCIENCES_TECHNOLOGIE,CE1,COMMON,Les objets techniques au cœur de la société,Les objets techniques au cœur de la société,ST.CE1.TEC.differencier-les-objets-selon-quils-utilisent-ou-non-une-source-denerg,Différencier les objets selon qu’ils utilisent ou non une source d’énergie électrique. Identifier le cas échéant l’intérêt de l’utilisation de l’énergie…,PROVEN_OFFICIAL,SRC-C2-ST-2026 | BO 2026 — annexe 1 — NOR MENE2611650A,0,0,NO_CONTENT
SCIENCES_TECHNOLOGIE,CE1,COMMON,Les objets techniques au cœur de la société,Les objets techniques au cœur de la société,ST.CE1.TEC.identifier-les-differentes-parties-dun-objet-technique-en-les-caracter,"Identifier les différentes parties d’un objet technique en les caractérisant par leur forme, leur matériau et leur fonction",PROVEN_OFFICIAL,SRC-C2-ST-2026 | BO 2026 — annexe 1 — NOR MENE2611650A,0,0,NO_CONTENT
SCIENCES_TECHNOLOGIE,CE1,COMMON,Les objets techniques au cœur de la société,Les objets techniques au cœur de la société,ST.CE1.TEC.realiser-une-maquette-simple-avec-un-circuit-electrique-identifier-les,Réaliser une maquette simple avec un circuit électrique. Identifier les composants et leurs fonctions,PROVEN_OFFICIAL,SRC-C2-ST-2026 | BO 2026 — annexe 1 — NOR MENE2611650A,0,0,NO_CONTENT
SCIENCES_TECHNOLOGIE,CE1,COMMON,Les êtres vivants dans leur environnement,Agir pour protéger l’environnement,ST.CE1.VIV.developper-un-rapport-sensible-a-la-nature,Développer un rapport sensible à la nature,PROVEN_OFFICIAL,SRC-C2-ST-2026 | BO 2026 — annexe 1 — NOR MENE2611650A,0,0,NO_CONTENT
SCIENCES_TECHNOLOGIE,CE1,COMMON,Les êtres vivants dans leur environnement,Agir pour protéger l’environnement,ST.CE1.VIV.prendre-conscience-de-la-necessite-et-des-possibilites-dagir-tant-indi,"Prendre conscience de la nécessité et des possibilités d’agir, tant individuellement que collectivement, pour protéger l’environnement",PROVEN_OFFICIAL,SRC-C2-ST-2026 | BO 2026 — annexe 1 — NOR MENE2611650A,0,0,NO_CONTENT
SCIENCES_TECHNOLOGIE,CE1,COMMON,Les êtres vivants dans leur environnement,Agir pour protéger l’environnement,ST.CE1.VIV.simpliquer-dans-une-action-de-preservation-de-lenvironnement-proche-de,S’impliquer dans une action de préservation de l’environnement proche de l’école,PROVEN_OFFICIAL,SRC-C2-ST-2026 | BO 2026 — annexe 1 — NOR MENE2611650A,0,0,NO_CONTENT
SCIENCES_TECHNOLOGIE,CE1,COMMON,Les êtres vivants dans leur environnement,Nutrition des êtres vivants,ST.CE1.VIV.decrire-les-differents-organes-vegetatifs-dune-plante-racine-tige-feui,"Décrire les différents organes végétatifs d’une plante (racine, tige, feuille)",PROVEN_OFFICIAL,SRC-C2-ST-2026 | BO 2026 — annexe 1 — NOR MENE2611650A,0,0,NO_CONTENT
SCIENCES_TECHNOLOGIE,CE1,COMMON,Les êtres vivants dans leur environnement,Nutrition des êtres vivants,ST.CE1.VIV.determiner-des-besoins-essentiels-pour-la-croissance-dune-plante-eau-e,Déterminer des besoins essentiels pour la croissance d’une plante (eau et lumière) par une démarche expérimentale,PROVEN_OFFICIAL,SRC-C2-ST-2026 | BO 2026 — annexe 1 — NOR MENE2611650A,0,0,NO_CONTENT
SCIENCES_TECHNOLOGIE,CE1,COMMON,Les êtres vivants dans leur environnement,Nutrition des êtres vivants,ST.CE1.VIV.identifier-le-regime-alimentaire-danimaux,Identifier le régime alimentaire d’animaux,PROVEN_OFFICIAL,SRC-C2-ST-2026 | BO 2026 — annexe 1 — NOR MENE2611650A,0,0,NO_CONTENT
SCIENCES_TECHNOLOGIE,CE1,COMMON,Les êtres vivants dans leur environnement,Observer et décrire son environnement proche,ST.CE1.VIV.categoriser-differentes-relations-entre-les-etres-vivants,Catégoriser différentes relations entre les êtres vivants,PROVEN_OFFICIAL,SRC-C2-ST-2026 | BO 2026 — annexe 1 — NOR MENE2611650A,0,0,NO_CONTENT
SCIENCES_TECHNOLOGIE,CE1,COMMON,Les êtres vivants dans leur environnement,Observer et décrire son environnement proche,ST.CE1.VIV.observer-le-changement-de-peuplement-de-lenvironnement-proche-au-cours,Observer le changement de peuplement de l’environnement proche au cours des saisons,PROVEN_OFFICIAL,SRC-C2-ST-2026 | BO 2026 — annexe 1 — NOR MENE2611650A,0,0,NO_CONTENT
SCIENCES_TECHNOLOGIE,CE1,COMMON,Les êtres vivants dans leur environnement,Observer et décrire son environnement proche,ST.CE1.VIV.relier-la-presence-despeces-avec-les-caracteristiques-de-lenvironnemen,Relier la présence d’espèces avec les caractéristiques de l’environnement,PROVEN_OFFICIAL,SRC-C2-ST-2026 | BO 2026 — annexe 1 — NOR MENE2611650A,0,0,NO_CONTENT
SCIENCES_TECHNOLOGIE,CE1,COMMON,Les êtres vivants dans leur environnement,Sens et perception chez les animaux,ST.CE1.VIV.associer-des-organes-sensoriels-et-la-perception-du-milieu-chez-les-an,"Associer des organes sensoriels et la perception du milieu chez les animaux (vision, audition, odorat, gout, équilibre, toucher)",PROVEN_OFFICIAL,SRC-C2-ST-2026 | BO 2026 — annexe 1 — NOR MENE2611650A,0,0,NO_CONTENT
SCIENCES_TECHNOLOGIE,CE2,COMMON,Le corps humain et la santé,Croissance et mouvement,ST.CE2.CORPS.modeliser-un-mouvement-de-flexion-extension-pour-identifier-le-role-de,Modéliser un mouvement de flexion/extension pour identifier le rôle des muscles et des articulations,PROVEN_OFFICIAL,SRC-C2-ST-2026 | BO 2026 — annexe 1 — NOR MENE2611650A,0,0,NO_CONTENT
SCIENCES_TECHNOLOGIE,CE2,COMMON,Le corps humain et la santé,Croissance et mouvement,ST.CE2.CORPS.observer-les-changements-corporels-pendant-lactivite-physique-en-lien,"Observer les changements corporels pendant l’activité physique, en lien avec l’enseignement physique et sportif",PROVEN_OFFICIAL,SRC-C2-ST-2026 | BO 2026 — annexe 1 — NOR MENE2611650A,0,0,NO_CONTENT
SCIENCES_TECHNOLOGIE,CE2,COMMON,Le corps humain et la santé,Croissance et mouvement,ST.CE2.CORPS.relier-lactivite-physique-avec-la-variation-du-rythme-respiratoire-ins,"Relier l’activité physique avec la variation du rythme respiratoire (inspiration, expiration) et du rythme cardiaque par la mesure du pouls",PROVEN_OFFICIAL,SRC-C2-ST-2026 | BO 2026 — annexe 1 — NOR MENE2611650A,0,0,NO_CONTENT
SCIENCES_TECHNOLOGIE,CE2,COMMON,Le corps humain et la santé,Santé et hygiène de vie,ST.CE2.CORPS.constater-le-lien-entre-la-pratique-physique-reguliere-et-le-bien-etre,Constater le lien entre la pratique physique régulière et le bien-être,PROVEN_OFFICIAL,SRC-C2-ST-2026 | BO 2026 — annexe 1 — NOR MENE2611650A,0,0,NO_CONTENT
SCIENCES_TECHNOLOGIE,CE2,COMMON,Le corps humain et la santé,Santé et hygiène de vie,ST.CE2.CORPS.se-familiariser-avec-quelques-notions-sur-le-fonctionnement-du-cerveau,Se familiariser avec quelques notions sur le fonctionnement du cerveau pour mieux apprendre,PROVEN_OFFICIAL,SRC-C2-ST-2026 | BO 2026 — annexe 1 — NOR MENE2611650A,0,0,NO_CONTENT
SCIENCES_TECHNOLOGIE,CE2,COMMON,"La matière, les mesures, l’électricité","Masse, volumes et mesure du temps",ST.CE2.MAT.comparer-des-volumes-de-liquide-en-utilisant-un-verre-gradue-ou-en-uti,Comparer des volumes de liquide en utilisant un verre gradué ou en utilisant un récipient de contenance connue comme une bouteille d’un litre ou d’un demi-litre,PROVEN_OFFICIAL,SRC-C2-ST-2026 | BO 2026 — annexe 1 — NOR MENE2611650A,0,0,NO_CONTENT
SCIENCES_TECHNOLOGIE,CE2,COMMON,"La matière, les mesures, l’électricité","Masse, volumes et mesure du temps",ST.CE2.MAT.comparer-estimer-mesurer-des-durees,"Comparer, estimer, mesurer des durées",PROVEN_OFFICIAL,SRC-C2-ST-2026 | BO 2026 — annexe 1 — NOR MENE2611650A,0,0,NO_CONTENT
SCIENCES_TECHNOLOGIE,CE2,COMMON,"La matière, les mesures, l’électricité","Masse, volumes et mesure du temps",ST.CE2.MAT.comparer-les-contenances-de-differents-objets,Comparer les contenances de différents objets,PROVEN_OFFICIAL,SRC-C2-ST-2026 | BO 2026 — annexe 1 — NOR MENE2611650A,0,0,NO_CONTENT
SCIENCES_TECHNOLOGIE,CE2,COMMON,"La matière, les mesures, l’électricité","Masse, volumes et mesure du temps",ST.CE2.MAT.convertir-des-unites-de-masse,Convertir des unités de masse,PROVEN_OFFICIAL,SRC-C2-ST-2026 | BO 2026 — annexe 1 — NOR MENE2611650A,0,0,NO_CONTENT
SCIENCES_TECHNOLOGIE,CE2,COMMON,"La matière, les mesures, l’électricité",États physiques de la matière,ST.CE2.MAT.differencier-les-etats-physiques-solide-forme-et-volume-propre-et-liqu,"Différencier les états physiques solide (forme et volume propre) et liquide (volume propre, absence de forme propre et surface horizontale)",PROVEN_OFFICIAL,SRC-C2-ST-2026 | BO 2026 — annexe 1 — NOR MENE2611650A,0,0,NO_CONTENT
SCIENCES_TECHNOLOGIE,CE2,COMMON,Les objets techniques au cœur de la société,Les objets techniques au cœur de la société,ST.CE2.TEC.comprendre-que-pour-un-besoin-identifie-il-existe-une-diversite-dobjet,"Comprendre que, pour un besoin identifié, il existe une diversité d’objets y répondant",PROVEN_OFFICIAL,SRC-C2-ST-2026 | BO 2026 — annexe 1 — NOR MENE2611650A,0,0,NO_CONTENT
SCIENCES_TECHNOLOGIE,CE2,COMMON,Les objets techniques au cœur de la société,Les objets techniques au cœur de la société,ST.CE2.TEC.comprendre-quun-objet-technique-peut-etre-un-assemblage-de-pieces,Comprendre qu’un objet technique peut être un assemblage de pièces,PROVEN_OFFICIAL,SRC-C2-ST-2026 | BO 2026 — annexe 1 — NOR MENE2611650A,0,0,NO_CONTENT
SCIENCES_TECHNOLOGIE,CE2,COMMON,Les objets techniques au cœur de la société,Les objets techniques au cœur de la société,ST.CE2.TEC.identifier-les-differentes-pieces-dun-objet-technique-en-realisant-des,Identifier les différentes pièces d’un objet technique en réalisant des assemblages simples,PROVEN_OFFICIAL,SRC-C2-ST-2026 | BO 2026 — annexe 1 — NOR MENE2611650A,0,0,NO_CONTENT
SCIENCES_TECHNOLOGIE,CE2,COMMON,Les objets techniques au cœur de la société,Les objets techniques au cœur de la société,ST.CE2.TEC.identifier-les-dispositifs-permettant-la-saisie-le-traitement-et-la-re,"Identifier les dispositifs permettant la saisie, le traitement et la restitution d’informations (clavier, processeur, écran, etc.)",PROVEN_OFFICIAL,SRC-C2-ST-2026 | BO 2026 — annexe 1 — NOR MENE2611650A,0,0,NO_CONTENT
SCIENCES_TECHNOLOGIE,CE2,COMMON,Les objets techniques au cœur de la société,Les objets techniques au cœur de la société,ST.CE2.TEC.initier-a-la-programmation-dobjets-techniques-par-des-algorithmes-simp,Initier à la programmation d’objets techniques par des algorithmes simples,PROVEN_OFFICIAL,SRC-C2-ST-2026 | BO 2026 — annexe 1 — NOR MENE2611650A,0,0,NO_CONTENT
SCIENCES_TECHNOLOGIE,CE2,COMMON,Les objets techniques au cœur de la société,Les objets techniques au cœur de la société,ST.CE2.TEC.utiliser-un-moteur-de-recherche,Utiliser un moteur de recherche,PROVEN_OFFICIAL,SRC-C2-ST-2026 | BO 2026 — annexe 1 — NOR MENE2611650A,0,0,NO_CONTENT
SCIENCES_TECHNOLOGIE,CE2,COMMON,Les objets techniques au cœur de la société,Les objets techniques au cœur de la société,ST.CE2.TEC.utiliser-un-ordinateur-ou-tablette-numerique-pour-saisir-un-texte,"Utiliser un ordinateur ou tablette numérique, pour saisir un texte",PROVEN_OFFICIAL,SRC-C2-ST-2026 | BO 2026 — annexe 1 — NOR MENE2611650A,0,0,NO_CONTENT
SCIENCES_TECHNOLOGIE,CE2,COMMON,Les êtres vivants dans leur environnement,Agir pour protéger l’environnement,ST.CE2.VIV.developper-un-rapport-sensible-a-la-nature,Développer un rapport sensible à la nature,PROVEN_OFFICIAL,SRC-C2-ST-2026 | BO 2026 — annexe 1 — NOR MENE2611650A,0,0,NO_CONTENT
SCIENCES_TECHNOLOGIE,CE2,COMMON,Les êtres vivants dans leur environnement,Agir pour protéger l’environnement,ST.CE2.VIV.identifier-les-consequences-positives-et-negatives-de-certaines-activi,Identifier les conséquences positives et négatives de certaines activités humaines sur un environnement,PROVEN_OFFICIAL,SRC-C2-ST-2026 | BO 2026 — annexe 1 — NOR MENE2611650A,0,0,NO_CONTENT
SCIENCES_TECHNOLOGIE,CE2,COMMON,Les êtres vivants dans leur environnement,Agir pour protéger l’environnement,ST.CE2.VIV.prendre-conscience-de-la-necessite-et-des-possibilites-dagir-tant-indi,"Prendre conscience de la nécessité et des possibilités d’agir, tant individuellement que collectivement, pour protéger l’environnement",PROVEN_OFFICIAL,SRC-C2-ST-2026 | BO 2026 — annexe 1 — NOR MENE2611650A,0,0,NO_CONTENT
SCIENCES_TECHNOLOGIE,CE2,COMMON,Les êtres vivants dans leur environnement,Agir pour protéger l’environnement,ST.CE2.VIV.simpliquer-dans-un-projet-collectif-de-preservation-de-lenvironnement,S’impliquer dans un projet collectif de préservation de l’environnement en lien avec la transition écologique,PROVEN_OFFICIAL,SRC-C2-ST-2026 | BO 2026 — annexe 1 — NOR MENE2611650A,0,0,NO_CONTENT
SCIENCES_TECHNOLOGIE,CE2,COMMON,Les êtres vivants dans leur environnement,Locomotion chez les animaux,ST.CE2.VIV.decrire-les-organes-locomoteurs-et-les-associer-a-un-mode-de-locomotio,Décrire les organes locomoteurs et les associer à un mode de locomotion,PROVEN_OFFICIAL,SRC-C2-ST-2026 | BO 2026 — annexe 1 — NOR MENE2611650A,0,0,NO_CONTENT
SCIENCES_TECHNOLOGIE,CE2,COMMON,Les êtres vivants dans leur environnement,Locomotion chez les animaux,ST.CE2.VIV.decrire-les-similitudes-de-forme-entre-les-structures-locomotrices-et,Décrire les similitudes de forme entre les structures locomotrices et les relier au mode de déplacement dans un milieu de vie donné,PROVEN_OFFICIAL,SRC-C2-ST-2026 | BO 2026 — annexe 1 — NOR MENE2611650A,0,0,NO_CONTENT
SCIENCES_TECHNOLOGIE,CE2,COMMON,Les êtres vivants dans leur environnement,Observer et décrire son environnement proche,ST.CE2.VIV.elaborer-une-courte-chaine-alimentaire,Élaborer une courte chaine alimentaire,PROVEN_OFFICIAL,SRC-C2-ST-2026 | BO 2026 — annexe 1 — NOR MENE2611650A,0,0,NO_CONTENT
SCIENCES_TECHNOLOGIE,CE2,COMMON,Les êtres vivants dans leur environnement,Observer et décrire son environnement proche,ST.CE2.VIV.envisager-le-sol-comme-un-milieu-vivant-et-observer-la-diversite-des-e,Envisager le sol comme un milieu vivant et observer la diversité des êtres vivants qui le composent (dont les animaux et les champignons),PROVEN_OFFICIAL,SRC-C2-ST-2026 | BO 2026 — annexe 1 — NOR MENE2611650A,0,0,NO_CONTENT
SCIENCES_TECHNOLOGIE,CE2,COMMON,Les êtres vivants dans leur environnement,Observer et décrire son environnement proche,ST.CE2.VIV.observer-des-environnements-varies-pour-elargir-la-connaissance-des-et,"Observer des environnements variés pour élargir la connaissance des êtres vivants, de leurs interactions et de leurs milieux de vie",PROVEN_OFFICIAL,SRC-C2-ST-2026 | BO 2026 — annexe 1 — NOR MENE2611650A,0,0,NO_CONTENT
SCIENCES_TECHNOLOGIE,CE2,COMMON,Les êtres vivants dans leur environnement,"Reproduction, croissance et développement",ST.CE2.VIV.distinguer-chez-les-animaux-les-formes-juvenile-larvaire-et-adulte-a-p,"Distinguer chez les animaux les formes juvénile, larvaire et adulte, à partir d’exemples. Distinguer les modalités de croissance continue (sans mue) et…",PROVEN_OFFICIAL,SRC-C2-ST-2026 | BO 2026 — annexe 1 — NOR MENE2611650A,0,0,NO_CONTENT
SCIENCES_TECHNOLOGIE,CE2,COMMON,Les êtres vivants dans leur environnement,"Reproduction, croissance et développement",ST.CE2.VIV.mesurer-la-croissance-dun-etre-vivant-plante-ou-animal-au-cours-du-tem,Mesurer la croissance d’un être vivant (plante ou animal) au cours du temps,PROVEN_OFFICIAL,SRC-C2-ST-2026 | BO 2026 — annexe 1 — NOR MENE2611650A,0,0,NO_CONTENT
SCIENCES_TECHNOLOGIE,CE2,COMMON,Les êtres vivants dans leur environnement,"Reproduction, croissance et développement",ST.CE2.VIV.ordonner-les-etapes-de-la-vie-dune-plante-a-fleurs-de-la-graine-a-la-p,"Ordonner les étapes de la vie d’une plante à fleurs : de la graine à la plante, de la fleur au fruit (germination de la graine, croissance, formation de la…",PROVEN_OFFICIAL,SRC-C2-ST-2026 | BO 2026 — annexe 1 — NOR MENE2611650A,0,0,NO_CONTENT
SCIENCES_TECHNOLOGIE,CE2,COMMON,Les êtres vivants dans leur environnement,Unité et diversité du vivant,ST.CE2.VIV.decrire-les-caracteristiques-des-etres-vivants-biologie-ecologie-class,"Décrire les caractéristiques des êtres vivants (biologie, écologie, classification)",PROVEN_OFFICIAL,SRC-C2-ST-2026 | BO 2026 — annexe 1 — NOR MENE2611650A,0,0,NO_CONTENT
SCIENCES_TECHNOLOGIE,CM1,COMMON,Le corps humain et la santé,Le cerveau : introduction à quelques grandes fonctions,ST.CM1.CORPS.comprendre-quelques-mecanismes-perceptifs-et-comment-notre-perception,Comprendre quelques mécanismes perceptifs et comment notre perception du monde peut être différente de sa réalité physique,PROVEN_OFFICIAL,SRC-C3-ST-2026 | BO 2026 — annexe 2 — NOR MENE2611650A,0,0,NO_CONTENT
SCIENCES_TECHNOLOGIE,CM1,COMMON,Le corps humain et la santé,Le cerveau : introduction à quelques grandes fonctions,ST.CM1.CORPS.determiner-des-strategies-pour-focaliser-son-attention-sur-une-tache-i,Déterminer des stratégies pour focaliser son attention sur une tâche identifiée et/ou mémoriser une information (mémoire à court terme et mémoire à long terme),PROVEN_OFFICIAL,SRC-C3-ST-2026 | BO 2026 — annexe 2 — NOR MENE2611650A,0,0,NO_CONTENT
SCIENCES_TECHNOLOGIE,CM1,COMMON,Le corps humain et la santé,Le cerveau : introduction à quelques grandes fonctions,ST.CM1.CORPS.localiser-le-cerveau-et-lidentifier-comme-un-organe-implique-dans-diff,"Localiser le cerveau et l’identifier comme un organe impliqué dans différentes fonctions : perception sensorielle, élaboration de la commande motrice, langage…",PROVEN_OFFICIAL,SRC-C3-ST-2026 | BO 2026 — annexe 2 — NOR MENE2611650A,0,0,NO_CONTENT
SCIENCES_TECHNOLOGIE,CM1,COMMON,Le corps humain et la santé,Puberté et reproduction humaine,ST.CM1.CORPS.comprendre-que-la-puberte-se-produit-a-des-ages-differents-selon-les-i,"Comprendre que la puberté se produit à des âges différents selon les individus, qu’elle n’a pas les mêmes effets et que ces changements sont normaux",PROVEN_OFFICIAL,SRC-C3-ST-2026 | BO 2026 — annexe 2 — NOR MENE2611650A,0,0,NO_CONTENT
SCIENCES_TECHNOLOGIE,CM1,COMMON,Le corps humain et la santé,Puberté et reproduction humaine,ST.CM1.CORPS.decrire-et-identifier-les-changements-morphologiques-du-corps-au-momen,Décrire et identifier les changements morphologiques du corps au moment de la puberté,PROVEN_OFFICIAL,SRC-C3-ST-2026 | BO 2026 — annexe 2 — NOR MENE2611650A,0,0,NO_CONTENT
SCIENCES_TECHNOLOGIE,CM1,COMMON,"La matière, les mouvements et les signaux",Différents types de mouvement,ST.CM1.MAT.mesurer-une-distance-lors-du-deplacement-dun-objet,Mesurer une distance lors du déplacement d’un objet,PROVEN_OFFICIAL,SRC-C3-ST-2026 | BO 2026 — annexe 2 — NOR MENE2611650A,0,0,NO_CONTENT
SCIENCES_TECHNOLOGIE,CM1,COMMON,"La matière, les mouvements et les signaux",Différents types de mouvement,ST.CM1.MAT.mesurer-une-duree-comme-intervalle-entre-deux-instants-lors-du-deplace,"Mesurer une durée, comme intervalle entre deux instants, lors du déplacement d’un objet",PROVEN_OFFICIAL,SRC-C3-ST-2026 | BO 2026 — annexe 2 — NOR MENE2611650A,0,0,NO_CONTENT
SCIENCES_TECHNOLOGIE,CM1,COMMON,"La matière, les mouvements et les signaux",Signaux — Lumière,ST.CM1.MAT.observer-et-classer-des-materiaux-selon-quils-sont-transparents-opaque,"Observer et classer des matériaux selon qu’ils sont transparents, opaques à la lumière ou translucides",PROVEN_OFFICIAL,SRC-C3-ST-2026 | BO 2026 — annexe 2 — NOR MENE2611650A,0,0,NO_CONTENT
SCIENCES_TECHNOLOGIE,CM1,COMMON,"La matière, les mouvements et les signaux",Signaux — Lumière,ST.CM1.MAT.observer-schematiser-et-nommer-les-phases-de-la-lune,"Observer, schématiser et nommer les phases de la Lune",PROVEN_OFFICIAL,SRC-C3-ST-2026 | BO 2026 — annexe 2 — NOR MENE2611650A,0,0,NO_CONTENT
SCIENCES_TECHNOLOGIE,CM1,COMMON,"La matière, les mouvements et les signaux",Signaux — Lumière,ST.CM1.MAT.produire-des-ombres-et-associer-leurs-positions-et-leurs-tailles-a-cel,Produire des ombres et associer leurs positions et leurs tailles à celles de la source lumineuse et de l’objet opaque,PROVEN_OFFICIAL,SRC-C3-ST-2026 | BO 2026 — annexe 2 — NOR MENE2611650A,0,0,NO_CONTENT
SCIENCES_TECHNOLOGIE,CM1,COMMON,"La matière, les mouvements et les signaux",Signaux — Lumière,ST.CM1.MAT.produire-experimentalement-une-ombre-deficit-de-lumiere-associe-a-une,Produire expérimentalement une ombre (déficit de lumière associé à une source) à l’aide d’un objet opaque et distinguer ombre propre et ombre portée (sur le…,PROVEN_OFFICIAL,SRC-C3-ST-2026 | BO 2026 — annexe 2 — NOR MENE2611650A,0,0,NO_CONTENT
SCIENCES_TECHNOLOGIE,CM1,COMMON,"La matière, les mouvements et les signaux",États et constitution de la matière à l’échelle macroscopique — Masse et volume,ST.CM1.MAT.comparer-les-masses-de-differents-objets-a-laide-dun-dispositif-simple,"Comparer les masses de différents objets à l’aide d’un dispositif simple qui peut être conçu par les élèves (poulie et cordelette, balance romaine, à fléau, à…",PROVEN_OFFICIAL,SRC-C3-ST-2026 | BO 2026 — annexe 2 — NOR MENE2611650A,0,0,NO_CONTENT
SCIENCES_TECHNOLOGIE,CM1,COMMON,"La matière, les mouvements et les signaux",États et constitution de la matière à l’échelle macroscopique — Masse et volume,ST.CM1.MAT.mesurer-la-masse-dun-solide-ou-dun-liquide-a-laide-dune-balance-balanc,"Mesurer la masse d’un solide ou d’un liquide à l’aide d’une balance (balance romaine, balance à plateaux, balance électronique) en tarant la balance le cas…",PROVEN_OFFICIAL,SRC-C3-ST-2026 | BO 2026 — annexe 2 — NOR MENE2611650A,0,0,NO_CONTENT
SCIENCES_TECHNOLOGIE,CM1,COMMON,"La matière, les mouvements et les signaux",États et constitution de la matière à l’échelle macroscopique — Mélanges,ST.CM1.MAT.constater-que-certains-solides-peuvent-se-dissoudre-dans-leau,Constater que certains solides peuvent se dissoudre dans l’eau,PROVEN_OFFICIAL,SRC-C3-ST-2026 | BO 2026 — annexe 2 — NOR MENE2611650A,0,0,NO_CONTENT
SCIENCES_TECHNOLOGIE,CM1,COMMON,"La matière, les mouvements et les signaux",États et constitution de la matière à l’échelle macroscopique — Mélanges,ST.CM1.MAT.distinguer-des-melanges-homogenes-et-des-melanges-heterogenes,Distinguer des mélanges homogènes et des mélanges hétérogènes,PROVEN_OFFICIAL,SRC-C3-ST-2026 | BO 2026 — annexe 2 — NOR MENE2611650A,0,0,NO_CONTENT
SCIENCES_TECHNOLOGIE,CM1,COMMON,"La matière, les mouvements et les signaux",États et constitution de la matière à l’échelle macroscopique — Mélanges,ST.CM1.MAT.observer-le-phenomene-de-saturation-lors-du-melange-dun-solide-dans-le,Observer le phénomène de saturation lors du mélange d’un solide dans l’eau et en rendre compte quantitativement,PROVEN_OFFICIAL,SRC-C3-ST-2026 | BO 2026 — annexe 2 — NOR MENE2611650A,0,0,NO_CONTENT
SCIENCES_TECHNOLOGIE,CM1,COMMON,"La matière, les mouvements et les signaux",États et constitution de la matière à l’échelle macroscopique — Mélanges,ST.CM1.MAT.separer-les-constituants-dun-melange-de-solides-ou-dun-melange-solide,"Séparer les constituants d’un mélange de solides ou d’un mélange solide-liquide par tamisage, décantation, filtration",PROVEN_OFFICIAL,SRC-C3-ST-2026 | BO 2026 — annexe 2 — NOR MENE2611650A,0,0,NO_CONTENT
SCIENCES_TECHNOLOGIE,CM1,COMMON,Les objets techniques au cœur de la société,Description du fonctionnement et de la constitution d’objets techniques,ST.CM1.TEC.associer-les-solutions-technologiques-aux-fonctions-techniques,Associer les solutions technologiques aux fonctions techniques,PROVEN_OFFICIAL,SRC-C3-ST-2026 | BO 2026 — annexe 2 — NOR MENE2611650A,0,0,NO_CONTENT
SCIENCES_TECHNOLOGIE,CM1,COMMON,Les objets techniques au cœur de la société,Description du fonctionnement et de la constitution d’objets techniques,ST.CM1.TEC.decrire-a-laide-dun-croquis-le-fonctionnement-dun-objet-technique,Décrire à l’aide d’un croquis le fonctionnement d’un objet technique,PROVEN_OFFICIAL,SRC-C3-ST-2026 | BO 2026 — annexe 2 — NOR MENE2611650A,0,0,NO_CONTENT
SCIENCES_TECHNOLOGIE,CM1,COMMON,Les objets techniques au cœur de la société,Description du fonctionnement et de la constitution d’objets techniques,ST.CM1.TEC.identifier-les-fonctions-assurees-par-les-differents-composants-ou-for,Identifier les fonctions assurées par les différents composants ou formes ou matériaux d’un objet technique,PROVEN_OFFICIAL,SRC-C3-ST-2026 | BO 2026 — annexe 2 — NOR MENE2611650A,0,0,NO_CONTENT
SCIENCES_TECHNOLOGIE,CM1,COMMON,Les objets techniques au cœur de la société,Description du fonctionnement et de la constitution d’objets techniques,ST.CM1.TEC.identifier-les-sous-ensembles-constituant-un-objet-technique,Identifier les sous-ensembles constituant un objet technique,PROVEN_OFFICIAL,SRC-C3-ST-2026 | BO 2026 — annexe 2 — NOR MENE2611650A,0,0,NO_CONTENT
SCIENCES_TECHNOLOGIE,CM1,COMMON,Les objets techniques au cœur de la société,Description du fonctionnement et de la constitution d’objets techniques,ST.CM1.TEC.representer-graphiquement-a-laide-de-croquis-a-main-levee-les-elements,Représenter graphiquement à l’aide de croquis à main levée les éléments d’un objet technique,PROVEN_OFFICIAL,SRC-C3-ST-2026 | BO 2026 — annexe 2 — NOR MENE2611650A,0,0,NO_CONTENT
SCIENCES_TECHNOLOGIE,CM1,COMMON,Les objets techniques au cœur de la société,Les objets techniques en réponse aux besoins des individus et de la société,ST.CM1.TEC.comparer-des-reponses-a-des-besoins-dans-differents-contextes,Comparer des réponses à des besoins dans différents contextes,PROVEN_OFFICIAL,SRC-C3-ST-2026 | BO 2026 — annexe 2 — NOR MENE2611650A,0,0,NO_CONTENT
SCIENCES_TECHNOLOGIE,CM1,COMMON,Les objets techniques au cœur de la société,Les objets techniques en réponse aux besoins des individus et de la société,ST.CM1.TEC.reperer-les-evolutions-dun-objet-dans-differents-contextes-historique,"Repérer les évolutions d’un objet dans différents contextes (historique, géographique, économique, culturel, technologique, dans le cadre du développement…",PROVEN_OFFICIAL,SRC-C3-ST-2026 | BO 2026 — annexe 2 — NOR MENE2611650A,0,0,NO_CONTENT
SCIENCES_TECHNOLOGIE,CM1,COMMON,Les objets techniques au cœur de la société,Programmation d’objets techniques — Algorithmes et programmation,ST.CM1.TEC.traduire-un-programme-simple-en-langage-naturel,Traduire un programme simple en langage naturel,PROVEN_OFFICIAL,SRC-C3-ST-2026 | BO 2026 — annexe 2 — NOR MENE2611650A,0,0,NO_CONTENT
SCIENCES_TECHNOLOGIE,CM1,COMMON,Les objets techniques au cœur de la société,Programmation d’objets techniques — Algorithmes et programmation,ST.CM1.TEC.utiliser-un-programme-pour-agir-sur-le-comportement-dun-objet-techniqu,Utiliser un programme pour agir sur le comportement d’un objet technique,PROVEN_OFFICIAL,SRC-C3-ST-2026 | BO 2026 — annexe 2 — NOR MENE2611650A,0,0,NO_CONTENT
SCIENCES_TECHNOLOGIE,CM1,COMMON,Les êtres vivants dans leur environnement,"La Terre, une planète active — La météorologie",ST.CM1.VIV.caracteriser-a-partir-de-donnees-physiques-les-variations-meteorologiq,"Caractériser à partir de données physiques les variations météorologiques de son espace de vie au cours du temps (journée, semaine, mois, saison)",PROVEN_OFFICIAL,SRC-C3-ST-2026 | BO 2026 — annexe 2 — NOR MENE2611650A,0,0,NO_CONTENT
SCIENCES_TECHNOLOGIE,CM1,COMMON,Les êtres vivants dans leur environnement,"La Terre, une planète active — La météorologie",ST.CM1.VIV.realiser-et-exploiter-des-mesures-meteorologiques-en-utilisant-des-cap,"Réaliser et exploiter des mesures météorologiques en utilisant des capteurs (thermomètre, pluviomètre, anémomètre)",PROVEN_OFFICIAL,SRC-C3-ST-2026 | BO 2026 — annexe 2 — NOR MENE2611650A,0,0,NO_CONTENT
SCIENCES_TECHNOLOGIE,CM1,COMMON,Les êtres vivants dans leur environnement,Les écosystèmes — Place des êtres vivants dans les réseaux alimentaires,ST.CM1.VIV.envisager-les-consequences-dune-action-humaine-sur-un-reseau-alimentai,Envisager les conséquences d’une action humaine sur un réseau alimentaire,PROVEN_OFFICIAL,SRC-C3-ST-2026 | BO 2026 — annexe 2 — NOR MENE2611650A,0,0,NO_CONTENT
SCIENCES_TECHNOLOGIE,CM1,COMMON,Les êtres vivants dans leur environnement,Les écosystèmes — Place des êtres vivants dans les réseaux alimentaires,ST.CM1.VIV.experimenter-pour-identifier-les-besoins-des-vegetaux-et-les-relier-a,Expérimenter pour identifier les besoins des végétaux et les relier à leur capacité à produire de la matière organique,PROVEN_OFFICIAL,SRC-C3-ST-2026 | BO 2026 — annexe 2 — NOR MENE2611650A,0,0,NO_CONTENT
SCIENCES_TECHNOLOGIE,CM1,COMMON,Les êtres vivants dans leur environnement,Les écosystèmes — Place des êtres vivants dans les réseaux alimentaires,ST.CM1.VIV.relier-la-production-de-matiere-par-les-animaux-a-leur-consommation-de,Relier la production de matière par les animaux à leur consommation de nourriture provenant d’autres êtres vivants,PROVEN_OFFICIAL,SRC-C3-ST-2026 | BO 2026 — annexe 2 — NOR MENE2611650A,0,0,NO_CONTENT
SCIENCES_TECHNOLOGIE,CM1,COMMON,Les êtres vivants dans leur environnement,Les écosystèmes — Place des êtres vivants dans les réseaux alimentaires,ST.CM1.VIV.representer-par-un-reseau-les-liens-alimentaires-entre-les-etres-vivan,Représenter par un réseau les liens alimentaires entre les êtres vivants,PROVEN_OFFICIAL,SRC-C3-ST-2026 | BO 2026 — annexe 2 — NOR MENE2611650A,0,0,NO_CONTENT
SCIENCES_TECHNOLOGIE,CM1,COMMON,Les êtres vivants dans leur environnement,Les écosystèmes — Écosystème,ST.CM1.VIV.definir-un-ecosysteme-comme-un-ensemble-detres-vivants-leur-milieu-de,"Définir un écosystème comme un ensemble d’êtres vivants, leur milieu de vie et leurs relations",PROVEN_OFFICIAL,SRC-C3-ST-2026 | BO 2026 — annexe 2 — NOR MENE2611650A,0,0,NO_CONTENT
SCIENCES_TECHNOLOGIE,CM1,COMMON,Les êtres vivants dans leur environnement,"Reproduction, croissance et développement — Cycle de vie",ST.CM1.VIV.decrire-les-etapes-du-developpement-des-animaux-de-la-fecondation-a-la,Décrire les étapes du développement des animaux de la fécondation à la naissance,PROVEN_OFFICIAL,SRC-C3-ST-2026 | BO 2026 — annexe 2 — NOR MENE2611650A,0,0,NO_CONTENT
SCIENCES_TECHNOLOGIE,CM1,COMMON,Les êtres vivants dans leur environnement,"Reproduction, croissance et développement — Cycle de vie",ST.CM1.VIV.mettre-en-relation-le-type-de-fecondation-interne-ou-externe-avec-le-m,Mettre en relation le type de fécondation (interne ou externe) avec le mode de reproduction ovipare et vivipare des animaux,PROVEN_OFFICIAL,SRC-C3-ST-2026 | BO 2026 — annexe 2 — NOR MENE2611650A,0,0,NO_CONTENT
SCIENCES_TECHNOLOGIE,CM1,COMMON,Les êtres vivants dans leur environnement,Unité et diversité du vivant — Biodiversité actuelle et passée,ST.CM1.VIV.identifier-des-especes-en-utilisant-une-cle-de-determination,Identifier des espèces en utilisant une clé de détermination,PROVEN_OFFICIAL,SRC-C3-ST-2026 | BO 2026 — annexe 2 — NOR MENE2611650A,0,0,NO_CONTENT
SCIENCES_TECHNOLOGIE,CM1,COMMON,Les êtres vivants dans leur environnement,Unité et diversité du vivant — Classification du vivant,ST.CM1.VIV.definir-une-espece-comme-un-ensemble-dindividus-interfeconds,Définir une espèce comme un ensemble d’individus interféconds,PROVEN_OFFICIAL,SRC-C3-ST-2026 | BO 2026 — annexe 2 — NOR MENE2611650A,0,0,NO_CONTENT
SCIENCES_TECHNOLOGIE,CM1,COMMON,Les êtres vivants dans leur environnement,Unité et diversité du vivant — Classification du vivant,ST.CM1.VIV.realiser-une-classification-en-groupes-emboites-a-partir-dun-petit-nom,"Réaliser une classification en groupes emboités à partir d’un petit nombre d’espèces possédant des attributs identifiés, puis en déduire les liens de parenté",PROVEN_OFFICIAL,SRC-C3-ST-2026 | BO 2026 — annexe 2 — NOR MENE2611650A,0,0,NO_CONTENT
SCIENCES_TECHNOLOGIE,CM2,COMMON,"Matière, mouvement, énergie, information",Décrire les états et la constitution de la matière à l’échelle macroscopique,ST.CM2.MAT.diversite-de-la-matiere-metaux-mineraux-verres-plastiques-matiere-issu,"Diversité de la matière : métaux, minéraux, verres, plastiques, matière issue du vivant",PROVEN_OFFICIAL,SRC-C3-2020 | BO n°31 du 30 juillet 2020 — annexe 2 — NOR MENE2018714A,0,0,NO_CONTENT
SCIENCES_TECHNOLOGIE,CM2,COMMON,"Matière, mouvement, énergie, information",Décrire les états et la constitution de la matière à l’échelle macroscopique,ST.CM2.MAT.la-matiere-qui-nous-entoure-a-letat-solide-liquide-ou-gazeux-resulte-s,"La matière qui nous entoure (à l’état solide, liquide ou gazeux) résulte souvent de l’association de différents constituants",PROVEN_OFFICIAL,SRC-C3-2020 | BO n°31 du 30 juillet 2020 — annexe 2 — NOR MENE2018714A,0,0,NO_CONTENT
SCIENCES_TECHNOLOGIE,CM2,COMMON,"Matière, mouvement, énergie, information",Décrire les états et la constitution de la matière à l’échelle macroscopique,ST.CM2.MAT.letat-physique-dun-echantillon-de-matiere-depend-de-conditions-externe,"L’état physique d’un échantillon de matière dépend de conditions externes, notamment de sa température",PROVEN_OFFICIAL,SRC-C3-2020 | BO n°31 du 30 juillet 2020 — annexe 2 — NOR MENE2018714A,0,0,NO_CONTENT
SCIENCES_TECHNOLOGIE,CM2,COMMON,"Matière, mouvement, énergie, information",Décrire les états et la constitution de la matière à l’échelle macroscopique,ST.CM2.MAT.quelques-proprietes-de-la-matiere-solide-ou-liquide-approche-qualitati,Quelques propriétés de la matière solide ou liquide (approche qualitative),PROVEN_OFFICIAL,SRC-C3-2020 | BO n°31 du 30 juillet 2020 — annexe 2 — NOR MENE2018714A,0,0,NO_CONTENT
SCIENCES_TECHNOLOGIE,CM2,COMMON,"Matière, mouvement, énergie, information",Identifier différentes ressources en énergie et connaître quelques conversions d’énergie,ST.CM2.MAT.exemples-de-convertisseurs-lampe-eolienne-panneau-solaire,"Exemples de convertisseurs : lampe, éolienne, panneau solaire",PROVEN_OFFICIAL,SRC-C3-2020 | BO n°31 du 30 juillet 2020 — annexe 2 — NOR MENE2018714A,0,0,NO_CONTENT
SCIENCES_TECHNOLOGIE,CM2,COMMON,"Matière, mouvement, énergie, information",Identifier différentes ressources en énergie et connaître quelques conversions d’énergie,ST.CM2.MAT.exemples-de-ressources-en-energie-utilisees-par-les-etres-humains-char,"Exemples de ressources en énergie utilisées par les êtres humains : charbon, pétrole, bois, uranium, aliments, vent, Soleil, mers et rivières…",PROVEN_OFFICIAL,SRC-C3-2020 | BO n°31 du 30 juillet 2020 — annexe 2 — NOR MENE2018714A,0,0,NO_CONTENT
SCIENCES_TECHNOLOGIE,CM2,COMMON,"Matière, mouvement, énergie, information",Identifier différentes ressources en énergie et connaître quelques conversions d’énergie,ST.CM2.MAT.ressources-renouvelables-et-non-renouvelables,Ressources renouvelables et non renouvelables,PROVEN_OFFICIAL,SRC-C3-2020 | BO n°31 du 30 juillet 2020 — annexe 2 — NOR MENE2018714A,0,0,NO_CONTENT
SCIENCES_TECHNOLOGIE,CM2,COMMON,"Matière, mouvement, énergie, information",Identifier un signal et une information,ST.CM2.MAT.distinction-entre-signal-et-information-dans-une-application-simple-de,"Distinction entre signal et information, dans une application simple de la vie courante",PROVEN_OFFICIAL,SRC-C3-2020 | BO n°31 du 30 juillet 2020 — annexe 2 — NOR MENE2018714A,0,0,NO_CONTENT
SCIENCES_TECHNOLOGIE,CM2,COMMON,"Matière, mouvement, énergie, information",Identifier un signal et une information,ST.CM2.MAT.transmission-dune-information-par-un-signal,Transmission d’une information par un signal,PROVEN_OFFICIAL,SRC-C3-2020 | BO n°31 du 30 juillet 2020 — annexe 2 — NOR MENE2018714A,0,0,NO_CONTENT
SCIENCES_TECHNOLOGIE,CM2,COMMON,"Matière, mouvement, énergie, information",Observer et décrire différents types de mouvements,ST.CM2.MAT.exemples-de-mouvements-simples-rectiligne-circulaire,"Exemples de mouvements simples : rectiligne, circulaire",PROVEN_OFFICIAL,SRC-C3-2020 | BO n°31 du 30 juillet 2020 — annexe 2 — NOR MENE2018714A,0,0,NO_CONTENT
SCIENCES_TECHNOLOGIE,CM2,COMMON,"Matière, mouvement, énergie, information",Observer et décrire différents types de mouvements,ST.CM2.MAT.mouvement-dun-objet-trajectoire-et-vitesse-unites-et-ordres-de-grandeu,Mouvement d’un objet (trajectoire et vitesse : unités et ordres de grandeur),PROVEN_OFFICIAL,SRC-C3-2020 | BO n°31 du 30 juillet 2020 — annexe 2 — NOR MENE2018714A,0,0,NO_CONTENT
SCIENCES_TECHNOLOGIE,CM2,COMMON,Matériaux et objets techniques,"Décrire le fonctionnement d’objets techniques, leurs fonctions et leurs constitutions",ST.CM2.TEC.besoin-fonction-d-usage-et-d-estime,"Besoin, fonction d'usage et d'estime",PROVEN_OFFICIAL,SRC-C3-2020 | BO n°31 du 30 juillet 2020 — annexe 2 — NOR MENE2018714A,0,0,NO_CONTENT
SCIENCES_TECHNOLOGIE,CM2,COMMON,Matériaux et objets techniques,"Décrire le fonctionnement d’objets techniques, leurs fonctions et leurs constitutions",ST.CM2.TEC.comparaison-de-solutions-techniques-constitutions-fonctions-organes,"Comparaison de solutions techniques : constitutions, fonctions, organes",PROVEN_OFFICIAL,SRC-C3-2020 | BO n°31 du 30 juillet 2020 — annexe 2 — NOR MENE2018714A,0,0,NO_CONTENT
SCIENCES_TECHNOLOGIE,CM2,COMMON,Matériaux et objets techniques,"Décrire le fonctionnement d’objets techniques, leurs fonctions et leurs constitutions",ST.CM2.TEC.fonction-technique-solutions-techniques,"Fonction technique, solutions techniques",PROVEN_OFFICIAL,SRC-C3-2020 | BO n°31 du 30 juillet 2020 — annexe 2 — NOR MENE2018714A,0,0,NO_CONTENT
SCIENCES_TECHNOLOGIE,CM2,COMMON,Matériaux et objets techniques,"Décrire le fonctionnement d’objets techniques, leurs fonctions et leurs constitutions",ST.CM2.TEC.representation-du-fonctionnement-dun-objet-technique,Représentation du fonctionnement d’un objet technique,PROVEN_OFFICIAL,SRC-C3-2020 | BO n°31 du 30 juillet 2020 — annexe 2 — NOR MENE2018714A,0,0,NO_CONTENT
SCIENCES_TECHNOLOGIE,CM2,COMMON,Matériaux et objets techniques,Identifier les principales familles de matériaux,ST.CM2.TEC.caracteristiques-et-proprietes-aptitude-au-faconnage-valorisation,"Caractéristiques et propriétés (aptitude au façonnage, valorisation)",PROVEN_OFFICIAL,SRC-C3-2020 | BO n°31 du 30 juillet 2020 — annexe 2 — NOR MENE2018714A,0,0,NO_CONTENT
SCIENCES_TECHNOLOGIE,CM2,COMMON,La planète Terre. Les êtres vivants dans leur environnement,Situer la Terre dans le système solaire et caractériser les conditions de la vie terrestre,ST.CM2.TER.les-mouvements-de-la-terre-sur-elle-meme-et-autour-du-soleil,Les mouvements de la Terre sur elle-même et autour du Soleil,PROVEN_OFFICIAL,SRC-C3-2020 | BO n°31 du 30 juillet 2020 — annexe 2 — NOR MENE2018714A,0,0,NO_CONTENT
SCIENCES_TECHNOLOGIE,CM2,COMMON,La planète Terre. Les êtres vivants dans leur environnement,Situer la Terre dans le système solaire et caractériser les conditions de la vie terrestre,ST.CM2.TER.paysages-geologie-locale-interactions-avec-lenvironnement-et-le-peuple,"Paysages, géologie locale, interactions avec l’environnement et le peuplement",PROVEN_OFFICIAL,SRC-C3-2020 | BO n°31 du 30 juillet 2020 — annexe 2 — NOR MENE2018714A,0,0,NO_CONTENT
SCIENCES_TECHNOLOGIE,CM2,COMMON,La planète Terre. Les êtres vivants dans leur environnement,Situer la Terre dans le système solaire et caractériser les conditions de la vie terrestre,ST.CM2.TER.phenomenes-geologiques-traduisant-activite-interne-de-la-terre-volcani,"Phénomènes géologiques traduisant activité interne de la Terre (volcanisme, tremblements de terre, etc.)",PROVEN_OFFICIAL,SRC-C3-2020 | BO n°31 du 30 juillet 2020 — annexe 2 — NOR MENE2018714A,0,0,NO_CONTENT
SCIENCES_TECHNOLOGIE,CM2,COMMON,"Le vivant, sa diversité et les fonctions qui le caractérisent","Classer les organismes, exploiter les liens de parenté pour comprendre et expliquer l’évolution des organismes",ST.CM2.VIV.caractere-commun-heredite-et-relation-de-parente,"Caractère commun, hérédité et relation de parenté",PROVEN_OFFICIAL,SRC-C3-2020 | BO n°31 du 30 juillet 2020 — annexe 2 — NOR MENE2018714A,0,0,NO_CONTENT
SCIENCES_TECHNOLOGIE,CM2,COMMON,"Le vivant, sa diversité et les fonctions qui le caractérisent",Expliquer les besoins variables en aliments de l’être humain ; l’origine et les techniques mises en œuvre pour transformer et conserver les aliments,ST.CM2.VIV.apports-alimentaires-qualite-et-quantite,Apports alimentaires : qualité et quantité,PROVEN_OFFICIAL,SRC-C3-2020 | BO n°31 du 30 juillet 2020 — annexe 2 — NOR MENE2018714A,0,0,NO_CONTENT
SCIENCES_TECHNOLOGIE,CM2,COMMON,"Le vivant, sa diversité et les fonctions qui le caractérisent",Expliquer les besoins variables en aliments de l’être humain ; l’origine et les techniques mises en œuvre pour transformer et conserver les aliments,ST.CM2.VIV.apports-discontinus-de-nourriture-a-lechelle-de-lorganisme-repas-et-ap,Apports discontinus de nourriture à l’échelle de l’organisme (repas) et apports continus de nutriments à l’échelle des organes,PROVEN_OFFICIAL,SRC-C3-2020 | BO n°31 du 30 juillet 2020 — annexe 2 — NOR MENE2018714A,0,0,NO_CONTENT
SCIENCES_TECHNOLOGIE,CM2,COMMON,"Le vivant, sa diversité et les fonctions qui le caractérisent",Expliquer les besoins variables en aliments de l’être humain ; l’origine et les techniques mises en œuvre pour transformer et conserver les aliments,ST.CM2.VIV.organes-de-stockage,Organes de stockage,PROVEN_OFFICIAL,SRC-C3-2020 | BO n°31 du 30 juillet 2020 — annexe 2 — NOR MENE2018714A,0,0,NO_CONTENT
SCIENCES_TECHNOLOGIE,CM2,COMMON,"Le vivant, sa diversité et les fonctions qui le caractérisent",Expliquer les besoins variables en aliments de l’être humain ; l’origine et les techniques mises en œuvre pour transformer et conserver les aliments,ST.CM2.VIV.origine-des-aliments-consommes-un-exemple-delevage-un-exemple-de-cultu,"Origine des aliments consommés : un exemple d’élevage, un exemple de culture",PROVEN_OFFICIAL,SRC-C3-2020 | BO n°31 du 30 juillet 2020 — annexe 2 — NOR MENE2018714A,0,0,NO_CONTENT
SCIENCES_TECHNOLOGIE,6E,COMMON,"Matière, mouvement, énergie, information",Décrire les états et la constitution de la matière à l’échelle macroscopique,ST.6E.MAT.la-matiere-a-grande-echelle-terre-planetes-univers,"La matière à grande échelle : Terre, planètes, Univers",PROVEN_OFFICIAL,SRC-C3-2020 | BO n°31 du 30 juillet 2020 — annexe 2 — NOR MENE2018714A,0,0,NO_CONTENT
SCIENCES_TECHNOLOGIE,6E,COMMON,"Matière, mouvement, énergie, information",Décrire les états et la constitution de la matière à l’échelle macroscopique,ST.6E.MAT.realiser-des-melanges-peut-provoquer-des-transformations-de-la-matiere,"Réaliser des mélanges peut provoquer des transformations de la matière (dissolution, réaction)",PROVEN_OFFICIAL,SRC-C3-2020 | BO n°31 du 30 juillet 2020 — annexe 2 — NOR MENE2018714A,0,0,NO_CONTENT
SCIENCES_TECHNOLOGIE,6E,COMMON,"Matière, mouvement, énergie, information",Décrire les états et la constitution de la matière à l’échelle macroscopique,ST.6E.MAT.tout-objet-materiel-possede-une-masse-qui-lui-est-propre-et-qui-peut-e,Tout objet matériel possède une masse qui lui est propre et qui peut être mesurée,PROVEN_OFFICIAL,SRC-C3-2020 | BO n°31 du 30 juillet 2020 — annexe 2 — NOR MENE2018714A,0,0,NO_CONTENT
SCIENCES_TECHNOLOGIE,6E,COMMON,"Matière, mouvement, énergie, information",Identifier différentes ressources en énergie et connaître quelques conversions d’énergie,ST.6E.MAT.exemples-de-dispositifs-de-stockage-pile-barrage,"Exemples de dispositifs de stockage : pile, barrage",PROVEN_OFFICIAL,SRC-C3-2020 | BO n°31 du 30 juillet 2020 — annexe 2 — NOR MENE2018714A,0,0,NO_CONTENT
SCIENCES_TECHNOLOGIE,6E,COMMON,"Matière, mouvement, énergie, information",Identifier différentes ressources en énergie et connaître quelques conversions d’énergie,ST.6E.MAT.lenergie-existe-sous-differentes-formes-energie-associee-a-un-objet-en,"L’énergie existe sous différentes formes (énergie associée à un objet en mouvement, énergie thermique, électrique, lumineuse…)",PROVEN_OFFICIAL,SRC-C3-2020 | BO n°31 du 30 juillet 2020 — annexe 2 — NOR MENE2018714A,0,0,NO_CONTENT
SCIENCES_TECHNOLOGIE,6E,COMMON,"Matière, mouvement, énergie, information",Identifier différentes ressources en énergie et connaître quelques conversions d’énergie,ST.6E.MAT.quelques-dispositifs-visant-a-optimiser-la-consommation-denergie,Quelques dispositifs visant à optimiser la consommation d’énergie,PROVEN_OFFICIAL,SRC-C3-2020 | BO n°31 du 30 juillet 2020 — annexe 2 — NOR MENE2018714A,0,0,NO_CONTENT
SCIENCES_TECHNOLOGIE,6E,COMMON,"Matière, mouvement, énergie, information","Matière, mouvement, énergie, information",ST.6E.MAT.decrire-les-etats-et-la-constitution-de-la-matiere-a-lechelle-macrosco,Décrire les états et la constitution de la matière à l’échelle macroscopique,PROVEN_OFFICIAL,SRC-C3-2020 | BO n°31 du 30 juillet 2020 — annexe 2 — NOR MENE2018714A,0,0,NO_CONTENT
SCIENCES_TECHNOLOGIE,6E,COMMON,"Matière, mouvement, énergie, information","Matière, mouvement, énergie, information",ST.6E.MAT.identifier-differentes-ressources-en-energie-et-connaitre-quelques-con,Identifier différentes ressources en énergie et connaître quelques conversions d’énergie,PROVEN_OFFICIAL,SRC-C3-2020 | BO n°31 du 30 juillet 2020 — annexe 2 — NOR MENE2018714A,0,0,NO_CONTENT
SCIENCES_TECHNOLOGIE,6E,COMMON,"Matière, mouvement, énergie, information","Matière, mouvement, énergie, information",ST.6E.MAT.identifier-un-signal-et-une-information,Identifier un signal et une information,PROVEN_OFFICIAL,SRC-C3-2020 | BO n°31 du 30 juillet 2020 — annexe 2 — NOR MENE2018714A,0,0,NO_CONTENT
SCIENCES_TECHNOLOGIE,6E,COMMON,"Matière, mouvement, énergie, information","Matière, mouvement, énergie, information",ST.6E.MAT.observer-et-decrire-differents-types-de-mouvements,Observer et décrire différents types de mouvements,PROVEN_OFFICIAL,SRC-C3-2020 | BO n°31 du 30 juillet 2020 — annexe 2 — NOR MENE2018714A,0,0,NO_CONTENT
SCIENCES_TECHNOLOGIE,6E,COMMON,"Matière, mouvement, énergie, information",Observer et décrire différents types de mouvements,ST.6E.MAT.mouvements-dont-la-valeur-de-la-vitesse-est-constante-ou-variable-acce,"Mouvements dont la valeur de la vitesse est constante ou variable (accélération, décélération) dans un mouvement rectiligne",PROVEN_OFFICIAL,SRC-C3-2020 | BO n°31 du 30 juillet 2020 — annexe 2 — NOR MENE2018714A,0,0,NO_CONTENT
SCIENCES_TECHNOLOGIE,6E,COMMON,Matériaux et objets techniques,Concevoir et produire tout ou partie d’un objet technique en équipe pour traduire une solution technologique répondant à un besoin,ST.6E.TEC.choix-de-materiaux,Choix de matériaux,PROVEN_OFFICIAL,SRC-C3-2020 | BO n°31 du 30 juillet 2020 — annexe 2 — NOR MENE2018714A,0,0,NO_CONTENT
SCIENCES_TECHNOLOGIE,6E,COMMON,Matériaux et objets techniques,Concevoir et produire tout ou partie d’un objet technique en équipe pour traduire une solution technologique répondant à un besoin,ST.6E.TEC.maquette-prototype,"Maquette, prototype",PROVEN_OFFICIAL,SRC-C3-2020 | BO n°31 du 30 juillet 2020 — annexe 2 — NOR MENE2018714A,0,0,NO_CONTENT
SCIENCES_TECHNOLOGIE,6E,COMMON,Matériaux et objets techniques,Concevoir et produire tout ou partie d’un objet technique en équipe pour traduire une solution technologique répondant à un besoin,ST.6E.TEC.modelisation-du-reel-maquette-modeles-geometrique-et-numerique-represe,"Modélisation du réel (maquette, modèles géométrique et numérique), représentation en conception assistée par ordinateur",PROVEN_OFFICIAL,SRC-C3-2020 | BO n°31 du 30 juillet 2020 — annexe 2 — NOR MENE2018714A,0,0,NO_CONTENT
SCIENCES_TECHNOLOGIE,6E,COMMON,Matériaux et objets techniques,Concevoir et produire tout ou partie d’un objet technique en équipe pour traduire une solution technologique répondant à un besoin,ST.6E.TEC.notion-de-contrainte,Notion de contrainte,PROVEN_OFFICIAL,SRC-C3-2020 | BO n°31 du 30 juillet 2020 — annexe 2 — NOR MENE2018714A,0,0,NO_CONTENT
SCIENCES_TECHNOLOGIE,6E,COMMON,Matériaux et objets techniques,Concevoir et produire tout ou partie d’un objet technique en équipe pour traduire une solution technologique répondant à un besoin,ST.6E.TEC.processus-planning-protocoles-procedes-de-realisation-outils-machines,"Processus, planning, protocoles, procédés de réalisation (outils, machines)",PROVEN_OFFICIAL,SRC-C3-2020 | BO n°31 du 30 juillet 2020 — annexe 2 — NOR MENE2018714A,0,0,NO_CONTENT
SCIENCES_TECHNOLOGIE,6E,COMMON,Matériaux et objets techniques,Concevoir et produire tout ou partie d’un objet technique en équipe pour traduire une solution technologique répondant à un besoin,ST.6E.TEC.recherche-didees-schemas-croquis-etc,"Recherche d’idées (schémas, croquis, etc.)",PROVEN_OFFICIAL,SRC-C3-2020 | BO n°31 du 30 juillet 2020 — annexe 2 — NOR MENE2018714A,0,0,NO_CONTENT
SCIENCES_TECHNOLOGIE,6E,COMMON,Matériaux et objets techniques,Concevoir et produire tout ou partie d’un objet technique en équipe pour traduire une solution technologique répondant à un besoin,ST.6E.TEC.verification-et-controles-dimensions-fonctionnement,"Vérification et contrôles (dimensions, fonctionnement)",PROVEN_OFFICIAL,SRC-C3-2020 | BO n°31 du 30 juillet 2020 — annexe 2 — NOR MENE2018714A,0,0,NO_CONTENT
SCIENCES_TECHNOLOGIE,6E,COMMON,Matériaux et objets techniques,Identifier les principales familles de matériaux,ST.6E.TEC.familles-de-materiaux-distinction-des-materiaux-selon-les-relations-en,"Familles de matériaux (distinction des matériaux selon les relations entre formes, fonctions et procédés)",PROVEN_OFFICIAL,SRC-C3-2020 | BO n°31 du 30 juillet 2020 — annexe 2 — NOR MENE2018714A,0,0,NO_CONTENT
SCIENCES_TECHNOLOGIE,6E,COMMON,Matériaux et objets techniques,Identifier les principales familles de matériaux,ST.6E.TEC.impact-environnemental,Impact environnemental,PROVEN_OFFICIAL,SRC-C3-2020 | BO n°31 du 30 juillet 2020 — annexe 2 — NOR MENE2018714A,0,0,NO_CONTENT
SCIENCES_TECHNOLOGIE,6E,COMMON,Matériaux et objets techniques,Identifier les principales évolutions du besoin et des objets,ST.6E.TEC.levolution-des-besoins,L’évolution des besoins,PROVEN_OFFICIAL,SRC-C3-2020 | BO n°31 du 30 juillet 2020 — annexe 2 — NOR MENE2018714A,0,0,NO_CONTENT
SCIENCES_TECHNOLOGIE,6E,COMMON,Matériaux et objets techniques,Identifier les principales évolutions du besoin et des objets,ST.6E.TEC.levolution-technologique-innovation-invention-principe-technique,"L’évolution technologique (innovation, invention, principe technique)",PROVEN_OFFICIAL,SRC-C3-2020 | BO n°31 du 30 juillet 2020 — annexe 2 — NOR MENE2018714A,0,0,NO_CONTENT
SCIENCES_TECHNOLOGIE,6E,COMMON,Matériaux et objets techniques,Matériaux et objets techniques,ST.6E.TEC.concevoir-et-produire-tout-ou-partie-dun-objet-technique-en-equipe-pou,Concevoir et produire tout ou partie d’un objet technique en équipe pour traduire une solution technologique répondant à un besoin,PROVEN_OFFICIAL,SRC-C3-2020 | BO n°31 du 30 juillet 2020 — annexe 2 — NOR MENE2018714A,0,0,NO_CONTENT
SCIENCES_TECHNOLOGIE,6E,COMMON,Matériaux et objets techniques,Matériaux et objets techniques,ST.6E.TEC.decrire-le-fonctionnement-dobjets-techniques-leurs-fonctions-et-leurs,"Décrire le fonctionnement d’objets techniques, leurs fonctions et leurs constitutions",PROVEN_OFFICIAL,SRC-C3-2020 | BO n°31 du 30 juillet 2020 — annexe 2 — NOR MENE2018714A,0,0,NO_CONTENT
SCIENCES_TECHNOLOGIE,6E,COMMON,Matériaux et objets techniques,Matériaux et objets techniques,ST.6E.TEC.identifier-les-principales-evolutions-du-besoin-et-des-objets,Identifier les principales évolutions du besoin et des objets,PROVEN_OFFICIAL,SRC-C3-2020 | BO n°31 du 30 juillet 2020 — annexe 2 — NOR MENE2018714A,0,0,NO_CONTENT
SCIENCES_TECHNOLOGIE,6E,COMMON,Matériaux et objets techniques,Matériaux et objets techniques,ST.6E.TEC.identifier-les-principales-familles-de-materiaux,Identifier les principales familles de matériaux,PROVEN_OFFICIAL,SRC-C3-2020 | BO n°31 du 30 juillet 2020 — annexe 2 — NOR MENE2018714A,0,0,NO_CONTENT
SCIENCES_TECHNOLOGIE,6E,COMMON,Matériaux et objets techniques,Matériaux et objets techniques,ST.6E.TEC.reperer-et-comprendre-la-communication-et-la-gestion-de-l-information,Repérer et comprendre la communication et la gestion de l'information,PROVEN_OFFICIAL,SRC-C3-2020 | BO n°31 du 30 juillet 2020 — annexe 2 — NOR MENE2018714A,0,0,NO_CONTENT
SCIENCES_TECHNOLOGIE,6E,COMMON,Matériaux et objets techniques,Repérer et comprendre la communication et la gestion de l'information,ST.6E.TEC.environnement-numerique-de-travail,Environnement numérique de travail,PROVEN_OFFICIAL,SRC-C3-2020 | BO n°31 du 30 juillet 2020 — annexe 2 — NOR MENE2018714A,0,0,NO_CONTENT
SCIENCES_TECHNOLOGIE,6E,COMMON,Matériaux et objets techniques,Repérer et comprendre la communication et la gestion de l'information,ST.6E.TEC.le-stockage-des-donnees-notions-dalgorithmes-les-objets-programmables,"Le stockage des données, notions d’algorithmes, les objets programmables",PROVEN_OFFICIAL,SRC-C3-2020 | BO n°31 du 30 juillet 2020 — annexe 2 — NOR MENE2018714A,0,0,NO_CONTENT
SCIENCES_TECHNOLOGIE,6E,COMMON,Matériaux et objets techniques,Repérer et comprendre la communication et la gestion de l'information,ST.6E.TEC.usage-de-logiciels-usuels,Usage de logiciels usuels,PROVEN_OFFICIAL,SRC-C3-2020 | BO n°31 du 30 juillet 2020 — annexe 2 — NOR MENE2018714A,0,0,NO_CONTENT
SCIENCES_TECHNOLOGIE,6E,COMMON,Matériaux et objets techniques,Repérer et comprendre la communication et la gestion de l'information,ST.6E.TEC.usage-des-moyens-numeriques-dans-un-reseau,Usage des moyens numériques dans un réseau,PROVEN_OFFICIAL,SRC-C3-2020 | BO n°31 du 30 juillet 2020 — annexe 2 — NOR MENE2018714A,0,0,NO_CONTENT
SCIENCES_TECHNOLOGIE,6E,COMMON,La planète Terre. Les êtres vivants dans leur environnement,Identifier des enjeux liés à l’environnement,ST.6E.TER.amenagements-de-lespace-par-les-humains-et-contraintes-naturelles-impa,Aménagements de l’espace par les humains et contraintes naturelles ; impacts technologiques positifs et négatifs sur l’environnement,PROVEN_OFFICIAL,SRC-C3-2020 | BO n°31 du 30 juillet 2020 — annexe 2 — NOR MENE2018714A,0,0,NO_CONTENT
SCIENCES_TECHNOLOGIE,6E,COMMON,La planète Terre. Les êtres vivants dans leur environnement,Identifier des enjeux liés à l’environnement,ST.6E.TER.consequences-de-la-modification-dun-facteur-physique-ou-biologique-sur,Conséquences de la modification d’un facteur physique ou biologique sur l’écosystème,PROVEN_OFFICIAL,SRC-C3-2020 | BO n°31 du 30 juillet 2020 — annexe 2 — NOR MENE2018714A,0,0,NO_CONTENT
SCIENCES_TECHNOLOGIE,6E,COMMON,La planète Terre. Les êtres vivants dans leur environnement,Identifier des enjeux liés à l’environnement,ST.6E.TER.exploitation-raisonnee-et-utilisation-des-ressources-eau-petrole-charb,"Exploitation raisonnée et utilisation des ressources (eau, pétrole, charbon, minerais, biodiversité, sols, bois, roches à des fins de construction, etc.)",PROVEN_OFFICIAL,SRC-C3-2020 | BO n°31 du 30 juillet 2020 — annexe 2 — NOR MENE2018714A,0,0,NO_CONTENT
SCIENCES_TECHNOLOGIE,6E,COMMON,La planète Terre. Les êtres vivants dans leur environnement,Identifier des enjeux liés à l’environnement,ST.6E.TER.interactions-des-organismes-vivants-entre-eux-et-avec-leur-environneme,Interactions des organismes vivants entre eux et avec leur environnement,PROVEN_OFFICIAL,SRC-C3-2020 | BO n°31 du 30 juillet 2020 — annexe 2 — NOR MENE2018714A,0,0,NO_CONTENT
SCIENCES_TECHNOLOGIE,6E,COMMON,La planète Terre. Les êtres vivants dans leur environnement,Identifier des enjeux liés à l’environnement,ST.6E.TER.la-biodiversite-un-reseau-dynamique,"La biodiversité, un réseau dynamique",PROVEN_OFFICIAL,SRC-C3-2020 | BO n°31 du 30 juillet 2020 — annexe 2 — NOR MENE2018714A,0,0,NO_CONTENT
SCIENCES_TECHNOLOGIE,6E,COMMON,La planète Terre. Les êtres vivants dans leur environnement,Identifier des enjeux liés à l’environnement,ST.6E.TER.modification-du-peuplement-en-fonction-des-conditions-physico-chimique,Modification du peuplement en fonction des conditions physico-chimiques du milieu et des saisons,PROVEN_OFFICIAL,SRC-C3-2020 | BO n°31 du 30 juillet 2020 — annexe 2 — NOR MENE2018714A,0,0,NO_CONTENT
SCIENCES_TECHNOLOGIE,6E,COMMON,La planète Terre. Les êtres vivants dans leur environnement,Identifier des enjeux liés à l’environnement,ST.6E.TER.notion-decosysteme,Notion d’écosystème,PROVEN_OFFICIAL,SRC-C3-2020 | BO n°31 du 30 juillet 2020 — annexe 2 — NOR MENE2018714A,0,0,NO_CONTENT
SCIENCES_TECHNOLOGIE,6E,COMMON,La planète Terre. Les êtres vivants dans leur environnement,La planète Terre. Les êtres vivants dans leur environnement,ST.6E.TER.identifier-des-enjeux-lies-a-lenvironnement,Identifier des enjeux liés à l’environnement,PROVEN_OFFICIAL,SRC-C3-2020 | BO n°31 du 30 juillet 2020 — annexe 2 — NOR MENE2018714A,0,0,NO_CONTENT
SCIENCES_TECHNOLOGIE,6E,COMMON,La planète Terre. Les êtres vivants dans leur environnement,La planète Terre. Les êtres vivants dans leur environnement,ST.6E.TER.situer-la-terre-dans-le-systeme-solaire-et-caracteriser-les-conditions,Situer la Terre dans le système solaire et caractériser les conditions de la vie terrestre,PROVEN_OFFICIAL,SRC-C3-2020 | BO n°31 du 30 juillet 2020 — annexe 2 — NOR MENE2018714A,0,0,NO_CONTENT
SCIENCES_TECHNOLOGIE,6E,COMMON,La planète Terre. Les êtres vivants dans leur environnement,Situer la Terre dans le système solaire et caractériser les conditions de la vie terrestre,ST.6E.TER.histoire-de-la-terre-et-developpement-de-la-vie,Histoire de la Terre et développement de la vie,PROVEN_OFFICIAL,SRC-C3-2020 | BO n°31 du 30 juillet 2020 — annexe 2 — NOR MENE2018714A,0,0,NO_CONTENT
SCIENCES_TECHNOLOGIE,6E,COMMON,La planète Terre. Les êtres vivants dans leur environnement,Situer la Terre dans le système solaire et caractériser les conditions de la vie terrestre,ST.6E.TER.le-soleil-les-planetes,"Le Soleil, les planètes",PROVEN_OFFICIAL,SRC-C3-2020 | BO n°31 du 30 juillet 2020 — annexe 2 — NOR MENE2018714A,0,0,NO_CONTENT
SCIENCES_TECHNOLOGIE,6E,COMMON,La planète Terre. Les êtres vivants dans leur environnement,Situer la Terre dans le système solaire et caractériser les conditions de la vie terrestre,ST.6E.TER.phenomenes-traduisant-lactivite-externe-de-la-terre-phenomenes-meteoro,"Phénomènes traduisant l’activité externe de la Terre : phénomènes météorologiques et climatiques ; événements extrêmes (tempêtes, cyclones, inondations et…",PROVEN_OFFICIAL,SRC-C3-2020 | BO n°31 du 30 juillet 2020 — annexe 2 — NOR MENE2018714A,0,0,NO_CONTENT
SCIENCES_TECHNOLOGIE,6E,COMMON,La planète Terre. Les êtres vivants dans leur environnement,Situer la Terre dans le système solaire et caractériser les conditions de la vie terrestre,ST.6E.TER.position-de-la-terre-dans-le-systeme-solaire,Position de la Terre dans le système solaire,PROVEN_OFFICIAL,SRC-C3-2020 | BO n°31 du 30 juillet 2020 — annexe 2 — NOR MENE2018714A,0,0,NO_CONTENT
SCIENCES_TECHNOLOGIE,6E,COMMON,La planète Terre. Les êtres vivants dans leur environnement,Situer la Terre dans le système solaire et caractériser les conditions de la vie terrestre,ST.6E.TER.representations-geometriques-de-lespace-et-des-astres-cercle-sphere,"Représentations géométriques de l’espace et des astres (cercle, sphère)",PROVEN_OFFICIAL,SRC-C3-2020 | BO n°31 du 30 juillet 2020 — annexe 2 — NOR MENE2018714A,0,0,NO_CONTENT
SCIENCES_TECHNOLOGIE,6E,COMMON,"Le vivant, sa diversité et les fonctions qui le caractérisent","Classer les organismes, exploiter les liens de parenté pour comprendre et expliquer l’évolution des organismes",ST.6E.VIV.apprehender-les-differentes-echelles-de-temps-lechelle-des-temps-geolo,Appréhender les différentes échelles de temps : l’échelle des temps géologiques (notion de temps long) et celle de l’histoire de l’être humain récemment apparu…,PROVEN_OFFICIAL,SRC-C3-2020 | BO n°31 du 30 juillet 2020 — annexe 2 — NOR MENE2018714A,0,0,NO_CONTENT
SCIENCES_TECHNOLOGIE,6E,COMMON,"Le vivant, sa diversité et les fonctions qui le caractérisent","Classer les organismes, exploiter les liens de parenté pour comprendre et expliquer l’évolution des organismes",ST.6E.VIV.biodiversite-diversites-actuelle-et-passee-des-especes,Biodiversité : diversités actuelle et passée des espèces,PROVEN_OFFICIAL,SRC-C3-2020 | BO n°31 du 30 juillet 2020 — annexe 2 — NOR MENE2018714A,0,0,NO_CONTENT
SCIENCES_TECHNOLOGIE,6E,COMMON,"Le vivant, sa diversité et les fonctions qui le caractérisent","Classer les organismes, exploiter les liens de parenté pour comprendre et expliquer l’évolution des organismes",ST.6E.VIV.evolution-a-lechelle-des-especes-ou-des-populations,Évolution à l’échelle des espèces ou des populations,PROVEN_OFFICIAL,SRC-C3-2020 | BO n°31 du 30 juillet 2020 — annexe 2 — NOR MENE2018714A,0,0,NO_CONTENT
SCIENCES_TECHNOLOGIE,6E,COMMON,"Le vivant, sa diversité et les fonctions qui le caractérisent","Classer les organismes, exploiter les liens de parenté pour comprendre et expliquer l’évolution des organismes",ST.6E.VIV.la-cellule-une-structure-commune-aux-etres-vivants,"La cellule, une structure commune aux êtres vivants",PROVEN_OFFICIAL,SRC-C3-2020 | BO n°31 du 30 juillet 2020 — annexe 2 — NOR MENE2018714A,0,0,NO_CONTENT
SCIENCES_TECHNOLOGIE,6E,COMMON,"Le vivant, sa diversité et les fonctions qui le caractérisent",Décrire comment les êtres vivants se développent et deviennent aptes à se reproduire,ST.6E.VIV.differences-morphologiques-homme-femme-garcon-fille,"Différences morphologiques homme, femme, garçon, fille",PROVEN_OFFICIAL,SRC-C3-2020 | BO n°31 du 30 juillet 2020 — annexe 2 — NOR MENE2018714A,0,0,NO_CONTENT
SCIENCES_TECHNOLOGIE,6E,COMMON,"Le vivant, sa diversité et les fonctions qui le caractérisent",Décrire comment les êtres vivants se développent et deviennent aptes à se reproduire,ST.6E.VIV.modifications-de-lorganisation-et-du-fonctionnement-dune-plante-a-fleu,"Modifications de l’organisation et du fonctionnement d’une plante à fleurs ou d’un animal au cours du temps, en lien avec sa nutrition et sa reproduction",PROVEN_OFFICIAL,SRC-C3-2020 | BO n°31 du 30 juillet 2020 — annexe 2 — NOR MENE2018714A,0,0,NO_CONTENT
SCIENCES_TECHNOLOGIE,6E,COMMON,"Le vivant, sa diversité et les fonctions qui le caractérisent",Décrire comment les êtres vivants se développent et deviennent aptes à se reproduire,ST.6E.VIV.modifications-morphologiques-comportementales-et-physiologiques-lors-d,"Modifications morphologiques, comportementales et physiologiques lors de la puberté",PROVEN_OFFICIAL,SRC-C3-2020 | BO n°31 du 30 juillet 2020 — annexe 2 — NOR MENE2018714A,0,0,NO_CONTENT
SCIENCES_TECHNOLOGIE,6E,COMMON,"Le vivant, sa diversité et les fonctions qui le caractérisent",Décrire comment les êtres vivants se développent et deviennent aptes à se reproduire,ST.6E.VIV.role-respectif-des-deux-sexes-dans-la-reproduction,Rôle respectif des deux sexes dans la reproduction,PROVEN_OFFICIAL,SRC-C3-2020 | BO n°31 du 30 juillet 2020 — annexe 2 — NOR MENE2018714A,0,0,NO_CONTENT
SCIENCES_TECHNOLOGIE,6E,COMMON,"Le vivant, sa diversité et les fonctions qui le caractérisent",Expliquer les besoins variables en aliments de l’être humain ; l’origine et les techniques mises en œuvre pour transformer et conserver les aliments,ST.6E.VIV.hygiene-alimentaire,Hygiène alimentaire,PROVEN_OFFICIAL,SRC-C3-2020 | BO n°31 du 30 juillet 2020 — annexe 2 — NOR MENE2018714A,0,0,NO_CONTENT
SCIENCES_TECHNOLOGIE,6E,COMMON,"Le vivant, sa diversité et les fonctions qui le caractérisent",Expliquer les besoins variables en aliments de l’être humain ; l’origine et les techniques mises en œuvre pour transformer et conserver les aliments,ST.6E.VIV.quelques-techniques-permettant-deviter-la-proliferation-des-microorgan,Quelques techniques permettant d’éviter la prolifération des microorganismes,PROVEN_OFFICIAL,SRC-C3-2020 | BO n°31 du 30 juillet 2020 — annexe 2 — NOR MENE2018714A,0,0,NO_CONTENT
SCIENCES_TECHNOLOGIE,6E,COMMON,"Le vivant, sa diversité et les fonctions qui le caractérisent","Le vivant, sa diversité et les fonctions qui le caractérisent",ST.6E.VIV.classer-les-organismes-exploiter-les-liens-de-parente-pour-comprendre,"Classer les organismes, exploiter les liens de parenté pour comprendre et expliquer l’évolution des organismes",PROVEN_OFFICIAL,SRC-C3-2020 | BO n°31 du 30 juillet 2020 — annexe 2 — NOR MENE2018714A,0,0,NO_CONTENT
SCIENCES_TECHNOLOGIE,6E,COMMON,"Le vivant, sa diversité et les fonctions qui le caractérisent","Le vivant, sa diversité et les fonctions qui le caractérisent",ST.6E.VIV.decrire-comment-les-etres-vivants-se-developpent-et-deviennent-aptes-a,Décrire comment les êtres vivants se développent et deviennent aptes à se reproduire,PROVEN_OFFICIAL,SRC-C3-2020 | BO n°31 du 30 juillet 2020 — annexe 2 — NOR MENE2018714A,0,0,NO_CONTENT
SCIENCES_TECHNOLOGIE,6E,COMMON,"Le vivant, sa diversité et les fonctions qui le caractérisent","Le vivant, sa diversité et les fonctions qui le caractérisent",ST.6E.VIV.expliquer-les-besoins-variables-en-aliments-de-letre-humain-lorigine-e,Expliquer les besoins variables en aliments de l’être humain ; l’origine et les techniques mises en œuvre pour transformer et conserver les aliments,PROVEN_OFFICIAL,SRC-C3-2020 | BO n°31 du 30 juillet 2020 — annexe 2 — NOR MENE2018714A,0,0,NO_CONTENT
SCIENCES_TECHNOLOGIE,6E,COMMON,"Le vivant, sa diversité et les fonctions qui le caractérisent","Le vivant, sa diversité et les fonctions qui le caractérisent",ST.6E.VIV.mettre-en-evidence-la-place-et-linterdependance-de-differents-etres-vi,Mettre en évidence la place et l’interdépendance de différents êtres vivants dans un réseau trophique,PROVEN_OFFICIAL,SRC-C3-2020 | BO n°31 du 30 juillet 2020 — annexe 2 — NOR MENE2018714A,0,0,NO_CONTENT
SCIENCES_TECHNOLOGIE,6E,COMMON,"Le vivant, sa diversité et les fonctions qui le caractérisent",Mettre en évidence l’interdépendance des différents êtres vivants dans un réseau trophique,ST.6E.VIV.besoins-alimentaires-des-animaux,Besoins alimentaires des animaux,PROVEN_OFFICIAL,SRC-C3-2020 | BO n°31 du 30 juillet 2020 — annexe 2 — NOR MENE2018714A,0,0,NO_CONTENT
SCIENCES_TECHNOLOGIE,6E,COMMON,"Le vivant, sa diversité et les fonctions qui le caractérisent",Mettre en évidence l’interdépendance des différents êtres vivants dans un réseau trophique,ST.6E.VIV.besoins-des-organismes-chlorophylliens-lumiere-eau-sels-mineraux-dioxy,"Besoins des organismes chlorophylliens : lumière, eau, sels minéraux, dioxyde de carbone",PROVEN_OFFICIAL,SRC-C3-2020 | BO n°31 du 30 juillet 2020 — annexe 2 — NOR MENE2018714A,0,0,NO_CONTENT
SCIENCES_TECHNOLOGIE,6E,COMMON,"Le vivant, sa diversité et les fonctions qui le caractérisent",Mettre en évidence l’interdépendance des différents êtres vivants dans un réseau trophique,ST.6E.VIV.decomposeurs,Décomposeurs,PROVEN_OFFICIAL,SRC-C3-2020 | BO n°31 du 30 juillet 2020 — annexe 2 — NOR MENE2018714A,0,0,NO_CONTENT
SCIENCES_TECHNOLOGIE,6E,COMMON,"Le vivant, sa diversité et les fonctions qui le caractérisent",Mettre en évidence l’interdépendance des différents êtres vivants dans un réseau trophique,ST.6E.VIV.devenir-de-la-matiere-dun-organisme-lorsquil-est-mort,Devenir de la matière d’un organisme lorsqu’il est mort,PROVEN_OFFICIAL,SRC-C3-2020 | BO n°31 du 30 juillet 2020 — annexe 2 — NOR MENE2018714A,0,0,NO_CONTENT
SCIENCES_TECHNOLOGIE,5E,,,,,enseignement du cycle 3 uniquement (6e dans le périmètre),,,0,0,NOT_APPLICABLE
SCIENCES_TECHNOLOGIE,4E,,,,,enseignement du cycle 3 uniquement (6e dans le périmètre),,,0,0,NOT_APPLICABLE
SCIENCES_TECHNOLOGIE,3E,,,,,enseignement du cycle 3 uniquement (6e dans le périmètre),,,0,0,NOT_APPLICABLE
SCIENCES_TECHNOLOGIE,2NDE,,,,,enseignement du cycle 3 uniquement (6e dans le périmètre),,,0,0,NOT_APPLICABLE
SCIENCES_TECHNOLOGIE,1RE,,,,,enseignement du cycle 3 uniquement (6e dans le périmètre),,,0,0,NOT_APPLICABLE
SCIENCES_TECHNOLOGIE,TLE,,,,,enseignement du cycle 3 uniquement (6e dans le périmètre),,,0,0,NOT_APPLICABLE
ENSEIGNEMENT_SCIENTIFIQUE,CP,,,,,tronc commun de 1re et Terminale uniquement,,,0,0,NOT_APPLICABLE
ENSEIGNEMENT_SCIENTIFIQUE,CE1,,,,,tronc commun de 1re et Terminale uniquement,,,0,0,NOT_APPLICABLE
ENSEIGNEMENT_SCIENTIFIQUE,CE2,,,,,tronc commun de 1re et Terminale uniquement,,,0,0,NOT_APPLICABLE
ENSEIGNEMENT_SCIENTIFIQUE,CM1,,,,,tronc commun de 1re et Terminale uniquement,,,0,0,NOT_APPLICABLE
ENSEIGNEMENT_SCIENTIFIQUE,CM2,,,,,tronc commun de 1re et Terminale uniquement,,,0,0,NOT_APPLICABLE
ENSEIGNEMENT_SCIENTIFIQUE,6E,,,,,tronc commun de 1re et Terminale uniquement,,,0,0,NOT_APPLICABLE
ENSEIGNEMENT_SCIENTIFIQUE,5E,,,,,tronc commun de 1re et Terminale uniquement,,,0,0,NOT_APPLICABLE
ENSEIGNEMENT_SCIENTIFIQUE,4E,,,,,tronc commun de 1re et Terminale uniquement,,,0,0,NOT_APPLICABLE
ENSEIGNEMENT_SCIENTIFIQUE,3E,,,,,tronc commun de 1re et Terminale uniquement,,,0,0,NOT_APPLICABLE
ENSEIGNEMENT_SCIENTIFIQUE,2NDE,,,,,tronc commun de 1re et Terminale uniquement,,,0,0,NOT_APPLICABLE
ENSEIGNEMENT_SCIENTIFIQUE,1RE,,,,,aucune notion dans le registre,,,0,0,NO_NOTION
ENSEIGNEMENT_SCIENTIFIQUE,TLE,,,,,aucune notion dans le registre,,,0,0,NO_NOTION
